review_id,subreddit,brand,user_type,rating,review_text,url
RSS_CBMipwFBVV95cUxQNzNVR2dUR2o0bkxsLVFRYmhONTBQNllySGYtTnpSbW4yUFZad19iZWtiQndmLVhRWnB3QWlRcEtOQ0owZ08tTExTNE5STWZXSWdpZERrZE5vRDRnUmt5Nk9hX01EUl9jUENzVHh2YXB3LVJ6SldXbk9SRVV3STVla0h5bjZUQnFzZWp2OTJTYU90Z01EWUJyZVZWdHV6UWFqaUF1SG5EUQ,r/Homebuilding,Havells,Homebuilder / Designer,4,can i insist on having my electrical outlets and light switches installed with wago nuts? - Reddit,https://news.google.com/rss/articles/CBMipwFBVV95cUxQNzNVR2dUR2o0bkxsLVFRYmhONTBQNllySGYtTnpSbW4yUFZad19iZWtiQndmLVhRWnB3QWlRcEtOQ0owZ08tTExTNE5STWZXSWdpZERrZE5vRDRnUmt5Nk9hX01EUl9jUENzVHh2YXB3LVJ6SldXbk9SRVV3STVla0h5bjZUQnFzZWp2OTJTYU90Z01EWUJyZVZWdHV6UWFqaUF1SG5EUQ?oc=5
RSS_CBMinAFBVV95cUxQWmVhSWZfZEFScXc2aFJhWlZqdlVueFJzNkUtTnliemZKZ0dvdWUzSHdIbjVjMlJRbXdBSUZSWVFFdVZLcWMzZU93cFUyVHNKYlVrc1lyUTB2VVVBek00QXdwX0FMUzhUN25MNm0wSVVtdkFiUEh1ZXJKbnBUMk9tR0RLbWpER0pPdXAtaUZSNmhGSURHYlpoclRYOU0,r/Homebuilding,Havells,Homebuilder / Designer,4,Should every light fixture have a switch? - Reddit,https://news.google.com/rss/articles/CBMinAFBVV95cUxQWmVhSWZfZEFScXc2aFJhWlZqdlVueFJzNkUtTnliemZKZ0dvdWUzSHdIbjVjMlJRbXdBSUZSWVFFdVZLcWMzZU93cFUyVHNKYlVrc1lyUTB2VVVBek00QXdwX0FMUzhUN25MNm0wSVVtdkFiUEh1ZXJKbnBUMk9tR0RLbWpER0pPdXAtaUZSNmhGSURHYlpoclRYOU0?oc=5
RSS_CBMipgFBVV95cUxPRmU2REI0RXZLN09wMEVJZ3VueW00ZGV6WFVMa1Y5TDZza3h0cU5VM1c1NVJob0dBT21EOFBXUnZ5U2pfRk5fWFpUMVpNYmhUM29ycjBBakNCX2hvem9QSV9CdG4zZVNFRnJ0TEl6X1VjWkNSN3pXcmtWLW5CRmFwOUJZQ3h0Z2hiaDk0SDJyWXNEU0xRRmpHdElSY2tsNE4tY1lXOWJR,r/Homebuilding,Havells,Homebuilder / Designer,4,What would be the easiest way to fix electrical box that sticks out too far causing the switch plates to not be flush to the wall? - Reddit,https://news.google.com/rss/articles/CBMipgFBVV95cUxPRmU2REI0RXZLN09wMEVJZ3VueW00ZGV6WFVMa1Y5TDZza3h0cU5VM1c1NVJob0dBT21EOFBXUnZ5U2pfRk5fWFpUMVpNYmhUM29ycjBBakNCX2hvem9QSV9CdG4zZVNFRnJ0TEl6X1VjWkNSN3pXcmtWLW5CRmFwOUJZQ3h0Z2hiaDk0SDJyWXNEU0xRRmpHdElSY2tsNE4tY1lXOWJR?oc=5
RSS_CBMijAFBVV95cUxPWmFmOGVmVjRrcjVHeFpxVGt5Ymdsa1MwV1lkN2N0OWNfWkZ2OFpadWtyWXl0VERCS05tRDg5RFN6S0Z5RlVDTVRMdzdPd1ZRakN5dzlPRkVoTG85ZmFRTlZHcmh5dXc5ME56U3FGU3JhUk1iS1BNVkdKWkRyYnB3YXlwckJGU3QxQy14Vg,r/Homebuilding,Havells,Homebuilder / Designer,4,Useful outlet/switch locations? - Reddit,https://news.google.com/rss/articles/CBMijAFBVV95cUxPWmFmOGVmVjRrcjVHeFpxVGt5Ymdsa1MwV1lkN2N0OWNfWkZ2OFpadWtyWXl0VERCS05tRDg5RFN6S0Z5RlVDTVRMdzdPd1ZRakN5dzlPRkVoTG85ZmFRTlZHcmh5dXc5ME56U3FGU3JhUk1iS1BNVkdKWkRyYnB3YXlwckJGU3QxQy14Vg?oc=5
RSS_CBMinwFBVV95cUxPOWpOcG9XX1FGMkhKSEpScWhISDJvbmlQNmIwWV9feFNJU2xZRW11bFRYSVRVRWhhZjJTVm53TFVWUzJEQmo1b1lZbmZjXzl1R05tU0I2MVA5VEhXajBmSnlhZkFzYnhUcy1wOFlhcUVSWHlPcnlVZWliTFplMnhHaG5nUEJ2b0NOZHdPcU01Y0V5UE9ueHRrdW9RVkNJYW8,r/Homebuilding,GM,Homebuilder / Designer,4,True/False - new build rooms don't come with a dedicated fan wall switch since everything is supposedly smart - Reddit,https://news.google.com/rss/articles/CBMinwFBVV95cUxPOWpOcG9XX1FGMkhKSEpScWhISDJvbmlQNmIwWV9feFNJU2xZRW11bFRYSVRVRWhhZjJTVm53TFVWUzJEQmo1b1lZbmZjXzl1R05tU0I2MVA5VEhXajBmSnlhZkFzYnhUcy1wOFlhcUVSWHlPcnlVZWliTFplMnhHaG5nUEJ2b0NOZHdPcU01Y0V5UE9ueHRrdW9RVkNJYW8?oc=5
RSS_CBMinwFBVV95cUxNX2RFMDFlMU1tY3RzMVBUOXBLc0REc01saXA0ZXk1eWdQRC1DNEhwY00wN2s3Szg3Rkx5WTVfOHdhTGlDQWp5cU0yMzM0WmlMRlhOWW1nVkJpRTl1UlVQdGNsMXVyX3l4LWtQU050bXJuTkN5c29vVE12cXR1LVIta25FVXRKQXNmODhGc0pKZkVYcEVrSnlLTjZqc2x0dzA,r/Homebuilding,Havells,Homebuilder / Designer,4,"Ceiling fans and prewires, am I the only one frustrated? - Reddit",https://news.google.com/rss/articles/CBMinwFBVV95cUxNX2RFMDFlMU1tY3RzMVBUOXBLc0REc01saXA0ZXk1eWdQRC1DNEhwY00wN2s3Szg3Rkx5WTVfOHdhTGlDQWp5cU0yMzM0WmlMRlhOWW1nVkJpRTl1UlVQdGNsMXVyX3l4LWtQU050bXJuTkN5c29vVE12cXR1LVIta25FVXRKQXNmODhGc0pKZkVYcEVrSnlLTjZqc2x0dzA?oc=5
RSS_CBMipAFBVV95cUxOS2hqRUV0NnhFaFZRajhBa3RLVWxhVDBKano3alBONjg5YjRQRjZJeV9naFd5YXBqd3RyV3NzUXNxTlZXeWw5b1p1dDZod1ptaGZGa3YtNFYwb1RnemNEd21sdkR5dUFvYTA3MTlOVnJXSC1uZV9VVGxLVnk3WDhzQ1YtU2hfODBKNWQwc2pLNWpodDJ1VEpxZTNRN244VWhUV0FXag,r/Homebuilding,Havells,Homebuilder / Designer,4,Would these light switches not having the same orientation bother you? - Reddit,https://news.google.com/rss/articles/CBMipAFBVV95cUxOS2hqRUV0NnhFaFZRajhBa3RLVWxhVDBKano3alBONjg5YjRQRjZJeV9naFd5YXBqd3RyV3NzUXNxTlZXeWw5b1p1dDZod1ptaGZGa3YtNFYwb1RnemNEd21sdkR5dUFvYTA3MTlOVnJXSC1uZV9VVGxLVnk3WDhzQ1YtU2hfODBKNWQwc2pLNWpodDJ1VEpxZTNRN244VWhUV0FXag?oc=5
RSS_CBMipgFBVV95cUxNNXEtajgwNjJtUWpnSzhCQVVTUGZZRlZONF9jVExUTVk4eUdwWXl4QklTbXQ3Vm1peFNYWk5VSzNDYmFjbUVNOW9NYXd3VjhueDZwcHVxNHVyUVlNTS1jTWhsMy1meGJmMTA4WW8xR0ZHbnZoenJnaFJJQzY1S3dQZTFUa3NUYzJHbGJ1MGRQcDVPSGRmdTF1X2tWLU1HOVZZelJIS0tB,r/Homebuilding,Havells,Homebuilder / Designer,4,Will be getting well water - should I get a power switch to turn the system off when I go away for a while? - Reddit,https://news.google.com/rss/articles/CBMipgFBVV95cUxNNXEtajgwNjJtUWpnSzhCQVVTUGZZRlZONF9jVExUTVk4eUdwWXl4QklTbXQ3Vm1peFNYWk5VSzNDYmFjbUVNOW9NYXd3VjhueDZwcHVxNHVyUVlNTS1jTWhsMy1meGJmMTA4WW8xR0ZHbnZoenJnaFJJQzY1S3dQZTFUa3NUYzJHbGJ1MGRQcDVPSGRmdTF1X2tWLU1HOVZZelJIS0tB?oc=5
RSS_CBMipgFBVV95cUxNOXhQcklPakk5b3o4Y2V3cjlOYl9pNzNSQjVMWnZJRGNmNVJTcVBNRzZoeG9QWkNBdktWeFNjTkZFZWNqb2h3T0VHV0ZmRnhicjExc3EzY0RPVkQ5SWx0a2J2RGhqNkJzUm9OVVF1bjREREV3VmVBVmFlaUhrb1BYOE5XRnFuaUdQOVFpbnVrcm56RUhNN1JaRC01YzNlX20yMjltQU53,r/Homebuilding,Havells,Homebuilder / Designer,4,Building a new home and they installed the light switches like this in our master bathroom. - Reddit,https://news.google.com/rss/articles/CBMipgFBVV95cUxNOXhQcklPakk5b3o4Y2V3cjlOYl9pNzNSQjVMWnZJRGNmNVJTcVBNRzZoeG9QWkNBdktWeFNjTkZFZWNqb2h3T0VHV0ZmRnhicjExc3EzY0RPVkQ5SWx0a2J2RGhqNkJzUm9OVVF1bjREREV3VmVBVmFlaUhrb1BYOE5XRnFuaUdQOVFpbnVrcm56RUhNN1JaRC01YzNlX20yMjltQU53?oc=5
RSS_CBMickFVX3lxTE5zbUpOdm90SWdJTWVQakxGSVFJaW91aTRzWHZENW5KdXEzUzNoY0l1dFRXdUxvVUFWY3hJN0RkNmdSQUZ5NE5wLXJWLWtNYS1NbW5NSUU4alFHZGVRVWZoRjVxMWlaOEFIRWJmeFJwR1ZTUQ,r/Homebuilding,Havells,Homebuilder / Designer,4,Halo Home - Reddit,https://news.google.com/rss/articles/CBMickFVX3lxTE5zbUpOdm90SWdJTWVQakxGSVFJaW91aTRzWHZENW5KdXEzUzNoY0l1dFRXdUxvVUFWY3hJN0RkNmdSQUZ5NE5wLXJWLWtNYS1NbW5NSUU4alFHZGVRVWZoRjVxMWlaOEFIRWJmeFJwR1ZTUQ?oc=5
RSS_CBMipgFBVV95cUxNZTJvSEpteFlIUFVWTWZ0RWVuSVlZQ21nT05Yb2cyLXNfQk5zS25HMjFza0lMc0pnYTNtZWFJd1JxZ2FFeENBT211OTVqUWNYRXVSdUROSjdfaW9zd2ZnMG5jRmJwSXVTTTdZUUNmbEcxWF9FN0dnU1otQzNsUTV6cmplRV9zWHd5YXRwVGZQMzhkaUZ3ai1aOVVuLXRzeTMtdVloMjN3,r/Homebuilding,Havells,Homebuilder / Designer,4,How do I get this light switch plate flush with the wall? - Reddit,https://news.google.com/rss/articles/CBMipgFBVV95cUxNZTJvSEpteFlIUFVWTWZ0RWVuSVlZQ21nT05Yb2cyLXNfQk5zS25HMjFza0lMc0pnYTNtZWFJd1JxZ2FFeENBT211OTVqUWNYRXVSdUROSjdfaW9zd2ZnMG5jRmJwSXVTTTdZUUNmbEcxWF9FN0dnU1otQzNsUTV6cmplRV9zWHd5YXRwVGZQMzhkaUZ3ai1aOVVuLXRzeTMtdVloMjN3?oc=5
RSS_CBMipwFBVV95cUxOQnB4TXhaMFlNZjFLYUxMS2t2SEhDOXRGWmhJUmE0TUV5dDhSM19mQ2VQWlc5UzBlSU81R1RKdGFlZ2QzUUxLWlBvVWx5Z0o3OXFoX01pd0Z3WmhGVzRiWTVhRnBmQ1FfeHNhZVZiaUwtbzNkbmNWY2N2eFM2RlVpSm11LTE5TjFEdThKaGhsc2oxTWx1UXRnMGdIXzdSZDNuVzNLc2lNaw,r/Homebuilding,Havells,Homebuilder / Designer,4,Cost to install smart switches vs normal switches on new construction - Reddit,https://news.google.com/rss/articles/CBMipwFBVV95cUxOQnB4TXhaMFlNZjFLYUxMS2t2SEhDOXRGWmhJUmE0TUV5dDhSM19mQ2VQWlc5UzBlSU81R1RKdGFlZ2QzUUxLWlBvVWx5Z0o3OXFoX01pd0Z3WmhGVzRiWTVhRnBmQ1FfeHNhZVZiaUwtbzNkbmNWY2N2eFM2RlVpSm11LTE5TjFEdThKaGhsc2oxTWx1UXRnMGdIXzdSZDNuVzNLc2lNaw?oc=5
RSS_CBMipwFBVV95cUxPU0loX0FidFVWcE96b0w4ZlR6aGpScXJkeUFRVlNXMTlQYlV6Z1lQVE5DOVdIRmdtYWhsaVJBNFR1TlVLZFF6c2VpU0x5ck9UYTJPM1lkUHUzZm1kVk0tVENETmtGcXJyenlXNDFQSWp6di05cFVjNV9EZURlMTlXYWczd3lwVnBxOWdoZ0d0RUJWOGhjU1U4MXEzcGJZVkktLTRJbGNwaw,r/Homebuilding,Havells,Homebuilder / Designer,4,Advice on Buying a Water Level Sensor and Switch for a 3000 Gallon Water Storage Tank - Reddit,https://news.google.com/rss/articles/CBMipwFBVV95cUxPU0loX0FidFVWcE96b0w4ZlR6aGpScXJkeUFRVlNXMTlQYlV6Z1lQVE5DOVdIRmdtYWhsaVJBNFR1TlVLZFF6c2VpU0x5ck9UYTJPM1lkUHUzZm1kVk0tVENETmtGcXJyenlXNDFQSWp6di05cFVjNV9EZURlMTlXYWczd3lwVnBxOWdoZ0d0RUJWOGhjU1U4MXEzcGJZVkktLTRJbGNwaw?oc=5
RSS_CBMilwFBVV95cUxNeVFEZWJSRk5zcFFZYy1aS3NaV1llRWZLLXhvVDI1a19qQ1lweWVDaU9QcVBqdHplWlVCNWJKQzZlWEluc1RDd09LU2tUZWJ2T3g1OU42a3VlaGV6Rld1RF9nbldmZXdFWnBxQkdESlVhZDVmWXhscjBKTlB3cjZkdm1CVTF6WmIzdlpkUEk5a2t6em9zTlow,r/Homebuilding,Havells,Homebuilder / Designer,4,Electrical walk thru in Framing Phase - Reddit,https://news.google.com/rss/articles/CBMilwFBVV95cUxNeVFEZWJSRk5zcFFZYy1aS3NaV1llRWZLLXhvVDI1a19qQ1lweWVDaU9QcVBqdHplWlVCNWJKQzZlWEluc1RDd09LU2tUZWJ2T3g1OU42a3VlaGV6Rld1RF9nbldmZXdFWnBxQkdESlVhZDVmWXhscjBKTlB3cjZkdm1CVTF6WmIzdlpkUEk5a2t6em9zTlow?oc=5
RSS_CBMipgFBVV95cUxPM0x0R29TTXJ5Y1NLMWFzOE4wN005YkdIeGV3dFhpMEh0MjFXX2xvd0VvNXpscm9LVGQzUVFnQW9peGVDaFdwU09GSXBqYnpWMFNMdHlmYlZXWXV6UktqUDdiR0xaeWRHcVNTWG9jUFl1T3BpSEdZX2dSN3E0NF9ESEdiZ1FTLXBqMDJNWDNtV085NHFOcVEzVVAwaXFiTWUzLWZDOVlR,r/Homebuilding,Havells,Homebuilder / Designer,4,Leviton Smart Breakers - What has your experience been like? - Reddit,https://news.google.com/rss/articles/CBMipgFBVV95cUxPM0x0R29TTXJ5Y1NLMWFzOE4wN005YkdIeGV3dFhpMEh0MjFXX2xvd0VvNXpscm9LVGQzUVFnQW9peGVDaFdwU09GSXBqYnpWMFNMdHlmYlZXWXV6UktqUDdiR0xaeWRHcVNTWG9jUFl1T3BpSEdZX2dSN3E0NF9ESEdiZ1FTLXBqMDJNWDNtV085NHFOcVEzVVAwaXFiTWUzLWZDOVlR?oc=5
RSS_CBMihwFBVV95cUxNUXc0dGpQRjZiTzdtVTZvajNqNFZGM1hvcUh4bE5RT09OcE9LNmllSkxkMzRyRVVIRmVIaDVfSTdzUHkyQk1KZHRCZU5UeWpMd25qaTYwdmk5b2MyNkU3dXFsSHJET0pFdWoxN3FmeHZKb3doczlqZmUyZGxDVjRVdmZKaUJ4T00,r/Homebuilding,GM,Homebuilder / Designer,4,Door jamb light switches - Reddit,https://news.google.com/rss/articles/CBMihwFBVV95cUxNUXc0dGpQRjZiTzdtVTZvajNqNFZGM1hvcUh4bE5RT09OcE9LNmllSkxkMzRyRVVIRmVIaDVfSTdzUHkyQk1KZHRCZU5UeWpMd25qaTYwdmk5b2MyNkU3dXFsSHJET0pFdWoxN3FmeHZKb3doczlqZmUyZGxDVjRVdmZKaUJ4T00?oc=5
RSS_CBMinwFBVV95cUxQcmxCTk1jWm1VaEFDbW9ZU0haTUp5OTEza2p5THFNcjlxUk1vTkNCTDNuSFF1N0tya0xOQm1VS05HTzhrd3ZFQV9hbUc4ODg1N3hsdTZIeEdPM0lqak4xRkVJNFJPVlRXQzhNazdPMG1aMHRsLUtnMjBGN1JPTS11VE9GM29IS19uSlpHM0J3dnAycjU5bTl5b3ZfVjhPMTg,r/Homebuilding,GM,Homebuilder / Designer,4,That code that says you cannot have island outlets in the sides. No one's enforcing? - Reddit,https://news.google.com/rss/articles/CBMinwFBVV95cUxQcmxCTk1jWm1VaEFDbW9ZU0haTUp5OTEza2p5THFNcjlxUk1vTkNCTDNuSFF1N0tya0xOQm1VS05HTzhrd3ZFQV9hbUc4ODg1N3hsdTZIeEdPM0lqak4xRkVJNFJPVlRXQzhNazdPMG1aMHRsLUtnMjBGN1JPTS11VE9GM29IS19uSlpHM0J3dnAycjU5bTl5b3ZfVjhPMTg?oc=5
RSS_CBMinwFBVV95cUxPQy1QdTIyNFZuMFo1VTJQSWM2NFJlZ2ZsX2JWdkhReTNuUnlrWHhpc2xHb05LVDVjOEdHZExVRm0wMlpRSWs0ZjV4czBRLXhtU25wMkM0cHVraFJYVHUzTGFiYmJkS2ZFb3htb0kxZlkwdjAzYWhrTENnRUdEeVFqYlFBXzZCWHVvaFlUTmRhQTlGYl9EMWFXR1d4NkR2N3M,r/Homebuilding,Havells,Homebuilder / Designer,4,Faucet drilled in wrong spot on countertop. - Reddit,https://news.google.com/rss/articles/CBMinwFBVV95cUxPQy1QdTIyNFZuMFo1VTJQSWM2NFJlZ2ZsX2JWdkhReTNuUnlrWHhpc2xHb05LVDVjOEdHZExVRm0wMlpRSWs0ZjV4czBRLXhtU25wMkM0cHVraFJYVHUzTGFiYmJkS2ZFb3htb0kxZlkwdjAzYWhrTENnRUdEeVFqYlFBXzZCWHVvaFlUTmRhQTlGYl9EMWFXR1d4NkR2N3M?oc=5
RSS_CBMikwFBVV95cUxOdVhRWS1GMzBkM2lnZ3RMV190ZWsxODJpeVFqRnZSU1E1NThreUd0eGhBV0tJYTg2NFFqTFNiM2NVTlo0VHM3eGJ3SGV2cVNrdkZyQ01jcDgyWjA1MkxWeXFIMFJ5NEgybUdGNGdwVldrc1NqTDFEZXB5b1hvMGg3bExNME5ub0QxSldES2N6M3F0WGM,r/Homebuilding,GM,Homebuilder / Designer,4,Floor Plan Feedback and Questions - Reddit,https://news.google.com/rss/articles/CBMikwFBVV95cUxOdVhRWS1GMzBkM2lnZ3RMV190ZWsxODJpeVFqRnZSU1E1NThreUd0eGhBV0tJYTg2NFFqTFNiM2NVTlo0VHM3eGJ3SGV2cVNrdkZyQ01jcDgyWjA1MkxWeXFIMFJ5NEgybUdGNGdwVldrc1NqTDFEZXB5b1hvMGg3bExNME5ub0QxSldES2N6M3F0WGM?oc=5
RSS_CBMilAFBVV95cUxQa2UxUU5XT1lReV92XzdtYWlLX1FrU0ZuNzRzSVUzTklZVmRPbE1kd3d4aU9XOC04YkxQNEZnOFZWLVVuSHBxYndKMVlrTkhtSFF3Wl9QcE9zODd1SWRsWUIzTDBwSTduc2ZMd3Awb1JfZXdGTnVBYjZjYUo1UTZDM1NaQ2g2T0xhMEVvTy04aTFCdk1f,r/Homebuilding,Havells,Homebuilder / Designer,4,Glossy or Matte Lightswitch Covers? - Reddit,https://news.google.com/rss/articles/CBMilAFBVV95cUxQa2UxUU5XT1lReV92XzdtYWlLX1FrU0ZuNzRzSVUzTklZVmRPbE1kd3d4aU9XOC04YkxQNEZnOFZWLVVuSHBxYndKMVlrTkhtSFF3Wl9QcE9zODd1SWRsWUIzTDBwSTduc2ZMd3Awb1JfZXdGTnVBYjZjYUo1UTZDM1NaQ2g2T0xhMEVvTy04aTFCdk1f?oc=5
RSS_CBMiqAFBVV95cUxQYmZ3OWxNa05WNHJOZzB4OTJ0VWRYSTlld2NuS1liYUVlcTFicy1lOVExMVV5ZDZqa2FsazNWQ01GM0dXNjhtUHFNcHJFWGpVU1ZmcUw3ZTBDWVJuTUs5eWI3Q2JTdEwxWWRwMDhWYUg0cEFwOU91b3NLV0tMZzJlbTdyZWZxN2NQdi1EQnE4d1gxaU1sXy1oSkxTX3lMQmdDaTlpWm5yV2k,r/Homebuilding,GM,Homebuilder / Designer,4,"What are standard heights for 2 or even 3 rows of light/fan switches? Also, what to do about a bank of switches on a wall that is where a countertop peninsula set will be next to? - Reddit",https://news.google.com/rss/articles/CBMiqAFBVV95cUxQYmZ3OWxNa05WNHJOZzB4OTJ0VWRYSTlld2NuS1liYUVlcTFicy1lOVExMVV5ZDZqa2FsazNWQ01GM0dXNjhtUHFNcHJFWGpVU1ZmcUw3ZTBDWVJuTUs5eWI3Q2JTdEwxWWRwMDhWYUg0cEFwOU91b3NLV0tMZzJlbTdyZWZxN2NQdi1EQnE4d1gxaU1sXy1oSkxTX3lMQmdDaTlpWm5yV2k?oc=5
RSS_CBMiogFBVV95cUxNZ2Z5OXpibEM3anNlN1hLUnpPQTBld1RuQnIxMms2VkxHQXhpUW1UdlFoMFI3ZjI5ZE5xa2xEbng4WktCRVZabmlYUDdZZjdjaFZCUzJxazdCVWpmTXRSY3N4bkNWQTZlOXJrcThMYkxUcjY3Qm5wSmFSZU5ncG9fN1NudmtZMzROTHJTS0lJaVNCTHNQTUZ3LThXR2g5WGhfMEE,r/Homebuilding,Havells,Homebuilder / Designer,4,another backsplash/counter/light switch/cabinet scenario. - Reddit,https://news.google.com/rss/articles/CBMiogFBVV95cUxNZ2Z5OXpibEM3anNlN1hLUnpPQTBld1RuQnIxMms2VkxHQXhpUW1UdlFoMFI3ZjI5ZE5xa2xEbng4WktCRVZabmlYUDdZZjdjaFZCUzJxazdCVWpmTXRSY3N4bkNWQTZlOXJrcThMYkxUcjY3Qm5wSmFSZU5ncG9fN1NudmtZMzROTHJTS0lJaVNCTHNQTUZ3LThXR2g5WGhfMEE?oc=5
RSS_CBMipwFBVV95cUxOWExldUNodzZlSU1FdnJKZjV6a25ReEZOVkppUjBpSGRIZmN3T3AtblJQZzBVc2VOS0NKeE9iNUczRU45c1Q5WTZNRHdQcjd4VExPRk1GVTVVTExNLVBjQkE2RmxBZ0dYZElNVXp4YnA1S1U3dzFOTm5rRkVoaXNhNmhMbzRMaHc0bnA0NllKMFhzRzF5ZEJKdklMcUNnSEd3aENOdHMtNA,r/Homebuilding,Havells,Homebuilder / Designer,4,"Simple under cabinet lighting that is bright, has a switch, and is hardwired. Options? - Reddit",https://news.google.com/rss/articles/CBMipwFBVV95cUxOWExldUNodzZlSU1FdnJKZjV6a25ReEZOVkppUjBpSGRIZmN3T3AtblJQZzBVc2VOS0NKeE9iNUczRU45c1Q5WTZNRHdQcjd4VExPRk1GVTVVTExNLVBjQkE2RmxBZ0dYZElNVXp4YnA1S1U3dzFOTm5rRkVoaXNhNmhMbzRMaHc0bnA0NllKMFhzRzF5ZEJKdklMcUNnSEd3aENOdHMtNA?oc=5
RSS_CBMimwFBVV95cUxQTXZnMkJzOXYzdkl1Qy1yZFlhNVJ1REhMb2VSa2lKeTF2bmdWZ1BtWm5lVkFQaVZoVzlfWFhCYXZ1bzEyWEhYWmtMYWdOLVFqT2FZU1c0TkdOdk5uTzhqMm9sVm5XM0haYnpzaGxrZnAtVUZsVUo5RXJ2ZDhFTzh3LVJmRmpnWm9sWVF0dXF5OGkyVVVzNzdRdnZrcw,r/Homebuilding,Havells,Homebuilder / Designer,4,"For anyone considering installing ""smart"" plugs/switches/lights in your build, be aware the WeMo Smart Home Devices from Belkin are done as of 1/31/26. - Reddit",https://news.google.com/rss/articles/CBMimwFBVV95cUxQTXZnMkJzOXYzdkl1Qy1yZFlhNVJ1REhMb2VSa2lKeTF2bmdWZ1BtWm5lVkFQaVZoVzlfWFhCYXZ1bzEyWEhYWmtMYWdOLVFqT2FZU1c0TkdOdk5uTzhqMm9sVm5XM0haYnpzaGxrZnAtVUZsVUo5RXJ2ZDhFTzh3LVJmRmpnWm9sWVF0dXF5OGkyVVVzNzdRdnZrcw?oc=5
RSS_CBMipAFBVV95cUxOY0RvZ3ljeEtLOXh5S0NtVHRXS0Z2TkJHM3pqa0R3LTV5d1V1X0t1dVdKZm5heERtMm9tNUxqQ1hGTnJ1andyY1VkN1lNLXBxYUNFZ0htTW1JWU9Ra3pEVEFUOTFTWnBVelB5YVlOVDRCYmNBWFJ0UWNwb2tsOVNzUHRKcUVzSWZPOGN3VHdUZm4yaHB4Z3pzcHNUMm1PRU0zMjJrTw,r/Homebuilding,Havells,Homebuilder / Designer,4,Any research study on value of 9' vs 8' ceilings? Possibly a classic bait and switch by builder. - Reddit,https://news.google.com/rss/articles/CBMipAFBVV95cUxOY0RvZ3ljeEtLOXh5S0NtVHRXS0Z2TkJHM3pqa0R3LTV5d1V1X0t1dVdKZm5heERtMm9tNUxqQ1hGTnJ1andyY1VkN1lNLXBxYUNFZ0htTW1JWU9Ra3pEVEFUOTFTWnBVelB5YVlOVDRCYmNBWFJ0UWNwb2tsOVNzUHRKcUVzSWZPOGN3VHdUZm4yaHB4Z3pzcHNUMm1PRU0zMjJrTw?oc=5
RSS_CBMiggFBVV95cUxPd3ZxMHBXbHJ5RHE4cWpQYW5XbU10cUhCdUVDU1l4OGc3MG1CTlRreUZRTFVXUUVZUUtlLVZZemktZnlXemp5Q1ZfR1RCYUVsUGNGUmlaOG9lTFBSZWRvcUdITFN1N0ZsODRzRjZnLUFkcWczZmRMREQ3SFRvcU91bl9R,r/Homebuilding,Havells,Homebuilder / Designer,4,Window and Door Swap - Reddit,https://news.google.com/rss/articles/CBMiggFBVV95cUxPd3ZxMHBXbHJ5RHE4cWpQYW5XbU10cUhCdUVDU1l4OGc3MG1CTlRreUZRTFVXUUVZUUtlLVZZemktZnlXemp5Q1ZfR1RCYUVsUGNGUmlaOG9lTFBSZWRvcUdITFN1N0ZsODRzRjZnLUFkcWczZmRMREQ3SFRvcU91bl9R?oc=5
RSS_CBMingFBVV95cUxOYzZTRXlnbW9zWU41Slk4OWltMmx0TzFqQ3dvWXdHRmNZRDh4ZTNUYldvMW83WHhYeWJkWV81OWVOQ0VyMHAyV3dRd0JTbnZjYjFuLVJ6TkRzYXBoOURzblNDT1NIYXJ2RDNVY21lbjRocy1xYkZ2Z0tsNlZpamhEd3ljdGpvYks3X09hcmNIeEFPQUtpak5Sbmg5YVpEZw,r/Homebuilding,Havells,Homebuilder / Designer,4,Fans with light that can be controlled by independent wall switches? - Reddit,https://news.google.com/rss/articles/CBMingFBVV95cUxOYzZTRXlnbW9zWU41Slk4OWltMmx0TzFqQ3dvWXdHRmNZRDh4ZTNUYldvMW83WHhYeWJkWV81OWVOQ0VyMHAyV3dRd0JTbnZjYjFuLVJ6TkRzYXBoOURzblNDT1NIYXJ2RDNVY21lbjRocy1xYkZ2Z0tsNlZpamhEd3ljdGpvYks3X09hcmNIeEFPQUtpak5Sbmg5YVpEZw?oc=5
RSS_CBMifEFVX3lxTE9jRFRMZzE4YjdURGU1QlBHRl9mQ1VuOGhvVDl3V1c5ZEhZckRRbC1OdGtMc0dhSlU2QTltUTc2N2VIOFRqNnVJYmkxRXRRODhCUWFzSTYxZV9lNmpDT3YzeEZaYW9DcDBLZTFGQ25XOUNKX04zSkVoTFJ5T2Y,r/Homebuilding,Havells,Homebuilder / Designer,4,Cool home add-ons - Reddit,https://news.google.com/rss/articles/CBMifEFVX3lxTE9jRFRMZzE4YjdURGU1QlBHRl9mQ1VuOGhvVDl3V1c5ZEhZckRRbC1OdGtMc0dhSlU2QTltUTc2N2VIOFRqNnVJYmkxRXRRODhCUWFzSTYxZV9lNmpDT3YzeEZaYW9DcDBLZTFGQ25XOUNKX04zSkVoTFJ5T2Y?oc=5
RSS_CBMikgFBVV95cUxPWjRvcThwLWc3QnVmMmtZYmpmRkU3WnkzQklGSHJTM1JfU3F2NTlXbDBGaDNvdERMUUNORHFiQ09hYXpfMVpnTllmOGhodXJmRjYxZnlJRzJDVUhhZDNmTkE5S0xjVGsxUXFTV2dZVW9qQXBKSzhBR09YbUNqOHF5VjBrcHlGbXpqODdkTWFLQnB1QQ,r/Homebuilding,Havells,Homebuilder / Designer,4,Question about Electrical Quotes - Reddit,https://news.google.com/rss/articles/CBMikgFBVV95cUxPWjRvcThwLWc3QnVmMmtZYmpmRkU3WnkzQklGSHJTM1JfU3F2NTlXbDBGaDNvdERMUUNORHFiQ09hYXpfMVpnTllmOGhodXJmRjYxZnlJRzJDVUhhZDNmTkE5S0xjVGsxUXFTV2dZVW9qQXBKSzhBR09YbUNqOHF5VjBrcHlGbXpqODdkTWFLQnB1QQ?oc=5
RSS_CBMipwFBVV95cUxNcHBEM0ZwYzZ2Qmh5OHZqUTVkTUQ5S0VDdU5VTEF3NUlTQ1JXa2FiMkRGRENTMnJqMFg0dmRjcDJsbVJuSm9jRnY3a2I4NzY1RmJscERmdFYzNjk1VjZJdU5EUWk3SGM5VktaX0dVLTdSanB4VC04VDdXQ1FfRkplYjRTV1dtN2l2RnN6aUlDSTJYQWlrQkRQanVzM1lmV2hVWTFsZ0FmWQ,r/Homebuilding,GM,Homebuilder / Designer,4,What are worthwhile splurges you would recommend? - Reddit,https://news.google.com/rss/articles/CBMipwFBVV95cUxNcHBEM0ZwYzZ2Qmh5OHZqUTVkTUQ5S0VDdU5VTEF3NUlTQ1JXa2FiMkRGRENTMnJqMFg0dmRjcDJsbVJuSm9jRnY3a2I4NzY1RmJscERmdFYzNjk1VjZJdU5EUWk3SGM5VktaX0dVLTdSanB4VC04VDdXQ1FfRkplYjRTV1dtN2l2RnN6aUlDSTJYQWlrQkRQanVzM1lmV2hVWTFsZ0FmWQ?oc=5
RSS_CBMipAFBVV95cUxQV21NMWZ5X25NdDN6VDZYQ1k0VXlmNzVTOXBpT0NoUWZaZERzOFBJc2J2UVg5ODJUTDRJemxOLXdJWlRnd1MzS3BncllQUHBzX1dELWwxdkluR3psdW1iYTRiQ29jWXRUNXZwaGxHdU52Y2J1TVhpQlRkdkVnMllfWmZpd2ZuLXgwTEhaeENUMDkxczEzd0R4cVlNck1tb2psZHRUWA,r/Homebuilding,Havells,Homebuilder / Designer,4,What smart home technology should I put in the spec homes I build? - Reddit,https://news.google.com/rss/articles/CBMipAFBVV95cUxQV21NMWZ5X25NdDN6VDZYQ1k0VXlmNzVTOXBpT0NoUWZaZERzOFBJc2J2UVg5ODJUTDRJemxOLXdJWlRnd1MzS3BncllQUHBzX1dELWwxdkluR3psdW1iYTRiQ29jWXRUNXZwaGxHdU52Y2J1TVhpQlRkdkVnMllfWmZpd2ZuLXgwTEhaeENUMDkxczEzd0R4cVlNck1tb2psZHRUWA?oc=5
RSS_CBMihgFBVV95cUxNRmlIR0FyUmpjUmR6ZEgxcGdTbE9TME9tbWRzekVGWEp6UU9fNWxENkFmRlFvdVlGeGJWblYteDUyLURpdWU2bFY3aGZGTjBKUGhKY0RLUHpjeXlpSGkyUElFcnk3OUxGMzMyX2w2WXBTM3VPUFMyRWxnU3ltY0hwSmJyNFdXUQ,r/Homebuilding,GM,Homebuilder / Designer,4,Can I use CAT6 for Media Distribution/Speakers/Security Cameras? - Reddit,https://news.google.com/rss/articles/CBMihgFBVV95cUxNRmlIR0FyUmpjUmR6ZEgxcGdTbE9TME9tbWRzekVGWEp6UU9fNWxENkFmRlFvdVlGeGJWblYteDUyLURpdWU2bFY3aGZGTjBKUGhKY0RLUHpjeXlpSGkyUElFcnk3OUxGMzMyX2w2WXBTM3VPUFMyRWxnU3ltY0hwSmJyNFdXUQ?oc=5
RSS_CBMioAFBVV95cUxQOGFrRDg0SVRMYk51TGhUVERfTl9GZzd6dk15QjV4YThTbm9IVk1wUGJuUVpVenI1MWdJNEROV0h1M3RDOVFPWGhHczVvZ0tWYzQ3cGRKcVNaeVdya2YyRElxbVFFcjRRbkxMYkdzQUk5alpkNnUxdXROTXYyaEhFWmE1Q1hNMXFDNUphX0ZpdHBtMkRfQ0tveS13eEY2dFI0,r/Homebuilding,Havells,Homebuilder / Designer,4,Ceiling fans or recessed lights in bedrooms - Reddit,https://news.google.com/rss/articles/CBMioAFBVV95cUxQOGFrRDg0SVRMYk51TGhUVERfTl9GZzd6dk15QjV4YThTbm9IVk1wUGJuUVpVenI1MWdJNEROV0h1M3RDOVFPWGhHczVvZ0tWYzQ3cGRKcVNaeVdya2YyRElxbVFFcjRRbkxMYkdzQUk5alpkNnUxdXROTXYyaEhFWmE1Q1hNMXFDNUphX0ZpdHBtMkRfQ0tveS13eEY2dFI0?oc=5
RSS_CBMingFBVV95cUxNdlFyU0FYdU9tVHhNcGViVWJTYXNmQjRUMjBNN1JEN3kyTWNYajdqVHhkZ09ETmNBbXJDLUJDSWNMZFJGZTZVWTIxbUk5SmtaQy1QYUI1VEFiQ0NQLWRnbUFHaktweEFTbFZuQ1oxSDV5VnRkXzBacm50M1o0M1g0Um1QT0JOTFQtVnRCdkJkTDJjdXdld1FOV0hteUZ4QQ,r/Homebuilding,Havells,Homebuilder / Designer,4,New construction in NC: Is the attic stair direction a safety hazard? Is it code related? - Reddit,https://news.google.com/rss/articles/CBMingFBVV95cUxNdlFyU0FYdU9tVHhNcGViVWJTYXNmQjRUMjBNN1JEN3kyTWNYajdqVHhkZ09ETmNBbXJDLUJDSWNMZFJGZTZVWTIxbUk5SmtaQy1QYUI1VEFiQ0NQLWRnbUFHaktweEFTbFZuQ1oxSDV5VnRkXzBacm50M1o0M1g0Um1QT0JOTFQtVnRCdkJkTDJjdXdld1FOV0hteUZ4QQ?oc=5
RSS_CBMipwFBVV95cUxPeEJXWUVZaGVKSXVoaWFzelZnRV9ZZWlJSjBOSHZLR3pTVXpCTlRaVVZwU3hpOTNNN1R2RDJvMFlQVk1idVRSY2wtZGdFUkdia2xnaXJDS1dYMm5RMkNYdmx5cUNmUEhhaXlTcUlxWVhHRWo1Y3dySVlkcE9OMU9QWms3bjR0UzJwMlRCQnhRTndoWW5Db1lSWUJ4SzVUSFRPdExvNEdmWQ,r/Homebuilding,Havells,Homebuilder / Designer,4,Need Advice on Wiring a Wall Sconce to an Outlet - Reddit,https://news.google.com/rss/articles/CBMipwFBVV95cUxPeEJXWUVZaGVKSXVoaWFzelZnRV9ZZWlJSjBOSHZLR3pTVXpCTlRaVVZwU3hpOTNNN1R2RDJvMFlQVk1idVRSY2wtZGdFUkdia2xnaXJDS1dYMm5RMkNYdmx5cUNmUEhhaXlTcUlxWVhHRWo1Y3dySVlkcE9OMU9QWms3bjR0UzJwMlRCQnhRTndoWW5Db1lSWUJ4SzVUSFRPdExvNEdmWQ?oc=5
RSS_CBMikgFBVV95cUxQdkRUa2pUa3c1TWk1WFEwbFVKN1EtVFkyWl9GeW9BUVN1WTdIWlVHbGkxaUw2Z2NKaVRfVXpYUWpEYzJtSGNPZzA5ZXhfYXdxem5PWl80TGloZFBDbEdUSDhwMzhGNUxDSzFYeUQxYmE1Sm5RM3dqUmRUeWlJOV83YlFIRnN6V05pOUpPT1FFeWZyZw,r/Homebuilding,Havells,Homebuilder / Designer,4,"New build, electrical necessities - Reddit",https://news.google.com/rss/articles/CBMikgFBVV95cUxQdkRUa2pUa3c1TWk1WFEwbFVKN1EtVFkyWl9GeW9BUVN1WTdIWlVHbGkxaUw2Z2NKaVRfVXpYUWpEYzJtSGNPZzA5ZXhfYXdxem5PWl80TGloZFBDbEdUSDhwMzhGNUxDSzFYeUQxYmE1Sm5RM3dqUmRUeWlJOV83YlFIRnN6V05pOUpPT1FFeWZyZw?oc=5
RSS_CBMipgFBVV95cUxQQ3pVTmR1cDY1a25mbDVrbW1KWlQzdl9uZ1NoS1RqTFRXc2wxZU0tTWhQY1FpaGRKc09QOVBuSzBBUmRTY29VNG9Wd29VYUhhc0c1UnFDMDM2dTNvU1ZuMndKZEp0Q1BycXc2RTZjZGJKQ2JoeUsyRmlPNDVhWDBudXZ4YzZNUUIxWTA5bzdPYWdJQUtmNTAycEhFbTNaSlM3NXM5YnRn,r/Homebuilding,Havells,Homebuilder / Designer,4,Considering a request to swap out the horizontal LP Smart Side sections on the front of the home (red box in attached image) for faux stone (white stone or white brick) similar to back of home (blue box). Is faux stone comparable in price and quality to LP Smart - Reddit,https://news.google.com/rss/articles/CBMipgFBVV95cUxQQ3pVTmR1cDY1a25mbDVrbW1KWlQzdl9uZ1NoS1RqTFRXc2wxZU0tTWhQY1FpaGRKc09QOVBuSzBBUmRTY29VNG9Wd29VYUhhc0c1UnFDMDM2dTNvU1ZuMndKZEp0Q1BycXc2RTZjZGJKQ2JoeUsyRmlPNDVhWDBudXZ4YzZNUUIxWTA5bzdPYWdJQUtmNTAycEhFbTNaSlM3NXM5YnRn?oc=5
RSS_CBMimwFBVV95cUxObjRZMkczY3o2RmU2SjY1MHFSS2sxREluZ1g2ZHJQNkJGZlRwMjM0TnJZdmphLXQ4WF9oYzY2eHpBSW92QkxUYm9Ka0JBQ0s5ckxiUGRpbERUbkp5MEtBN3RLQmJhM3p1R2FEYkt3TmZkOTZqR0hkZzFGX1BFUDBhTjRGcjBaM21hMDUwVDVXQkUyMEdJNDhFb1p6SQ,r/Homebuilding,Havells,Homebuilder / Designer,4,Under Cabinet Lighting Help (*for dummies*) - Reddit,https://news.google.com/rss/articles/CBMimwFBVV95cUxObjRZMkczY3o2RmU2SjY1MHFSS2sxREluZ1g2ZHJQNkJGZlRwMjM0TnJZdmphLXQ4WF9oYzY2eHpBSW92QkxUYm9Ka0JBQ0s5ckxiUGRpbERUbkp5MEtBN3RLQmJhM3p1R2FEYkt3TmZkOTZqR0hkZzFGX1BFUDBhTjRGcjBaM21hMDUwVDVXQkUyMEdJNDhFb1p6SQ?oc=5
RSS_CBMipgFBVV95cUxPNzFTZlpIUmp0M18tUGpyUG1KeGJWMHhsLThiV1VvNEpWb1BwWUFQTUxpVy10OVNNeUxVREJkWGlGU2hFb29Vd0k3ZGNXbllMOFVZWmcxOUJtdXUwb2tOQnR0bjk3R1ZndHF1TkV0bVhzRG1RSUwwWTIzTFVFanhkakxBZS1GeEw2ZGpnSHNDLUM0UkxoTnNEbzZoVUNULUlZQkgtanhB,r/Homebuilding,Havells,Homebuilder / Designer,4,Ceiling fans in new construction - full install vs pre-wire & DIY? - Reddit,https://news.google.com/rss/articles/CBMipgFBVV95cUxPNzFTZlpIUmp0M18tUGpyUG1KeGJWMHhsLThiV1VvNEpWb1BwWUFQTUxpVy10OVNNeUxVREJkWGlGU2hFb29Vd0k3ZGNXbllMOFVZWmcxOUJtdXUwb2tOQnR0bjk3R1ZndHF1TkV0bVhzRG1RSUwwWTIzTFVFanhkakxBZS1GeEw2ZGpnSHNDLUM0UkxoTnNEbzZoVUNULUlZQkgtanhB?oc=5
RSS_CBMif0FVX3lxTE1NTjVOc2ZSQTFpeWJXeHVQS0Y0REhSMm9ocnJMZTB0UGpKVUdQek5TWk9rZTVUbTVtLXlRejJiV3pMZzVHZk5rbjBZTVhMYTZIamhRd1dyRnNQXzM0YnladEJSRjNBbWYtbGhwQzdZVFVlNmdOSG5ncUlxSEw5TkU,r/Homebuilding,Havells,Homebuilder / Designer,4,Wall Switch Height - Reddit,https://news.google.com/rss/articles/CBMif0FVX3lxTE1NTjVOc2ZSQTFpeWJXeHVQS0Y0REhSMm9ocnJMZTB0UGpKVUdQek5TWk9rZTVUbTVtLXlRejJiV3pMZzVHZk5rbjBZTVhMYTZIamhRd1dyRnNQXzM0YnladEJSRjNBbWYtbGhwQzdZVFVlNmdOSG5ncUlxSEw5TkU?oc=5
RSS_CBMiiAFBVV95cUxNUXREeGFrWjM0QmlrXzZvTllBdWV6SWNSVWdwUjdiQ0R2MVFYU3U4U0VqR1o2SEdDMDRrUUt4c29mYko3U1p0Wkdxc095cExGMEtDZnAyWl9LMFRFSjJjSjJpTWt4d0l0QXBvYVM0bTQ0RXpINUJ0azRCUmZCRVVDZFNWbm1CMEd5,r/Homebuilding,GM,Homebuilder / Designer,4,Residential down lighting - Reddit,https://news.google.com/rss/articles/CBMiiAFBVV95cUxNUXREeGFrWjM0QmlrXzZvTllBdWV6SWNSVWdwUjdiQ0R2MVFYU3U4U0VqR1o2SEdDMDRrUUt4c29mYko3U1p0Wkdxc095cExGMEtDZnAyWl9LMFRFSjJjSjJpTWt4d0l0QXBvYVM0bTQ0RXpINUJ0azRCUmZCRVVDZFNWbm1CMEd5?oc=5
RSS_CBMingFBVV95cUxQTTRrZDBvTVdOdzJlNDNqM1Q4XzJnSXh0aThiZGFVbzNWQ0RaS3Rqcm9KdHB4aFhldkw0N0JWSlVMWi1OaC1yb1otMEhTcEwzTDRuRDI0TWZBYmdXNzZwcDZRQlhrV2Z6aEJIdWcyM2NiRWktaURmX19KSnpSeWtoR2JQaWs1NjJuQWJNLUhkdTh2V3R1SVBZbFlXOHJGZw,r/Homebuilding,Havells,Homebuilder / Designer,4,Any other outlets / electrical you would add? - Reddit,https://news.google.com/rss/articles/CBMingFBVV95cUxQTTRrZDBvTVdOdzJlNDNqM1Q4XzJnSXh0aThiZGFVbzNWQ0RaS3Rqcm9KdHB4aFhldkw0N0JWSlVMWi1OaC1yb1otMEhTcEwzTDRuRDI0TWZBYmdXNzZwcDZRQlhrV2Z6aEJIdWcyM2NiRWktaURmX19KSnpSeWtoR2JQaWs1NjJuQWJNLUhkdTh2V3R1SVBZbFlXOHJGZw?oc=5
RSS_CBMipAFBVV95cUxNNU5fTGNCbDBOZHJjdXpXQXFHZmhSQ1FIVnJWRmhSZnI3ei16WWJGVFVNOXp3Q0wtTTRxeVk3STFHM0RjWFBoUWM3R2lndjB1bElJRzBMcFJiTENEd3R0Q0xpMEkzeUg2WWhsaEFhVW4zVnBQM19GVTlTNVFqYjdGaDNZVlk0Smc0eWhtVkdOUHJxVDlYWGFEUlJLRVVtcDl6eGNQQw,r/Homebuilding,Havells,Homebuilder / Designer,4,What must haves when building a house for a IT geek? - Reddit,https://news.google.com/rss/articles/CBMipAFBVV95cUxNNU5fTGNCbDBOZHJjdXpXQXFHZmhSQ1FIVnJWRmhSZnI3ei16WWJGVFVNOXp3Q0wtTTRxeVk3STFHM0RjWFBoUWM3R2lndjB1bElJRzBMcFJiTENEd3R0Q0xpMEkzeUg2WWhsaEFhVW4zVnBQM19GVTlTNVFqYjdGaDNZVlk0Smc0eWhtVkdOUHJxVDlYWGFEUlJLRVVtcDl6eGNQQw?oc=5
RSS_CBMinwFBVV95cUxQUk1vU3JoVmE3MmV5TXRzQ2ZyRGxMajhHYndJTjFxUXhkWl9PQTlpRUd1WkRyNmI4amVfekwzWUFDcUpWal9GNUtpT3I3dmV2YWw3MnZVcGJ6dlM1N08zQ3dlbndJTDZwQ0Z5TnBNbzlvY0ZIbEJraDBJU3NyZUhuakZDS2FjaE9uSUpBekhiZzhlQlZKdjdFUkRmTW1QV2c,r/Homebuilding,Havells,Homebuilder / Designer,4,"Building 8 ADUs in Glendale, CA. Advice? Tips? Considerations? - Reddit",https://news.google.com/rss/articles/CBMinwFBVV95cUxQUk1vU3JoVmE3MmV5TXRzQ2ZyRGxMajhHYndJTjFxUXhkWl9PQTlpRUd1WkRyNmI4amVfekwzWUFDcUpWal9GNUtpT3I3dmV2YWw3MnZVcGJ6dlM1N08zQ3dlbndJTDZwQ0Z5TnBNbzlvY0ZIbEJraDBJU3NyZUhuakZDS2FjaE9uSUpBekhiZzhlQlZKdjdFUkRmTW1QV2c?oc=5
RSS_CBMiowFBVV95cUxPZFAxSTJHVXM0R2dBOFFuZ2RJUUMzczctQzlSSHVMemhNczBEUEhfT0FxSnYxRjgxSENselJmU1ROaF85ZFZSOUIyZ29GV2k4OGYtVVlMMzMwaFRnWlJfLTJONm03MXA4b3M2OXl5WGN3ak5OZ0FxeXFVRENqUTV5cEM1MjV3VmxZWlpKN3RVYnBxUEROTHpnSml6YWxlR00zb0JV,r/Homebuilding,Havells,Homebuilder / Designer,4,Ryan Homes New Build - Electric Wiring Questions - Reddit,https://news.google.com/rss/articles/CBMiowFBVV95cUxPZFAxSTJHVXM0R2dBOFFuZ2RJUUMzczctQzlSSHVMemhNczBEUEhfT0FxSnYxRjgxSENselJmU1ROaF85ZFZSOUIyZ29GV2k4OGYtVVlMMzMwaFRnWlJfLTJONm03MXA4b3M2OXl5WGN3ak5OZ0FxeXFVRENqUTV5cEM1MjV3VmxZWlpKN3RVYnBxUEROTHpnSml6YWxlR00zb0JV?oc=5
RSS_CBMiogFBVV95cUxPU25iendpSzhlNXA3QkNaU0czeEc4ZUZjQ0xWcFhjME5UT3VJOVdlRVVMTzlzc3JKZjJZYUE0UlpEUVBNbEVqV2ZQOFhFaGdrdjR1ODc4Tm1XVWQxcktIR05NdFc0OU5ZY1psdXJsM0F4MUtJbXpRaWZWYVpjRUwxSE9oX2VEcUg0b05IM0lucnpwX2Z3eDBXakJWWm56ZlZ3aXc,r/Homebuilding,Havells,Homebuilder / Designer,4,Is there any good justification for spending extra for a smart load center? - Reddit,https://news.google.com/rss/articles/CBMiogFBVV95cUxPU25iendpSzhlNXA3QkNaU0czeEc4ZUZjQ0xWcFhjME5UT3VJOVdlRVVMTzlzc3JKZjJZYUE0UlpEUVBNbEVqV2ZQOFhFaGdrdjR1ODc4Tm1XVWQxcktIR05NdFc0OU5ZY1psdXJsM0F4MUtJbXpRaWZWYVpjRUwxSE9oX2VEcUg0b05IM0lucnpwX2Z3eDBXakJWWm56ZlZ3aXc?oc=5
RSS_CBMiqAFBVV95cUxPcHg1WjFITC01V1I2S0tiWjlvVmZRNzdHWGt4WEdPbGtIc2szTU5NRFdWNUdpREhyeFZCQm1wM3hQTTI2VUJBUVM2bFZZNWVONE90aWJjcjdDVGZIRXVxc2Y3TXJRaFR0TzhocWpNemE5WTBWMXo2VEtQMm1rZlBvemY5aWNMSDdIM3l5VC1OM1BmMEpVbjh6eVoxOUxXcXhyUnVVcGs1MGU,r/Homebuilding,Havells,Homebuilder / Designer,4,Going from shingle to metal roof? Anyone done this? - Reddit,https://news.google.com/rss/articles/CBMiqAFBVV95cUxPcHg1WjFITC01V1I2S0tiWjlvVmZRNzdHWGt4WEdPbGtIc2szTU5NRFdWNUdpREhyeFZCQm1wM3hQTTI2VUJBUVM2bFZZNWVONE90aWJjcjdDVGZIRXVxc2Y3TXJRaFR0TzhocWpNemE5WTBWMXo2VEtQMm1rZlBvemY5aWNMSDdIM3l5VC1OM1BmMEpVbjh6eVoxOUxXcXhyUnVVcGs1MGU?oc=5
RSS_CBMijAFBVV95cUxQcjRvU3k5d2lMRUpBQ0xlRW9jOGdndDI3VHB4dlpSdDFSdzFmWHRReVJaS3M2dUI0MFoyZmt5NXZxUzkwUGpxQmRYeWVmbkxpb3RFOFc0UlR1czU3WE1LdnNKNjZEYTIxRXRLdmdrT1VQLU85eWF0MjZEYjVfNGRsN0Itb3lMaXFyV1ZURw,r/Homebuilding,Havells,Homebuilder / Designer,4,Home design to simplify life - Reddit,https://news.google.com/rss/articles/CBMijAFBVV95cUxQcjRvU3k5d2lMRUpBQ0xlRW9jOGdndDI3VHB4dlpSdDFSdzFmWHRReVJaS3M2dUI0MFoyZmt5NXZxUzkwUGpxQmRYeWVmbkxpb3RFOFc0UlR1czU3WE1LdnNKNjZEYTIxRXRLdmdrT1VQLU85eWF0MjZEYjVfNGRsN0Itb3lMaXFyV1ZURw?oc=5
RSS_CBMipAFBVV95cUxPcHNhY3ZnNFBBYTZlRjRwdDRSbmxhYm15WkJWdFozREFMOXUxUnBGUllIenk0cU1ueTdsV2hPWGpyOGVqRTl3dUNWVkNuVjlXWTVZLV9rTTFLbzBLYVZ0ZW1nbFJDQmtPZEdMbVFJTVRja3V0c2pvb0ExRUw2TjNBUmtmb3V4akh3eDlmekM5aWo5SGhKY3ZpMWFyd28wOEFvaHl0Qw,r/Homebuilding,Havells,Homebuilder / Designer,4,"Paid extra for canned lights, builder installed canless LEDs. - Reddit",https://news.google.com/rss/articles/CBMipAFBVV95cUxPcHNhY3ZnNFBBYTZlRjRwdDRSbmxhYm15WkJWdFozREFMOXUxUnBGUllIenk0cU1ueTdsV2hPWGpyOGVqRTl3dUNWVkNuVjlXWTVZLV9rTTFLbzBLYVZ0ZW1nbFJDQmtPZEdMbVFJTVRja3V0c2pvb0ExRUw2TjNBUmtmb3V4akh3eDlmekM5aWo5SGhKY3ZpMWFyd28wOEFvaHl0Qw?oc=5
RSS_CBMihwFBVV95cUxQWW93NE8tUzB4MmROOFhOM0ZjVEU3X3BJdzZmRzdGdzlXa0gtU3Z0cHFoc0U2ZThyUk1PcU5MN1FhOVlHRUI5NjdWeEhTODBkWWtIS3JzdVFWOURsYmFtQXNXY1N0dFR0UkFFUG9QckYzQWwwR1dJMm1qc1ZHQ1dKcUVuOThOVUU,r/Homebuilding,Havells,Homebuilder / Designer,4,Kitchen Outlet Placement - Reddit,https://news.google.com/rss/articles/CBMihwFBVV95cUxQWW93NE8tUzB4MmROOFhOM0ZjVEU3X3BJdzZmRzdGdzlXa0gtU3Z0cHFoc0U2ZThyUk1PcU5MN1FhOVlHRUI5NjdWeEhTODBkWWtIS3JzdVFWOURsYmFtQXNXY1N0dFR0UkFFUG9QckYzQWwwR1dJMm1qc1ZHQ1dKcUVuOThOVUU?oc=5
RSS_CBMingFBVV95cUxQZHhEOUxtb0J4V1F5OVhCS2ExNUYzQ0p5bDl3dW4zcDZnbGxyYUl4SjdSUFpXeFktbTluSU44ZDlLRm8wUUFtMWQwbDFrQ3hUWXhRV1NTbmdLdjQtd0dhZFI2TXJXLThkVEVER2xDNEZwZkJWZW9RZWdyejFkY0o5MU1rcTZCUkE5VHBiQ3ZLQVVFMXFlby1yYzVWOWthQQ,r/Homebuilding,Havells,Homebuilder / Designer,4,Some mildew normal in winter construction? - Reddit,https://news.google.com/rss/articles/CBMingFBVV95cUxQZHhEOUxtb0J4V1F5OVhCS2ExNUYzQ0p5bDl3dW4zcDZnbGxyYUl4SjdSUFpXeFktbTluSU44ZDlLRm8wUUFtMWQwbDFrQ3hUWXhRV1NTbmdLdjQtd0dhZFI2TXJXLThkVEVER2xDNEZwZkJWZW9RZWdyejFkY0o5MU1rcTZCUkE5VHBiQ3ZLQVVFMXFlby1yYzVWOWthQQ?oc=5
RSS_CBMikgFBVV95cUxQd3BkVGVNSjk5bmE3cU5HMWRjTGZCMF8wbFBqbEppbnBrWnQ1cFlUeGNua1BzVGlvQncwandQRWl0d0ZRa0taX2NEWWk4anJYaFcxbjlCNU5JNXl1MFRucUhNbFhPV0Z0MTdkQW93YWhvcjZkaVRIdVE1bVlGWnN1NnB5SW00aVF2Q2hJTE45ZDdTUQ,r/Homebuilding,Havells,Homebuilder / Designer,4,How late can closing be scheduled? - Reddit,https://news.google.com/rss/articles/CBMikgFBVV95cUxQd3BkVGVNSjk5bmE3cU5HMWRjTGZCMF8wbFBqbEppbnBrWnQ1cFlUeGNua1BzVGlvQncwandQRWl0d0ZRa0taX2NEWWk4anJYaFcxbjlCNU5JNXl1MFRucUhNbFhPV0Z0MTdkQW93YWhvcjZkaVRIdVE1bVlGWnN1NnB5SW00aVF2Q2hJTE45ZDdTUQ?oc=5
RSS_CBMijAFBVV95cUxNSmY1UVQ4cVlZbWQ2VXAzVkdqSTRMUC1HRVdvTWhYMWpNd3pXVjFLTW52X21rckswVkpQbi1nb2ktOXRuTDBwMUtGVk1VSFJyZ0JwRGJVa005bW5ramRGU21VNm9MY2lpU1pVWGdtME0zYTM0S0hWM0Ntc1l1SjBvZWZpLUVCYW1IVlplZg,r/Homebuilding,Havells,Homebuilder / Designer,4,Vinyl siding recommendations - Reddit,https://news.google.com/rss/articles/CBMijAFBVV95cUxNSmY1UVQ4cVlZbWQ2VXAzVkdqSTRMUC1HRVdvTWhYMWpNd3pXVjFLTW52X21rckswVkpQbi1nb2ktOXRuTDBwMUtGVk1VSFJyZ0JwRGJVa005bW5ramRGU21VNm9MY2lpU1pVWGdtME0zYTM0S0hWM0Ntc1l1SjBvZWZpLUVCYW1IVlplZg?oc=5
RSS_CBMimAFBVV95cUxPVW1NRXczdVlBOEVPNUtzcmFTaWNMQS1sRTZ2X3daLTV2eGM4QlZSWlIzVVNZUVFsRS1KbWFMeTcyOUQ1VlR1d0duUVRNZURrWEYycVdUZnZmbDBnWThQdWJyU1AySk9pNHpYZG5kQkFlX3lCTHJoa0xMSm04dWFtUm1zai1ueHpJWlFHZEh0NlV2MWR1QlRVQw,r/Homebuilding,GM,Homebuilder / Designer,4,New construction electrical additions - Reddit,https://news.google.com/rss/articles/CBMimAFBVV95cUxPVW1NRXczdVlBOEVPNUtzcmFTaWNMQS1sRTZ2X3daLTV2eGM4QlZSWlIzVVNZUVFsRS1KbWFMeTcyOUQ1VlR1d0duUVRNZURrWEYycVdUZnZmbDBnWThQdWJyU1AySk9pNHpYZG5kQkFlX3lCTHJoa0xMSm04dWFtUm1zai1ueHpJWlFHZEh0NlV2MWR1QlRVQw?oc=5
RSS_CBMipAFBVV95cUxNaTlqY2RKckhWOW5wNTBXWkJ0UWhjc0pfSXJZbGprekJkVnE3RGJGTXNueE1ncTdZSkswT0NwdWUxMXdqVjREbThRcDhGcTcwdVVqd3EtUXJZcEJqUGJjV0tqRE9zMjliUlU1ajhfalFCbVJldnFOamwwaTY4Z0luZFhVdGpZS3BXaUdIeXFRV1FGWXlxWDFGSll2Yk13RmdoczZkTw,r/Homebuilding,Havells,Homebuilder / Designer,4,New construction builder put the thermostat in the middle of the TV wall. Should they be obligated to move it? - Reddit,https://news.google.com/rss/articles/CBMipAFBVV95cUxNaTlqY2RKckhWOW5wNTBXWkJ0UWhjc0pfSXJZbGprekJkVnE3RGJGTXNueE1ncTdZSkswT0NwdWUxMXdqVjREbThRcDhGcTcwdVVqd3EtUXJZcEJqUGJjV0tqRE9zMjliUlU1ajhfalFCbVJldnFOamwwaTY4Z0luZFhVdGpZS3BXaUdIeXFRV1FGWXlxWDFGSll2Yk13RmdoczZkTw?oc=5
RSS_CBMijwFBVV95cUxPX0JhbGdlU3pYbTItSWZCX29yd25sM3lfajI0NzZnbHNPaW5QZDRkb1BHNmtaSGxTbDgzTU5OdGR0TU9TZEhzd3ZKWTZKTjVobWVWRU9lN3V3Tm5YVEwyMWpQVmEyTGMtZUpzSkpPWHg5T2pjS1VTVGVpUlFwMXZ1eUxqNWNfbnU4MEFpczhvaw,r/Homebuilding,GM,Homebuilder / Designer,4,Will this bathroom layout work? - Reddit,https://news.google.com/rss/articles/CBMijwFBVV95cUxPX0JhbGdlU3pYbTItSWZCX29yd25sM3lfajI0NzZnbHNPaW5QZDRkb1BHNmtaSGxTbDgzTU5OdGR0TU9TZEhzd3ZKWTZKTjVobWVWRU9lN3V3Tm5YVEwyMWpQVmEyTGMtZUpzSkpPWHg5T2pjS1VTVGVpUlFwMXZ1eUxqNWNfbnU4MEFpczhvaw?oc=5
RSS_CBMioAFBVV95cUxQYkN1N1RuZlYtelQ4ZkFhTzZwTjdQTTVwRmt5WHo3Q0wzdDlJNld3OTZsb0xtN0FtNTBtS2tyeW9BZ2VMZXUwdXhBelEtbmViWUxNX0Exc016N21Gc3o3c0JuRmk3cWdYZnkzeU5QemVsb0MxTUFuT1lZd1NMNlloT2lpanNWLWZKU1duTmhhOXhBcGthZFoycE85aGNzT241,r/Homebuilding,Havells,Homebuilder / Designer,4,Can I run two all in one washer/dryer combos - Reddit,https://news.google.com/rss/articles/CBMioAFBVV95cUxQYkN1N1RuZlYtelQ4ZkFhTzZwTjdQTTVwRmt5WHo3Q0wzdDlJNld3OTZsb0xtN0FtNTBtS2tyeW9BZ2VMZXUwdXhBelEtbmViWUxNX0Exc016N21Gc3o3c0JuRmk3cWdYZnkzeU5QemVsb0MxTUFuT1lZd1NMNlloT2lpanNWLWZKU1duTmhhOXhBcGthZFoycE85aGNzT241?oc=5
RSS_CBMingFBVV95cUxOWmR2WjdIZWxCSTU4aTVON3F5and5UHF6MDZCQ1dYTmxzYVFkT1FfRmNYcEVwX0FLNTZnS2RtNzd3YTI2UUhNbG1aZmJDMVNaN2xCcGlkMDR3NHJuWlJVUlp5eUh4V2QwcnZGNHNPNmZyM2RPcFdTY3hnNEpEWEN3cHBhSTZTNUhyQkJhZ1VkbDZUWUlhdllmaldTcDdhQQ,r/Homebuilding,Havells,Homebuilder / Designer,4,What is a typical savings per sqft for an experienced builder going DIY versus full subcontract? - Reddit,https://news.google.com/rss/articles/CBMingFBVV95cUxOWmR2WjdIZWxCSTU4aTVON3F5and5UHF6MDZCQ1dYTmxzYVFkT1FfRmNYcEVwX0FLNTZnS2RtNzd3YTI2UUhNbG1aZmJDMVNaN2xCcGlkMDR3NHJuWlJVUlp5eUh4V2QwcnZGNHNPNmZyM2RPcFdTY3hnNEpEWEN3cHBhSTZTNUhyQkJhZ1VkbDZUWUlhdllmaldTcDdhQQ?oc=5
RSS_CBMipwFBVV95cUxPV2htOXcwcmJuQWE3YXZvb1Y4YVlKNzc5LWN3cUFtSmdDRk94cjlrX3NWVE9TTVl5RXhZUUlkTi1ZZzdVSlVXaVJqbTZ1WWNGM2tqOElkeWs1MGhoT3BIZjNvejh6QndTaEhWTklVWHlYMFI4VGZhYnJzTGhyTDF5ZGtZd3VtaXhMVXdxOEZMTlpEZjBIQ2JVQzNvOVpTZUZnTHhOOUFMMA,r/Homebuilding,GM,Homebuilder / Designer,4,Why do tankless water heaters cost so much to put in? - Reddit,https://news.google.com/rss/articles/CBMipwFBVV95cUxPV2htOXcwcmJuQWE3YXZvb1Y4YVlKNzc5LWN3cUFtSmdDRk94cjlrX3NWVE9TTVl5RXhZUUlkTi1ZZzdVSlVXaVJqbTZ1WWNGM2tqOElkeWs1MGhoT3BIZjNvejh6QndTaEhWTklVWHlYMFI4VGZhYnJzTGhyTDF5ZGtZd3VtaXhMVXdxOEZMTlpEZjBIQ2JVQzNvOVpTZUZnTHhOOUFMMA?oc=5
RSS_CBMipwFBVV95cUxPdEJ0V085SjcteHZmVk56M2xRUzR2eWRkYmpSeFhuR25jdnM1SFpfNXR3RWxwNlZaNEhRR1lKNWFhT3AtWTE5NUlYY0J0YWZsZHc1YVhHV3ZYTHMyaUpudXVjcm1lNFYzbExaVnVqN0FLVXBNNm5IQnBfb25zNnZLU3MwVjZiekRqM0ZhenJ3TEI2U0Q3ZV9kOWp4dGtqcm9IaFFlZDFKVQ,r/Homebuilding,Havells,Homebuilder / Designer,4,What kind of outdoor constant light should go on this gable end? - Reddit,https://news.google.com/rss/articles/CBMipwFBVV95cUxPdEJ0V085SjcteHZmVk56M2xRUzR2eWRkYmpSeFhuR25jdnM1SFpfNXR3RWxwNlZaNEhRR1lKNWFhT3AtWTE5NUlYY0J0YWZsZHc1YVhHV3ZYTHMyaUpudXVjcm1lNFYzbExaVnVqN0FLVXBNNm5IQnBfb25zNnZLU3MwVjZiekRqM0ZhenJ3TEI2U0Q3ZV9kOWp4dGtqcm9IaFFlZDFKVQ?oc=5
RSS_CBMiqAFBVV95cUxNdlNDRXlFZThwM1VfNWxFU19vMmpkcE5aVXVNenFPcFlHUy1xV2JCdm9Od1JyMWgzTjhjR3oxUkJNZ2tOd2l3aU45MU95YzlKMWg4VEYxWm9OU1RWc3NsVjQxNy1tX3p2ZGlaX0RPb0NJaWI4ZVdDeE8wYkxSVEtZRlhBTXVMNDRITDNFYXJHYjBKX0h4MXlRNVY1MWRzY3NaVTFNNmktcjg,r/Homebuilding,Havells,Homebuilder / Designer,4,Small mundane features that ‘make or break’ a house? - Reddit,https://news.google.com/rss/articles/CBMiqAFBVV95cUxNdlNDRXlFZThwM1VfNWxFU19vMmpkcE5aVXVNenFPcFlHUy1xV2JCdm9Od1JyMWgzTjhjR3oxUkJNZ2tOd2l3aU45MU95YzlKMWg4VEYxWm9OU1RWc3NsVjQxNy1tX3p2ZGlaX0RPb0NJaWI4ZVdDeE8wYkxSVEtZRlhBTXVMNDRITDNFYXJHYjBKX0h4MXlRNVY1MWRzY3NaVTFNNmktcjg?oc=5
RSS_CBMipwFBVV95cUxQY1JjZWRZU1J4Vk1iSmo1amFhdmxmWkNiNEtpLUtPc0VVYVVkUzB0YzA5aUZjSVRPbWJCV0xsMTlJQ0VVVjRxaUhCQUREYS1RUzNZZ2VVaWdUSHpYd1ZXcGFTU3gwNExtczNrTzF0MlF1eTBoR0liY19IMkVFWElRdkJYcjFNR284Mzhia2Y3Ulo0ZjB3WEFSVjIwS0QyM25VYjZzdWlFVQ,r/Homebuilding,Havells,Homebuilder / Designer,4,"All drywall in home torn out, what to do while I’m here? - Reddit",https://news.google.com/rss/articles/CBMipwFBVV95cUxQY1JjZWRZU1J4Vk1iSmo1amFhdmxmWkNiNEtpLUtPc0VVYVVkUzB0YzA5aUZjSVRPbWJCV0xsMTlJQ0VVVjRxaUhCQUREYS1RUzNZZ2VVaWdUSHpYd1ZXcGFTU3gwNExtczNrTzF0MlF1eTBoR0liY19IMkVFWElRdkJYcjFNR284Mzhia2Y3Ulo0ZjB3WEFSVjIwS0QyM25VYjZzdWlFVQ?oc=5
RSS_CBMipAFBVV95cUxPRHByNnVZTDF4N2JRR2diTWtsc1E2WnRpeldURFRqQ0xwN29mMUdsRVhDbzVPTEc5ODlkRnkyNkJnVjctSEQ3Q2pTaUU2ZEthcENYQ2dGbmRDcktGZmZESDl6c3hKbWdkNmI4VkZwYXVFYWdfSTVaeUtsMTE2c2JIZ0pvb3dFcFFmX1N4NnJ6UEdmYUdpa1o2ck5CWjJmUklVRFVIVw,r/Homebuilding,Havells,Homebuilder / Designer,4,Don't forget decent WiFi when planning your new home... - Reddit,https://news.google.com/rss/articles/CBMipAFBVV95cUxPRHByNnVZTDF4N2JRR2diTWtsc1E2WnRpeldURFRqQ0xwN29mMUdsRVhDbzVPTEc5ODlkRnkyNkJnVjctSEQ3Q2pTaUU2ZEthcENYQ2dGbmRDcktGZmZESDl6c3hKbWdkNmI4VkZwYXVFYWdfSTVaeUtsMTE2c2JIZ0pvb3dFcFFmX1N4NnJ6UEdmYUdpa1o2ck5CWjJmUklVRFVIVw?oc=5
RSS_CBMipAFBVV95cUxOSmo2NDdmU0Y3dm13d1Eza0NFTVZMUHJ5N1pkRjVrTDg2a3VXeEFYUUhKMUVXNGpvQ21MeFcyTzdqWmFid1YwamxBbW9PSjFuWm84UUl3cTdlWmtRZVZRUW4yZldNQy1JenZXbXc5NjcyTE0teGFHd09YUjQ3TkZ2a01pRExFcFhXVmFxZ09NdGNFZW1nMGUycDI3dm5VaE9fQ3VpUQ,r/Homebuilding,Havells,Homebuilder / Designer,4,Putting the shower handle on the opposite side makes no sense to me - Reddit,https://news.google.com/rss/articles/CBMipAFBVV95cUxOSmo2NDdmU0Y3dm13d1Eza0NFTVZMUHJ5N1pkRjVrTDg2a3VXeEFYUUhKMUVXNGpvQ21MeFcyTzdqWmFid1YwamxBbW9PSjFuWm84UUl3cTdlWmtRZVZRUW4yZldNQy1JenZXbXc5NjcyTE0teGFHd09YUjQ3TkZ2a01pRExFcFhXVmFxZ09NdGNFZW1nMGUycDI3dm5VaE9fQ3VpUQ?oc=5
RSS_CBMipwFBVV95cUxNSE5EeDMzbEg3TVNHZjRjLVg4eWNOSUZiZjFtX1BlQnBkMHhJTlBmbkZINnlDN3RNd3A1R1FvM1dzYVI3RUxqNG5UR2syU3Bsc095TXhEeWx5V1RGSi1YTHZoYTNkbXM0ZWloa1JJTlZ4dEhBVjFGRnp4RXJseEtoZEE3Q21paVU4UFdiVDB5Y2NDV0FoNHI4STRhTGRpREtKY2U5cVQ4Yw,r/Homebuilding,Havells,Homebuilder / Designer,4,Are these modifications of a spec home realistic or am I moving into custom build territory? - Reddit,https://news.google.com/rss/articles/CBMipwFBVV95cUxNSE5EeDMzbEg3TVNHZjRjLVg4eWNOSUZiZjFtX1BlQnBkMHhJTlBmbkZINnlDN3RNd3A1R1FvM1dzYVI3RUxqNG5UR2syU3Bsc095TXhEeWx5V1RGSi1YTHZoYTNkbXM0ZWloa1JJTlZ4dEhBVjFGRnp4RXJseEtoZEE3Q21paVU4UFdiVDB5Y2NDV0FoNHI4STRhTGRpREtKY2U5cVQ4Yw?oc=5
RSS_CBMiogFBVV95cUxPbXU1d2VpTjFSa1pRUDBRb01sNTIxdzZnb3dyMGxVVWY4V1doSHFtek9semJaZlpucVpackgxVDQ2UkVQY2t2eHJMOUVQNnpuQ0dqcTV1VGxacTRUSXV6RW1MT3NOQ2NnX2VHM3ZCd1N1VF8tOUY3b1A1aHdaQzdhNTZBZ1BsZHhIbFBZX3ZTd3pRX0VLT1BzY3J3aHJfZGE5QlE,r/Homebuilding,Havells,Homebuilder / Designer,4,Where do you wish you had put Ethernet jacks? - Reddit,https://news.google.com/rss/articles/CBMiogFBVV95cUxPbXU1d2VpTjFSa1pRUDBRb01sNTIxdzZnb3dyMGxVVWY4V1doSHFtek9semJaZlpucVpackgxVDQ2UkVQY2t2eHJMOUVQNnpuQ0dqcTV1VGxacTRUSXV6RW1MT3NOQ2NnX2VHM3ZCd1N1VF8tOUY3b1A1aHdaQzdhNTZBZ1BsZHhIbFBZX3ZTd3pRX0VLT1BzY3J3aHJfZGE5QlE?oc=5
RSS_CBMingFBVV95cUxOM0FRRWc0eTBOOGdyZEh3REtjZzNfQUpVT1NoYlY2ZWdSNUtrOXQwZHRHdUE5eUNPRkplRDh0b0RqdWNjRGtUTVBpRS0wQXA2YlBtWUZ2OXRROXA2ZFdTZWRHN3NhVVVmUHRXeUNuSXFwald6LW5obFdfWW9abzRYMnpQWkpIUWMwa2lpRk5jdDNRRTI0ckpLbllIOFpuUQ,r/Homebuilding,Havells,Homebuilder / Designer,4,Is it a bad idea to design for a ventless Washer/Dryer in the US? - Reddit,https://news.google.com/rss/articles/CBMingFBVV95cUxOM0FRRWc0eTBOOGdyZEh3REtjZzNfQUpVT1NoYlY2ZWdSNUtrOXQwZHRHdUE5eUNPRkplRDh0b0RqdWNjRGtUTVBpRS0wQXA2YlBtWUZ2OXRROXA2ZFdTZWRHN3NhVVVmUHRXeUNuSXFwald6LW5obFdfWW9abzRYMnpQWkpIUWMwa2lpRk5jdDNRRTI0ckpLbllIOFpuUQ?oc=5
RSS_CBMipAFBVV95cUxNZXZGamZPbGdwTWxDaERGRDhDeUEzOHBxZDdaYmx5YUcxcHFvelRhQmg0TzdrZGFUQi1vdjNaaFI2bWVyVV9JNTFJTkRicGRBOHJia1RhdFJfQVptSnpuSFRIZzdpR09BdlIxTWVrbjZvbVp6Y1FFYWdxbU9pVktqR0p0WUF1cFlJb1R3bV9ZVGRBUUxCbDRPMUJzN3pLY3l5TnJ4Sw,r/Homebuilding,Havells,Homebuilder / Designer,4,DRHorton for A first time home buyer. Does this look normal? - Reddit,https://news.google.com/rss/articles/CBMipAFBVV95cUxNZXZGamZPbGdwTWxDaERGRDhDeUEzOHBxZDdaYmx5YUcxcHFvelRhQmg0TzdrZGFUQi1vdjNaaFI2bWVyVV9JNTFJTkRicGRBOHJia1RhdFJfQVptSnpuSFRIZzdpR09BdlIxTWVrbjZvbVp6Y1FFYWdxbU9pVktqR0p0WUF1cFlJb1R3bV9ZVGRBUUxCbDRPMUJzN3pLY3l5TnJ4Sw?oc=5
RSS_CBMiggFBVV95cUxOQlJLMlBIZHdGc1U1N1FSMFc4V09NcFlEdUVQOUhSVnRiR0FpdHplX3BQUHZsQVB5Tko1amRQcEZMSFd1TUkxbE1lX3ZLdVFmQzRfUHhSQVhRTVdLZW9sMzc4TUpxSTkySEwyWndTOC1oSFNCUWNGUVhzQWJwd0Ixc1ZR,r/Homebuilding,Havells,Homebuilder / Designer,4,Central Vacuum system - Reddit,https://news.google.com/rss/articles/CBMiggFBVV95cUxOQlJLMlBIZHdGc1U1N1FSMFc4V09NcFlEdUVQOUhSVnRiR0FpdHplX3BQUHZsQVB5Tko1amRQcEZMSFd1TUkxbE1lX3ZLdVFmQzRfUHhSQVhRTVdLZW9sMzc4TUpxSTkySEwyWndTOC1oSFNCUWNGUVhzQWJwd0Ixc1ZR?oc=5
RSS_CBMiogFBVV95cUxOaGZ0OHpUbGxWbG1mc0Q1cnFoR2tqd2ZTOG9pRFdGWFl5VktGYXVmYkJ2bW5uTjdLNW9MbmpveWVROF9IS21Mc01ZZ2ltaEUwaE9SbGV2MldXREpUQVBFaVhxcVp6aXpTQzkxNFU5ZFpHSERqN2hyaXJObXhObUN3eU9mZ0ZjR3NTNnpYVU5RUUh1Um1UdXdYX2pxN0x2R1Jtbmc,r/Homebuilding,Havells,Homebuilder / Designer,4,Stuck with an overpriced structural engineer. - Reddit,https://news.google.com/rss/articles/CBMiogFBVV95cUxOaGZ0OHpUbGxWbG1mc0Q1cnFoR2tqd2ZTOG9pRFdGWFl5VktGYXVmYkJ2bW5uTjdLNW9MbmpveWVROF9IS21Mc01ZZ2ltaEUwaE9SbGV2MldXREpUQVBFaVhxcVp6aXpTQzkxNFU5ZFpHSERqN2hyaXJObXhObUN3eU9mZ0ZjR3NTNnpYVU5RUUh1Um1UdXdYX2pxN0x2R1Jtbmc?oc=5
RSS_CBMipAFBVV95cUxOVENOUktRSVozV2FFUGNFdDZid25oUVNCaUJNQk03ZmluUHREQVg5elI4cVcyMVFBdkRsNEpJNVBlWVlGdFZpMjJUbTN3UHdURG02UDc1Rk9kMTJxc3AyQVBIYkNkdG5IRHI2RXhqTTBqUXF2Wnl3Q05BdExKY2FGMkZvWkxZZFc4NFh3M1ZNcUhPWTE0Smw5akpuYnNTN0lKSFlaTA,r/Homebuilding,GM,Homebuilder / Designer,4,Strengthening 24oc exterior wall to meet shear wall criteria - Reddit,https://news.google.com/rss/articles/CBMipAFBVV95cUxOVENOUktRSVozV2FFUGNFdDZid25oUVNCaUJNQk03ZmluUHREQVg5elI4cVcyMVFBdkRsNEpJNVBlWVlGdFZpMjJUbTN3UHdURG02UDc1Rk9kMTJxc3AyQVBIYkNkdG5IRHI2RXhqTTBqUXF2Wnl3Q05BdExKY2FGMkZvWkxZZFc4NFh3M1ZNcUhPWTE0Smw5akpuYnNTN0lKSFlaTA?oc=5
RSS_CBMiigFBVV95cUxPLVlTeEZYNDZIbEs5VXZMbFVRaHlkck52VVFvQU9DQ2VvcTB1dTNiSmJYZU85RG5yVGJTNTl4NXpZSmJzTFpjOFRycUlqUHVvbHhrRWw1RWVaSFNwcHIxV0NhQTFxbkpxN0J3d3BlbF9Ra21iS1hHdk80OG1NeDdFR0xMNXNHVGNCTUE,r/Homebuilding,Havells,Homebuilder / Designer,4,House plans convert to ICF - Reddit,https://news.google.com/rss/articles/CBMiigFBVV95cUxPLVlTeEZYNDZIbEs5VXZMbFVRaHlkck52VVFvQU9DQ2VvcTB1dTNiSmJYZU85RG5yVGJTNTl4NXpZSmJzTFpjOFRycUlqUHVvbHhrRWw1RWVaSFNwcHIxV0NhQTFxbkpxN0J3d3BlbF9Ra21iS1hHdk80OG1NeDdFR0xMNXNHVGNCTUE?oc=5
RSS_CBMioAFBVV95cUxQVHlkdFhTdld2UWM0WTE5MkxGY012UTdaY3hQSVlYR0s4LUJCR0w2dVZIdXFGbVFaQnhSbXgzWm1ub1JVX1c4d0JFX0tsczgwMUlac0hRamt5OFZfcU00Z254YTMtYU5ZclZQeEoyT2FsYlFJLVpHU240LVk1ZWxNLTRYdExnSFVtdHE5dEJFeGl1alBXcDhORHRYRHQ0MkJw,r/Homebuilding,Havells,Homebuilder / Designer,4,"Buying a Lennar (New Construction) Home, Price Increases Weekly? - Reddit",https://news.google.com/rss/articles/CBMioAFBVV95cUxQVHlkdFhTdld2UWM0WTE5MkxGY012UTdaY3hQSVlYR0s4LUJCR0w2dVZIdXFGbVFaQnhSbXgzWm1ub1JVX1c4d0JFX0tsczgwMUlac0hRamt5OFZfcU00Z254YTMtYU5ZclZQeEoyT2FsYlFJLVpHU240LVk1ZWxNLTRYdExnSFVtdHE5dEJFeGl1alBXcDhORHRYRHQ0MkJw?oc=5
RSS_CBMilwFBVV95cUxOVDhWQ0ZrTkE5dWVkYmhYS1dWczNGcFVQaWpFQ1B2QU9NU0pzVnVsTU5YV0xOcnB2dXF0bGRhbm5kMC02eU5GU2x2VjkwYkZ4UTIxcU9INFNhWU5hODJDSVFGVjhESWdwZUZWRGVSMVF5Tk4xeVc2d0xEd3F3VDdFdVpXTGF4V014WFZOV3YtUnl0U2N2dkcw,r/Homebuilding,Havells,Homebuilder / Designer,4,Support Beam Sticking Out of Framing - Reddit,https://news.google.com/rss/articles/CBMilwFBVV95cUxOVDhWQ0ZrTkE5dWVkYmhYS1dWczNGcFVQaWpFQ1B2QU9NU0pzVnVsTU5YV0xOcnB2dXF0bGRhbm5kMC02eU5GU2x2VjkwYkZ4UTIxcU9INFNhWU5hODJDSVFGVjhESWdwZUZWRGVSMVF5Tk4xeVc2d0xEd3F3VDdFdVpXTGF4V014WFZOV3YtUnl0U2N2dkcw?oc=5
RSS_CBMiogFBVV95cUxPRkxxTlFrR1JtblRrSnBhZEZMM21vVDdMRjlKZEkwUjhMdUpxQXVZVjZTVzZibGVSbXVrMm1pQV83UEJQRHBwdWFtRWU1RFRvX3ZwZV9LR1BZR1hsZHV6N2VqSUo3YzJzVV9LUEhHZnR1bzRIQkpJdnZlenJ4OXBsUXVjXzEzYlR1Vjg5STFpcTJKVEw3U09reXkwQnJnUTNYZXc,r/Homebuilding,Havells,Homebuilder / Designer,4,“Cool” features to include in a new build a la Costco Door? - Reddit,https://news.google.com/rss/articles/CBMiogFBVV95cUxPRkxxTlFrR1JtblRrSnBhZEZMM21vVDdMRjlKZEkwUjhMdUpxQXVZVjZTVzZibGVSbXVrMm1pQV83UEJQRHBwdWFtRWU1RFRvX3ZwZV9LR1BZR1hsZHV6N2VqSUo3YzJzVV9LUEhHZnR1bzRIQkpJdnZlenJ4OXBsUXVjXzEzYlR1Vjg5STFpcTJKVEw3U09reXkwQnJnUTNYZXc?oc=5
RSS_CBMipAFBVV95cUxPRlhrZzlsTUJ6RENBZzNoOVc0SDBfMWZmbl9zQUJfYldwMFB1N0FPU3FwaXc3Q3pUQ2R0SmxwNnhzTHFCRjJueHQza2MxdHFmM1ZTZHdSWG9fSTA4eFJLeFM3UVhCa2VKb0w4aFZUMDFqemRKd1JRcmxranZZNmZldXZoS1dndUtsM0UycEdHczFHYWpDUE5BY0tIVVNWOTVDYnZwLQ,r/Homebuilding,Havells,Homebuilder / Designer,4,Closed cell spray foam vs fiberglass batts for exterior walls. - Reddit,https://news.google.com/rss/articles/CBMipAFBVV95cUxPRlhrZzlsTUJ6RENBZzNoOVc0SDBfMWZmbl9zQUJfYldwMFB1N0FPU3FwaXc3Q3pUQ2R0SmxwNnhzTHFCRjJueHQza2MxdHFmM1ZTZHdSWG9fSTA4eFJLeFM3UVhCa2VKb0w4aFZUMDFqemRKd1JRcmxranZZNmZldXZoS1dndUtsM0UycEdHczFHYWpDUE5BY0tIVVNWOTVDYnZwLQ?oc=5
RSS_CBMinwFBVV95cUxOQ0RzRmttZE9vbW1WTlpwNGxyYWdnVDctTjRNLWZEZlpVcDZmaWNHcGt5UW1jTXZfNGZ1MzZXcXY1RDlsTXhoTllrTC1nNGo2OHVEcmFFYkpZTHpQbWduUGsxT1BVOUdzSDZaaVU2R3Zfc0pIcmdqSHlYQWxpdFBiWHJ4VEs0QkdJLWtHU3RsLWhSQTJCTVhpaDNndDZpQ0E,r/Homebuilding,Havells,Homebuilder / Designer,4,Steam Shower Drying System - Suggestions for Self-Sourced parts - Reddit,https://news.google.com/rss/articles/CBMinwFBVV95cUxOQ0RzRmttZE9vbW1WTlpwNGxyYWdnVDctTjRNLWZEZlpVcDZmaWNHcGt5UW1jTXZfNGZ1MzZXcXY1RDlsTXhoTllrTC1nNGo2OHVEcmFFYkpZTHpQbWduUGsxT1BVOUdzSDZaaVU2R3Zfc0pIcmdqSHlYQWxpdFBiWHJ4VEs0QkdJLWtHU3RsLWhSQTJCTVhpaDNndDZpQ0E?oc=5
RSS_CBMinAFBVV95cUxQYjhtUWU2ZVV6RkZxNVpOa3pIaEhvLVJNTTFBT2VVOFdsR3dkRUdCdmlrU3dBaWdwbFJtaVhycEo0aHE5MkZ5a0d5T3hzZnMwOVdhQXhtS0JwQmxXN2E5SGhHb0FYeHJNX2luV004aVphSnRlbkR4UUVFb01aQlczbUpYOXBSdFY5clVrbkJJM3NWcDFuYUpoUDFsSXE,r/Homebuilding,Havells,Homebuilder / Designer,4,Wanting feedback on my modest house plan - Reddit,https://news.google.com/rss/articles/CBMinAFBVV95cUxQYjhtUWU2ZVV6RkZxNVpOa3pIaEhvLVJNTTFBT2VVOFdsR3dkRUdCdmlrU3dBaWdwbFJtaVhycEo0aHE5MkZ5a0d5T3hzZnMwOVdhQXhtS0JwQmxXN2E5SGhHb0FYeHJNX2luV004aVphSnRlbkR4UUVFb01aQlczbUpYOXBSdFY5clVrbkJJM3NWcDFuYUpoUDFsSXE?oc=5
RSS_CBMikwFBVV95cUxNVzdxc01zYUdhaU9LMHRzSWRpcHFNaGZyb1BEcHJMWURHeHRLNlFQR1l2aDZnVzAzNW96UURvTkNaeXUtSzl0RTFFVHVrV2dWX3l4dUtNZEUtZXZra2x0TWZ5S3VBX2ZPakNXN25XSzktWG9qT1lVQ1AzWmh0LW9hYnI4bE0tVkhrMU1uNDY4MXRsakU,r/Homebuilding,Havells,Homebuilder / Designer,4,How do you do this? (Faucet on wall) - Reddit,https://news.google.com/rss/articles/CBMikwFBVV95cUxNVzdxc01zYUdhaU9LMHRzSWRpcHFNaGZyb1BEcHJMWURHeHRLNlFQR1l2aDZnVzAzNW96UURvTkNaeXUtSzl0RTFFVHVrV2dWX3l4dUtNZEUtZXZra2x0TWZ5S3VBX2ZPakNXN25XSzktWG9qT1lVQ1AzWmh0LW9hYnI4bE0tVkhrMU1uNDY4MXRsakU?oc=5
RSS_CBMiqAFBVV95cUxOOHVyOVN1UnBxSFJEUkJfaUoxLXZLekxiNDRCTWxiUEdfb01oTGQyRFJ3TzFMZzBZbm9QT1V4aWRQb3V4QVJncXRzZnFrR2xDU1R1M191WFZ2aFVxMjQtcEtNOS03QUZJZWhTdHNUU0J5ZlAxMG5kV3cxcDFMZTZORFJPRkVWQXd0LW9LOFpBLTVIUERlX21pNWxzSlh5V3NPdkFoU2VRd3c,r/Homebuilding,Havells,Homebuilder / Designer,4,Interior Doors - Solid Core or Hallow? Mix and Match? - Reddit,https://news.google.com/rss/articles/CBMiqAFBVV95cUxOOHVyOVN1UnBxSFJEUkJfaUoxLXZLekxiNDRCTWxiUEdfb01oTGQyRFJ3TzFMZzBZbm9QT1V4aWRQb3V4QVJncXRzZnFrR2xDU1R1M191WFZ2aFVxMjQtcEtNOS03QUZJZWhTdHNUU0J5ZlAxMG5kV3cxcDFMZTZORFJPRkVWQXd0LW9LOFpBLTVIUERlX21pNWxzSlh5V3NPdkFoU2VRd3c?oc=5
RSS_CBMiogFBVV95cUxPejZEZGxIOVRGWmFkNkFoR0dDNXpfSC1fSWpuZUl4MGFHQ2JvYzVmRlY0aExXYkRxNXcxWldpNnpnZGh4N2xpX2FTaG1UdC1WYXFqUWlMNDJWczIwclVIUDNBTWtiN0F1UFRWTmF1VEpRd19KSWVaR292V2NJT19pT29KTkF0SllCM2NtSjNpNWhxLXdxdXBnOUdjR0dTcEF0T2c,r/Homebuilding,Havells,Homebuilder / Designer,4,"thoughts on ""regular"" vs VFD water-well systems? - Reddit",https://news.google.com/rss/articles/CBMiogFBVV95cUxPejZEZGxIOVRGWmFkNkFoR0dDNXpfSC1fSWpuZUl4MGFHQ2JvYzVmRlY0aExXYkRxNXcxWldpNnpnZGh4N2xpX2FTaG1UdC1WYXFqUWlMNDJWczIwclVIUDNBTWtiN0F1UFRWTmF1VEpRd19KSWVaR292V2NJT19pT29KTkF0SllCM2NtSjNpNWhxLXdxdXBnOUdjR0dTcEF0T2c?oc=5
RSS_CBMinAFBVV95cUxOMEVKYlhJRWl6UTl3MGRrb1dSeGpITS1LY0dzWW5NTDhEWnp1LW5TbHR0LVRscDFnTzJRZ25BV1dZMVdLTmRqZmlCcFgyZGVRWVJLa2xuRjJqeS1MUlNhb3A0NUFqNXdvT0JMOHF2Y19MMW5seElCS0dVcmxsMmJ4eVR5djNFQUR0STRzRXU1TEN2U01PazgwckpGUVk,r/Homebuilding,Havells,Homebuilder / Designer,4,Suggestion of things to do as preventive maintenance in a house - Reddit,https://news.google.com/rss/articles/CBMinAFBVV95cUxOMEVKYlhJRWl6UTl3MGRrb1dSeGpITS1LY0dzWW5NTDhEWnp1LW5TbHR0LVRscDFnTzJRZ25BV1dZMVdLTmRqZmlCcFgyZGVRWVJLa2xuRjJqeS1MUlNhb3A0NUFqNXdvT0JMOHF2Y19MMW5seElCS0dVcmxsMmJ4eVR5djNFQUR0STRzRXU1TEN2U01PazgwckpGUVk?oc=5
RSS_CBMikgFBVV95cUxNWFRrdVVLalN0c2ltNXE5QWJ2ZmJNVkQ1N2NESTZ0QWZDMWZodnR4SmhiT0txMmZZQ1o5RTVROWtwLUd5dmpyUkhPSm9BRlJvdk1rZFV4UkJvb2tXaHhQS3hUU2l0dU5JbUpFUm1OR2RzSmp0RjNXRHZ0Q2JxVXhuczM5WjhzVUhJQTk4TG9ISkhLUQ,r/Homebuilding,Havells,Homebuilder / Designer,4,2x4 vs 2x6 Garage Exterior Walls. - Reddit,https://news.google.com/rss/articles/CBMikgFBVV95cUxNWFRrdVVLalN0c2ltNXE5QWJ2ZmJNVkQ1N2NESTZ0QWZDMWZodnR4SmhiT0txMmZZQ1o5RTVROWtwLUd5dmpyUkhPSm9BRlJvdk1rZFV4UkJvb2tXaHhQS3hUU2l0dU5JbUpFUm1OR2RzSmp0RjNXRHZ0Q2JxVXhuczM5WjhzVUhJQTk4TG9ISkhLUQ?oc=5
RSS_CBMipgFBVV95cUxPWmVCS1FqY3IxUG9iRkROOTN6UjZlSWFueFlNcUFWdW43dWxCaEs2dDhSdFllSUNRX3dWOXFxVmQ1cWpMUlNMYkJ2a1Nfd1ktUFpsbDMzdV8tT3hyU1RBcjlrVGRyVGF6QkFnakNDQmNCWGZjZkV3Vk5nUmNVbHl6VWFCMXpoUm5adC00eXZkWGFCaTUzc1FpWm1QNEdsVGVZbndCMC13,r/Homebuilding,Havells,Homebuilder / Designer,4,What insulation can I use on the roof of my tiny house? - Reddit,https://news.google.com/rss/articles/CBMipgFBVV95cUxPWmVCS1FqY3IxUG9iRkROOTN6UjZlSWFueFlNcUFWdW43dWxCaEs2dDhSdFllSUNRX3dWOXFxVmQ1cWpMUlNMYkJ2a1Nfd1ktUFpsbDMzdV8tT3hyU1RBcjlrVGRyVGF6QkFnakNDQmNCWGZjZkV3Vk5nUmNVbHl6VWFCMXpoUm5adC00eXZkWGFCaTUzc1FpWm1QNEdsVGVZbndCMC13?oc=5
RSS_CBMiigFBVV95cUxPUWMzd3QxZkdMNWhoNk8xOEtzY2owMEpNd2ZVQ1VxMDRZOHhTakdPUGRJbTNXc3luUUJ4YmxLUTNoVi1tM1hFblhRcTFDSXBfNDFCUDBrOElnQ1ZUTTFZYTBhWEgycUZOOVZ1SE1UckJlMW5INHZJWTFqV29qU0EyQnp5LTBjSTF1U2c,r/Homebuilding,Havells,Homebuilder / Designer,4,Is everyone going laminate? - Reddit,https://news.google.com/rss/articles/CBMiigFBVV95cUxPUWMzd3QxZkdMNWhoNk8xOEtzY2owMEpNd2ZVQ1VxMDRZOHhTakdPUGRJbTNXc3luUUJ4YmxLUTNoVi1tM1hFblhRcTFDSXBfNDFCUDBrOElnQ1ZUTTFZYTBhWEgycUZOOVZ1SE1UckJlMW5INHZJWTFqV29qU0EyQnp5LTBjSTF1U2c?oc=5
RSS_CBMijAFBVV95cUxOODB2VUVMR3NuVEoxQzlFemF5RjVWcDluaWswcmZmSm1sY3dSMWFJaW1iaFJtcmxEeW5VZnNhS2ppZVhJa0dzUHE4MjZNZ09ZcU9taWZNZENxdEhZMFFMUnRPN0p4SWM3ZFlMZmlva0ZHcFVYOHhPb2FYYWdCNzJLcjc3d1ZYOGQxUHd2Vg,r/Homebuilding,Havells,Homebuilder / Designer,4,Two window framing questions... - Reddit,https://news.google.com/rss/articles/CBMijAFBVV95cUxOODB2VUVMR3NuVEoxQzlFemF5RjVWcDluaWswcmZmSm1sY3dSMWFJaW1iaFJtcmxEeW5VZnNhS2ppZVhJa0dzUHE4MjZNZ09ZcU9taWZNZENxdEhZMFFMUnRPN0p4SWM3ZFlMZmlva0ZHcFVYOHhPb2FYYWdCNzJLcjc3d1ZYOGQxUHd2Vg?oc=5
RSS_CBMid0FVX3lxTE1XMmx3RHlQRXp4V3RrWWIySlA4T0VtSkV6VGNyVEFwQ2JvMm41LVNLWFBWTkpwRW02RVpFeUVNMFg5TXU2ZjZrbE1ycVZtbXhZZGwtUUFPUUhnZE9zS2hLYm9jcFhsbWRETFpyZ08tUEZxZjFkTm5v,r/Homebuilding,Havells,Homebuilder / Designer,4,Pocket doors - Reddit,https://news.google.com/rss/articles/CBMid0FVX3lxTE1XMmx3RHlQRXp4V3RrWWIySlA4T0VtSkV6VGNyVEFwQ2JvMm41LVNLWFBWTkpwRW02RVpFeUVNMFg5TXU2ZjZrbE1ycVZtbXhZZGwtUUFPUUhnZE9zS2hLYm9jcFhsbWRETFpyZ08tUEZxZjFkTm5v?oc=5
RSS_CBMiqgFBVV95cUxOZ1FIa01IM2h4bmNITmRFV2E2T3ZYZHpGWjdnSmFwQWRHMkZKbncwY0s4ZlkwOGEyMHNOLU5iaGJjNUFWRkZucG9MbUx1dGVqX3h5MkpnSVFIdzh0NUVWUFhxRDIwMTJSVUVlWC03MzU5eWtKTzJLdS1xdzFfdnJ4ZU9hcWU3eVMxUU9pa3NUeklfVXl2LWNJZFZ5LS1iQUR6c3cwN2NMNndIdw,r/Homebuilding,Havells,Homebuilder / Designer,4,What Features Would You Put Into Your Forever Home? - Reddit,https://news.google.com/rss/articles/CBMiqgFBVV95cUxOZ1FIa01IM2h4bmNITmRFV2E2T3ZYZHpGWjdnSmFwQWRHMkZKbncwY0s4ZlkwOGEyMHNOLU5iaGJjNUFWRkZucG9MbUx1dGVqX3h5MkpnSVFIdzh0NUVWUFhxRDIwMTJSVUVlWC03MzU5eWtKTzJLdS1xdzFfdnJ4ZU9hcWU3eVMxUU9pa3NUeklfVXl2LWNJZFZ5LS1iQUR6c3cwN2NMNndIdw?oc=5
RSS_CBMipwFBVV95cUxNUEZVaXg0OUlSdXYwalFWX0Z4NngteElucWJSSU5rSDZtRnFUUXM3ZlEtWEhDbzU3UFNURDg4eWQtMmlzVzFGUUVvOVlCZ1ZKY2VJMEZHZ1E4V285YzR4LU9pZVdlb1RzcFViTHAzYlhUMkNkLVNRaEFxZ0M4RWg2QnA5ZHBjaDVmOC1WWnBWaU9QdFoxX25mZzQ5bl9aVmZPamxLb0Y3aw,r/Homebuilding,Havells,Homebuilder / Designer,4,Advice on tearing down old house and building new? - Reddit,https://news.google.com/rss/articles/CBMipwFBVV95cUxNUEZVaXg0OUlSdXYwalFWX0Z4NngteElucWJSSU5rSDZtRnFUUXM3ZlEtWEhDbzU3UFNURDg4eWQtMmlzVzFGUUVvOVlCZ1ZKY2VJMEZHZ1E4V285YzR4LU9pZVdlb1RzcFViTHAzYlhUMkNkLVNRaEFxZ0M4RWg2QnA5ZHBjaDVmOC1WWnBWaU9QdFoxX25mZzQ5bl9aVmZPamxLb0Y3aw?oc=5
RSS_CBMijgFBVV95cUxQem82TFcySnA5dFVzMHBqQi1sZmdTWjVmTzR3RVNGZTZ6TjVoVS13eUlwLWtQOW54YWlNbGpkU0w3emJDcy12ay1MbUZBY0hCOUpXRmZUNnpnWDFUWXZyVlMtVkJ0RVpNUFhuT1p5UlNmbHVfaEpSM2dfZ2dfbkVldEpiXzg3b1BrTXZpSG9R,r/Homebuilding,Havells,Homebuilder / Designer,4,Home building regrets or tips? - Reddit,https://news.google.com/rss/articles/CBMijgFBVV95cUxQem82TFcySnA5dFVzMHBqQi1sZmdTWjVmTzR3RVNGZTZ6TjVoVS13eUlwLWtQOW54YWlNbGpkU0w3emJDcy12ay1MbUZBY0hCOUpXRmZUNnpnWDFUWXZyVlMtVkJ0RVpNUFhuT1p5UlNmbHVfaEpSM2dfZ2dfbkVldEpiXzg3b1BrTXZpSG9R?oc=5
RSS_CBMihgFBVV95cUxPMnZKSG44WkRQX2dZUXVEQ1I2T3JGTkRCOXN1eWtGNFNYdy1BNmJLMGtFRXZ5UmZJQjJpMGF3T0xvMHB4b2E4a1N1YVlRREVpTjJjalZLemZnYW12VGw5SzRWajZTZlduMnQtd0swdXBxLU9peW80bGoyYmtkdjhGYVptVE0yZw,r/Homebuilding,Havells,Homebuilder / Designer,4,Feedback on Floor Plans - Reddit,https://news.google.com/rss/articles/CBMihgFBVV95cUxPMnZKSG44WkRQX2dZUXVEQ1I2T3JGTkRCOXN1eWtGNFNYdy1BNmJLMGtFRXZ5UmZJQjJpMGF3T0xvMHB4b2E4a1N1YVlRREVpTjJjalZLemZnYW12VGw5SzRWajZTZlduMnQtd0swdXBxLU9peW80bGoyYmtkdjhGYVptVE0yZw?oc=5
RSS_CBMiogFBVV95cUxPZDUyX0hHUllrNnZ2Qmx0d2dIVk9IT0lMYVliczhuOHd0bGxqWVdnc25UQ211bVJPaklWNTVwVjU2aTRzbll4NjluekNhZXN0YnNJR19pWmdjbTI5V09TeGx4N1ZSX1NBSi1rTEd3VXZJRzQ4LW1YN1RfbTNsdV9TQ2pKVEV1M0dXSkt6dTNIVVROU0lDbDl6SkZvR1ExQWc4R1E,r/Homebuilding,Havells,Homebuilder / Designer,4,What custom features/cool things would you put into a new home you were building? - Reddit,https://news.google.com/rss/articles/CBMiogFBVV95cUxPZDUyX0hHUllrNnZ2Qmx0d2dIVk9IT0lMYVliczhuOHd0bGxqWVdnc25UQ211bVJPaklWNTVwVjU2aTRzbll4NjluekNhZXN0YnNJR19pWmdjbTI5V09TeGx4N1ZSX1NBSi1rTEd3VXZJRzQ4LW1YN1RfbTNsdV9TQ2pKVEV1M0dXSkt6dTNIVVROU0lDbDl6SkZvR1ExQWc4R1E?oc=5
RSS_CBMikAFBVV95cUxQWFpYSUhQd3ZjUDYyWk1kWG1DVlY5eUFZSXctd1lwczZaREF0SF9ULWlDUm8zVmsxdm0xRUZzSG1lb0JfRUVWN1Y2dUdRWjFDSkxHOEJOVmRUZEZObkZNUVh6WjlFdnJvNUIzRmRwUjJBNDlMREQ3XzhkaklzV1NLMmhHc2FQZGRHV1Nfa1BPZEM,r/Homebuilding,Havells,Homebuilder / Designer,4,Demo -what to do with appliances? - Reddit,https://news.google.com/rss/articles/CBMikAFBVV95cUxQWFpYSUhQd3ZjUDYyWk1kWG1DVlY5eUFZSXctd1lwczZaREF0SF9ULWlDUm8zVmsxdm0xRUZzSG1lb0JfRUVWN1Y2dUdRWjFDSkxHOEJOVmRUZEZObkZNUVh6WjlFdnJvNUIzRmRwUjJBNDlMREQ3XzhkaklzV1NLMmhHc2FQZGRHV1Nfa1BPZEM?oc=5
RSS_CBMilwFBVV95cUxPc1lwenExV3BDbWRIbHVXYllCUzREOC1GamlRaTQzd0tlZ2VZYUJ4cXJSZ2w3M2VWMGphU1o4T2ZKWW9BYlUzeS1DU0U1eGd0N2RGaHNicVpQLWFFMTZRVlk5aWVUZ1ctVFZuZjk0Tk44SGRMRFM3ZEI3QVRVV1hvVkFVeHdBMENlTnBPMHdUNW1ZVERHclJJ,r/Homebuilding,Havells,Homebuilder / Designer,4,Thoughts on a ranch style vs 2 story - Reddit,https://news.google.com/rss/articles/CBMilwFBVV95cUxPc1lwenExV3BDbWRIbHVXYllCUzREOC1GamlRaTQzd0tlZ2VZYUJ4cXJSZ2w3M2VWMGphU1o4T2ZKWW9BYlUzeS1DU0U1eGd0N2RGaHNicVpQLWFFMTZRVlk5aWVUZ1ctVFZuZjk0Tk44SGRMRFM3ZEI3QVRVV1hvVkFVeHdBMENlTnBPMHdUNW1ZVERHclJJ?oc=5
RSS_CBMimwFBVV95cUxQVXZtekIxTnQ4SFBkTEJhRzBsb3VmZlE4RG5VX3phS2djVjlWLWNKMkRkNHBjVGNTdmZyMUc4ZVl4MC1uZmEtaS1uUGs5SGd6VzRlYUhCS2VtUmcyN2FxZG0zTmRVa0d0TnJ0bkswSWFtNlJDMzlzeFpqQVpWaEFqSUg1WkMzNFAxT1dKclJ1UlQwNThUNWh3UDRFOA,r/Homebuilding,Havells,Homebuilder / Designer,4,Rockwool Comfortbatt vs Fibreglass batt. - Reddit,https://news.google.com/rss/articles/CBMimwFBVV95cUxQVXZtekIxTnQ4SFBkTEJhRzBsb3VmZlE4RG5VX3phS2djVjlWLWNKMkRkNHBjVGNTdmZyMUc4ZVl4MC1uZmEtaS1uUGs5SGd6VzRlYUhCS2VtUmcyN2FxZG0zTmRVa0d0TnJ0bkswSWFtNlJDMzlzeFpqQVpWaEFqSUg1WkMzNFAxT1dKclJ1UlQwNThUNWh3UDRFOA?oc=5
RSS_CBMijwFBVV95cUxNY0Jaek83dTc2c3BkYmxoUDBmbklPam9UWnJlanFpS3NEbGZiRFpGRVdQWC1CV0lFOGV2Q04wMkxZQUtEZ3VwWlFrNjJ6SXRhOWFFNGYySVNXQlVsNUFoR25GREZ4MVUtTGZsYnJuRlVVOVM1TnluckNxU0FxRVRPMmR1R1hjMlVsdmNQRUJfRQ,r/Homebuilding,Havells,Homebuilder / Designer,4,Exterior walls with 2x4 or 2x6 - Reddit,https://news.google.com/rss/articles/CBMijwFBVV95cUxNY0Jaek83dTc2c3BkYmxoUDBmbklPam9UWnJlanFpS3NEbGZiRFpGRVdQWC1CV0lFOGV2Q04wMkxZQUtEZ3VwWlFrNjJ6SXRhOWFFNGYySVNXQlVsNUFoR25GREZ4MVUtTGZsYnJuRlVVOVM1TnluckNxU0FxRVRPMmR1R1hjMlVsdmNQRUJfRQ?oc=5
RSS_CBMiogFBVV95cUxQR3A2TEU3RFhZQnlkZ1M2c2NneDI1UjBnSUNibG9OdzM0cDJudDYyOWtuazlUUTRpOGVDUmR0c0p4cThFeHVhSlp5Q0hsMGc3TTQ4aFVBMjJKQzQ2N3pVYUkyX3Rhc3JmZC1zZUd2WmhWQUFRR2JfYzF4eW9BTlJ6eEh5QnVhTDQwYjgxOENHbmpkd1BtREhXMWkwTUppblRMMUE,r/Homebuilding,Havells,Homebuilder / Designer,4,What are people doing for countertop outlets? - Reddit,https://news.google.com/rss/articles/CBMiogFBVV95cUxQR3A2TEU3RFhZQnlkZ1M2c2NneDI1UjBnSUNibG9OdzM0cDJudDYyOWtuazlUUTRpOGVDUmR0c0p4cThFeHVhSlp5Q0hsMGc3TTQ4aFVBMjJKQzQ2N3pVYUkyX3Rhc3JmZC1zZUd2WmhWQUFRR2JfYzF4eW9BTlJ6eEh5QnVhTDQwYjgxOENHbmpkd1BtREhXMWkwTUppblRMMUE?oc=5
RSS_CBMiogFBVV95cUxPQjdVcmp4bDZxeEdiRmRfMmJuV2twQ3NIQUdOWmM5Wm9UbUdBQ3pjWkE5bV9yWlFaZ1FXak1KQkFUa0NpaEVsQ005SDhUZ0VEXzc4ZnB5Rko0YnRITUZ2VmlfQlp3Z3BrTGl0R1N1cTd4ei13dmtyMzV0RTNZOWN1d1J2YXhsVVFBRlR0amlfRWNMMllET2tfdmdLbnl3azNRUnc,r/Homebuilding,Havells,Homebuilder / Designer,4,is spray foam insulation worth it if you are gonna live in the house for 25+ years? - Reddit,https://news.google.com/rss/articles/CBMiogFBVV95cUxPQjdVcmp4bDZxeEdiRmRfMmJuV2twQ3NIQUdOWmM5Wm9UbUdBQ3pjWkE5bV9yWlFaZ1FXak1KQkFUa0NpaEVsQ005SDhUZ0VEXzc4ZnB5Rko0YnRITUZ2VmlfQlp3Z3BrTGl0R1N1cTd4ei13dmtyMzV0RTNZOWN1d1J2YXhsVVFBRlR0amlfRWNMMllET2tfdmdLbnl3azNRUnc?oc=5
RSS_CBMioAFBVV95cUxOUVM2M2hVN2VBNjVhUGNOSThhaUZ3TTdHOEVpRmhzWWtDYThUQ1BtYXo2cGJVeThXNUU4U3FZUFhGVzRnNS1ydmVXeGFrQXNxbk9IbmpGWjdaYWVKX2tHSUFXc3l5b0F1cnMtVXM4aEloRFpiSkNxWnhRc05zNmJuNG4zTEVVYkxEWm95NTllMVZMTUoxWVZRZXVHT0xOZUpG,r/Homebuilding,Havells,Homebuilder / Designer,4,Which way would you place the planks on the landing? - Reddit,https://news.google.com/rss/articles/CBMioAFBVV95cUxOUVM2M2hVN2VBNjVhUGNOSThhaUZ3TTdHOEVpRmhzWWtDYThUQ1BtYXo2cGJVeThXNUU4U3FZUFhGVzRnNS1ydmVXeGFrQXNxbk9IbmpGWjdaYWVKX2tHSUFXc3l5b0F1cnMtVXM4aEloRFpiSkNxWnhRc05zNmJuNG4zTEVVYkxEWm95NTllMVZMTUoxWVZRZXVHT0xOZUpG?oc=5
RSS_CBMiqgFBVV95cUxNTXZjUy00bXV4OGJUdEoxd2Rzc1ZYQWt4Qk5PVDVmTGdieUFZY0JfQ1BQY0gtcTJGbkNuZXRmTXFCU0R0akdOWmpQMWw2YkZwemUxVGlsenhoa09ia0t2OTdtb1RFUm1HWG1XOXhkUnJYYldVUHdqVUF2Zm5ZNWxPN1cwcllwY3c5N0FhWlpFeDBCamNlem1NcFhlYjQtamJKNDlMWnRIbGtIdw,r/Homebuilding,Havells,Homebuilder / Designer,4,4 2x6 sandwiched adequate replacement for 6x6 post? - Reddit,https://news.google.com/rss/articles/CBMiqgFBVV95cUxNTXZjUy00bXV4OGJUdEoxd2Rzc1ZYQWt4Qk5PVDVmTGdieUFZY0JfQ1BQY0gtcTJGbkNuZXRmTXFCU0R0akdOWmpQMWw2YkZwemUxVGlsenhoa09ia0t2OTdtb1RFUm1HWG1XOXhkUnJYYldVUHdqVUF2Zm5ZNWxPN1cwcllwY3c5N0FhWlpFeDBCamNlem1NcFhlYjQtamJKNDlMWnRIbGtIdw?oc=5
RSS_CBMipgFBVV95cUxPVFpKNTVQTWtxOWxUaTZ6dDQ1QXFFd1o4RTNwOUpfd1FiZlZfMWRtQUEzMlV0LU9DOGJpQ0tyZlZfbWs2bEkybUFHRjIzSUxYTi1BcDByaEh1dWNMaE1VRGRNS05xaU16TnB1aTlJbmVsSV94aFRsdDV5ajBFVXBpS0c3RkZoNTZqd29VenB5RFFFOEc5cTVhcGdabjBGdGhxNW5VTnFR,r/Homebuilding,Havells,Homebuilder / Designer,4,Neighbor is requesting access to my transformer. - Reddit,https://news.google.com/rss/articles/CBMipgFBVV95cUxPVFpKNTVQTWtxOWxUaTZ6dDQ1QXFFd1o4RTNwOUpfd1FiZlZfMWRtQUEzMlV0LU9DOGJpQ0tyZlZfbWs2bEkybUFHRjIzSUxYTi1BcDByaEh1dWNMaE1VRGRNS05xaU16TnB1aTlJbmVsSV94aFRsdDV5ajBFVXBpS0c3RkZoNTZqd29VenB5RFFFOEc5cTVhcGdabjBGdGhxNW5VTnFR?oc=5
RSS_CBMiigFBVV95cUxOMWVIOXlkZFVyOVN1Y21XR056Tldjc19fUFFQNlNlME93QkhpTk8wdkUxUkxxa3hvWm5Xem1NT2lzR0ZURjd3QW5OamFhT2RvRWxNczVqN2RCN0NjUThoc1N6cEZ1TjNIRHJTMlJNZHFCNnVMMElvZ3BzZWlVYjlKNmd0QjdsWlRHeFE,r/Homebuilding,Havells,Homebuilder / Designer,4,LP Siding Nail Gun Adaptor - Reddit,https://news.google.com/rss/articles/CBMiigFBVV95cUxOMWVIOXlkZFVyOVN1Y21XR056Tldjc19fUFFQNlNlME93QkhpTk8wdkUxUkxxa3hvWm5Xem1NT2lzR0ZURjd3QW5OamFhT2RvRWxNczVqN2RCN0NjUThoc1N6cEZ1TjNIRHJTMlJNZHFCNnVMMElvZ3BzZWlVYjlKNmd0QjdsWlRHeFE?oc=5
RSS_CBMipwFBVV95cUxOR2xjczkxeVozX1VVSDJ6TFAtNkNIYjJKN21jOTA0S2NBTHAzZWs2bXNWUWlMRmFBMlh4c1IxdlRXSDNNYzFOTWJTNTZqS0hpaEpObWNFYjRZSUtQZnBhWmkzSzJsYlJwNFlDaktNSllLampSaHhWMmdSOFJmVW9qY2E4WjhuaW1HeHk0SU80bUp6UWlBUkNfMjcwSGU1UjhnWjR2aDhzYw,r/Homebuilding,Havells,Homebuilder / Designer,4,Which bathroom ventilation fan brand/model to buy? - Reddit,https://news.google.com/rss/articles/CBMipwFBVV95cUxOR2xjczkxeVozX1VVSDJ6TFAtNkNIYjJKN21jOTA0S2NBTHAzZWs2bXNWUWlMRmFBMlh4c1IxdlRXSDNNYzFOTWJTNTZqS0hpaEpObWNFYjRZSUtQZnBhWmkzSzJsYlJwNFlDaktNSllLampSaHhWMmdSOFJmVW9qY2E4WjhuaW1HeHk0SU80bUp6UWlBUkNfMjcwSGU1UjhnWjR2aDhzYw?oc=5
RSS_CBMilgFBVV95cUxQYURwSzJZeFpkZ1czdW43Y0ZBRGVhN0dUZzVfd0VVMGdnM0E5b0U4TW5nYldvYWNHcDFiVGEtckZYT3BTbi1YcHFqVkJqUEptbVVFX0pWOFNrNkpMbldJd0xxNUNVbW1JeU41bjZ1VnZwS2ptQ25fOHUyaVdWN3hFQmdkcHZyVlF5RjF2YmhKcTVMbkZXVmc,r/Homebuilding,Havells,Homebuilder / Designer,4,looking for power under the cabinet - Reddit,https://news.google.com/rss/articles/CBMilgFBVV95cUxQYURwSzJZeFpkZ1czdW43Y0ZBRGVhN0dUZzVfd0VVMGdnM0E5b0U4TW5nYldvYWNHcDFiVGEtckZYT3BTbi1YcHFqVkJqUEptbVVFX0pWOFNrNkpMbldJd0xxNUNVbW1JeU41bjZ1VnZwS2ptQ25fOHUyaVdWN3hFQmdkcHZyVlF5RjF2YmhKcTVMbkZXVmc?oc=5
RSS_CBMiiwFBVV95cUxNeGxsWTZNV291dmNMUUQzdWdOUDJLd25Hc2VTUkp1MUtGLWMwdy1CUTJzUVBIRjNrekhjRm1raVotcGdCMkpnZXVnOUx0bmhmMjc3Zy04SXVBeFhkSWxoOHdvc2dPbWlyMmd2bkw1eGFScTBWZWR2TEtXb3FLNzB0MDdKYUxxU0RnWEZR,r/Homebuilding,Havells,Homebuilder / Designer,4,Mid - High End Home Materials - Reddit,https://news.google.com/rss/articles/CBMiiwFBVV95cUxNeGxsWTZNV291dmNMUUQzdWdOUDJLd25Hc2VTUkp1MUtGLWMwdy1CUTJzUVBIRjNrekhjRm1raVotcGdCMkpnZXVnOUx0bmhmMjc3Zy04SXVBeFhkSWxoOHdvc2dPbWlyMmd2bkw1eGFScTBWZWR2TEtXb3FLNzB0MDdKYUxxU0RnWEZR?oc=5
RSS_CBMiqAFBVV95cUxPUF8xREpXOFgwc1ZWbENZRWMwbks4Z3YtZ3QzdzVXalVJLXNKUGJXb0wxRjVtYWhWT09UWVpLaFppcjh2dmRYcUVJdENIQUpDMkdEdkZUbE56d3NfeFdSc3RsLXVVR1RJWkp4ZXBRcEU0eEwzUXFBVnRSQW52WGxKMEx3UG5qR2lpb0dQTzFUM2owakhZZDI0QjNUUDc1NGxiT0FQLURRbzA,r/Homebuilding,Anchor,Homebuilder / Designer,4,Any suggestion blocking with anchor plates in the way? - Reddit,https://news.google.com/rss/articles/CBMiqAFBVV95cUxPUF8xREpXOFgwc1ZWbENZRWMwbks4Z3YtZ3QzdzVXalVJLXNKUGJXb0wxRjVtYWhWT09UWVpLaFppcjh2dmRYcUVJdENIQUpDMkdEdkZUbE56d3NfeFdSc3RsLXVVR1RJWkp4ZXBRcEU0eEwzUXFBVnRSQW52WGxKMEx3UG5qR2lpb0dQTzFUM2owakhZZDI0QjNUUDc1NGxiT0FQLURRbzA?oc=5
RSS_CBMiiAFBVV95cUxNNm5rR0l1WDVVNnZMcmFtX2dJelFfOHYzU1o1b2k0TmxjRGNDVWNXQnVKQnlPd0V1U0o0dE50bzBuZ2ZwUmsyYUQ2bXI4WkhPakNOUkprMXBieFE5NjNKVUhGS29SRGYtU29sRklSdkxTRWhBd2tfUVZoa1JJZVhfcEVtT1ZTRXhi,r/Homebuilding,Havells,Homebuilder / Designer,4,How concerned should I be? - Reddit,https://news.google.com/rss/articles/CBMiiAFBVV95cUxNNm5rR0l1WDVVNnZMcmFtX2dJelFfOHYzU1o1b2k0TmxjRGNDVWNXQnVKQnlPd0V1U0o0dE50bzBuZ2ZwUmsyYUQ2bXI4WkhPakNOUkprMXBieFE5NjNKVUhGS29SRGYtU29sRklSdkxTRWhBd2tfUVZoa1JJZVhfcEVtT1ZTRXhi?oc=5
RSS_CBMioAFBVV95cUxPbHBKSnBsZGZfbGpTNTdhTEdoWXU0YlEzYlRpMW8tb1NWVkEwX05xdmcweU1Ha2Y4WEJEQjhENks1TFByekxxaFExOUZQYWRfRFg0aGN0VDR6ai1KTmh3cnMtVmdxbGpzRV9qcGZNRDVYeVpzQnFmWXBRTjlDZkROSlVpSFRHSEE1NnBLV2RwUmJrbjJ4MmcxX2I4NElzanRP,r/Homebuilding,Anchor,Homebuilder / Designer,4,Deck post not flush with anchor—how big of a problem is this? - Reddit,https://news.google.com/rss/articles/CBMioAFBVV95cUxPbHBKSnBsZGZfbGpTNTdhTEdoWXU0YlEzYlRpMW8tb1NWVkEwX05xdmcweU1Ha2Y4WEJEQjhENks1TFByekxxaFExOUZQYWRfRFg0aGN0VDR6ai1KTmh3cnMtVmdxbGpzRV9qcGZNRDVYeVpzQnFmWXBRTjlDZkROSlVpSFRHSEE1NnBLV2RwUmJrbjJ4MmcxX2I4NElzanRP?oc=5
RSS_CBMikwFBVV95cUxOcXpDeE11V1dQYkRWM0tYSVVVbU5ZUFpXRnYyOHBhbVhiLUNYQmp2S2RxQlBFWDg1WnpYcEhZRGZ0cVBXU0JHOTFJelc5WTdKekxzYWg0LV92Z0t2d3BaNmE0RHhLalFwVDdGY0UwQlZ6M25XQjg4clNsc2Z1ZlZBMFhFb3dpSUVhT3lDVjhoUEVIZ2M,r/Homebuilding,Anchor,Homebuilder / Designer,4,Anchor bolts misaligned with wall. - Reddit,https://news.google.com/rss/articles/CBMikwFBVV95cUxOcXpDeE11V1dQYkRWM0tYSVVVbU5ZUFpXRnYyOHBhbVhiLUNYQmp2S2RxQlBFWDg1WnpYcEhZRGZ0cVBXU0JHOTFJelc5WTdKekxzYWg0LV92Z0t2d3BaNmE0RHhLalFwVDdGY0UwQlZ6M25XQjg4clNsc2Z1ZlZBMFhFb3dpSUVhT3lDVjhoUEVIZ2M?oc=5
RSS_CBMinwFBVV95cUxNNUQxU2JFcGZ0SnZYXzI4b1NCNzJaT1ZjQ3l2MjdWNk5JRWVySmNvRVMtZG9mYjVfY3N1SmtqYjJUT3JIbk5UaURvOGpxTXJMLTZmaGZPLXE2M044eWU2d2laemtJZmstTU15TUktUDJCV3BuTzljeC1WTDFGX0dCeW8wcUlYVXk0TWJsYUx3Wk10NmVMQ3BxSVItdzJhdEE,r/Homebuilding,Anchor,Homebuilder / Designer,4,Best way to anchor stair stringer to floor? - Reddit,https://news.google.com/rss/articles/CBMinwFBVV95cUxNNUQxU2JFcGZ0SnZYXzI4b1NCNzJaT1ZjQ3l2MjdWNk5JRWVySmNvRVMtZG9mYjVfY3N1SmtqYjJUT3JIbk5UaURvOGpxTXJMLTZmaGZPLXE2M044eWU2d2laemtJZmstTU15TUktUDJCV3BuTzljeC1WTDFGX0dCeW8wcUlYVXk0TWJsYUx3Wk10NmVMQ3BxSVItdzJhdEE?oc=5
RSS_CBMiqAFBVV95cUxOR2hEcko4TXV2U2hxNy15SnlhOURaaDNqcGR4OW9tdk1SbzNJdHF6Q21aRmp6Rmo4MFQwb3c1a0dERUg2QUNLaWdjeHUwZGQ0LVBEWmNNdFV6TEpHSnJnNTNWVDludmQzZWJDcWY1UnVrdTZmbWJTQ2xrOFRyQWd6cDhNb3JxRndqRkVZc0hsbF9lVTAwdnlXTGVBT09jYVBZbEctcDAtX3Q,r/Homebuilding,Anchor,Homebuilder / Designer,4,Seeking Advice on Buying a Home with Wall Anchors - Reddit,https://news.google.com/rss/articles/CBMiqAFBVV95cUxOR2hEcko4TXV2U2hxNy15SnlhOURaaDNqcGR4OW9tdk1SbzNJdHF6Q21aRmp6Rmo4MFQwb3c1a0dERUg2QUNLaWdjeHUwZGQ0LVBEWmNNdFV6TEpHSnJnNTNWVDludmQzZWJDcWY1UnVrdTZmbWJTQ2xrOFRyQWd6cDhNb3JxRndqRkVZc0hsbF9lVTAwdnlXTGVBT09jYVBZbEctcDAtX3Q?oc=5
RSS_CBMinwFBVV95cUxOekNhZWo1SXRkUUhyUllSbndNNmRuOUpGanljbXQ2WEluUGFYV3F2TG9oQW1EanNiem1sX0NTYnJ4V1JVYS1OcG95ZHJfcjloa3g1cGZJVjVLbTVlTm15a3BhUGY3MF9OOEFaeEdBY0xTWG5lNEltNG1oem9HSXh5eVVmSjhINGNFcC1KdVAzMnFRX0NKUEV3enkwOFRuTm8,r/Homebuilding,Havells,Homebuilder / Designer,4,City is requiring a special inspection. Not entirely sure what this means. Can someone help explain? - Reddit,https://news.google.com/rss/articles/CBMinwFBVV95cUxOekNhZWo1SXRkUUhyUllSbndNNmRuOUpGanljbXQ2WEluUGFYV3F2TG9oQW1EanNiem1sX0NTYnJ4V1JVYS1OcG95ZHJfcjloa3g1cGZJVjVLbTVlTm15a3BhUGY3MF9OOEFaeEdBY0xTWG5lNEltNG1oem9HSXh5eVVmSjhINGNFcC1KdVAzMnFRX0NKUEV3enkwOFRuTm8?oc=5
RSS_CBMipwFBVV95cUxOZS10bzIwdXZoOFViOUpLRkhjUmJXZ2RiZ2NONVlfWjAwM2xNMURRTllwa1ZsNjJfS1NEZGlpU19RRElhaE5nYUVCMGMxSFJMeXFaamNBeXp4VkpCLXhTMVAtREU5Q21OZHR1bVExQ0hld3psNXBsckk4MDgxQ1JwbGNZOFNXVDVLUlJmazJDRTdHdWZ5ejdaakVBSWJjVFRiQkkzQnQ5NA,r/Homebuilding,GM,Homebuilder / Designer,4,Is this acceptable? I thought it would get caught and fixed from an inspection. - Reddit,https://news.google.com/rss/articles/CBMipwFBVV95cUxOZS10bzIwdXZoOFViOUpLRkhjUmJXZ2RiZ2NONVlfWjAwM2xNMURRTllwa1ZsNjJfS1NEZGlpU19RRElhaE5nYUVCMGMxSFJMeXFaamNBeXp4VkpCLXhTMVAtREU5Q21OZHR1bVExQ0hld3psNXBsckk4MDgxQ1JwbGNZOFNXVDVLUlJmazJDRTdHdWZ5ejdaakVBSWJjVFRiQkkzQnQ5NA?oc=5
RSS_CBMimgFBVV95cUxOUzF4RWtta1JzcGtQelpfamVtYWhfaElxMjVWcEhiMVEyZ0hYcUw2eEg2MGItS0lEbXRIYk0ySjNtVF80dFJ6aC13Rm5iMDg5bWRucWl5Rl9WTFlWaVNVTlJ5V1JMZFRXclJrUHJUUmFPNWk1VVZKUkMwTUZMX2wzYmxmdHNUVklGaWlKRllMUG5qM21YLVhIclJB,r/Homebuilding,Anchor,Homebuilder / Designer,4,Are my concrete anchors code compliant? - Reddit,https://news.google.com/rss/articles/CBMimgFBVV95cUxOUzF4RWtta1JzcGtQelpfamVtYWhfaElxMjVWcEhiMVEyZ0hYcUw2eEg2MGItS0lEbXRIYk0ySjNtVF80dFJ6aC13Rm5iMDg5bWRucWl5Rl9WTFlWaVNVTlJ5V1JMZFRXclJrUHJUUmFPNWk1VVZKUkMwTUZMX2wzYmxmdHNUVklGaWlKRllMUG5qM21YLVhIclJB?oc=5
RSS_CBMiiwFBVV95cUxPZWhHUkk1bkZFRXBWS2tQMy1vVXllQkg5VF93ZlBvallBT0h0cGlvTVZ1V0FuNFRycTZ5OWdBZFlacnJQZDBOZkJpc1EwaFM0QnQ5Ml9DaEsxQThWUy1pa0d5NjZVSjhQTmFMRjlZSTdrNTA0aXViZ1lsN1FMZmk2eDIwTTdGVVBMVjhB,r/Homebuilding,Anchor,Homebuilder / Designer,4,Placing J bolts and Anchors - Reddit,https://news.google.com/rss/articles/CBMiiwFBVV95cUxPZWhHUkk1bkZFRXBWS2tQMy1vVXllQkg5VF93ZlBvallBT0h0cGlvTVZ1V0FuNFRycTZ5OWdBZFlacnJQZDBOZkJpc1EwaFM0QnQ5Ml9DaEsxQThWUy1pa0d5NjZVSjhQTmFMRjlZSTdrNTA0aXViZ1lsN1FMZmk2eDIwTTdGVVBMVjhB?oc=5
RSS_CBMiiwFBVV95cUxQMFdBTWRKMGYyVzFXUXExWWtUeHdqWlNMTFh0Vm55cERXaFFvenY0UExldUlpU0VSaTU3ZzMtRjBRODdjUzlpWS1VWmRUdTFmU3JneF8wS1Rid1h1V04wdWdKMm1uRWlCZll1d0MtRHZGaUVZWFFYeW9ORzJ3YjBhRHAzb3FuMjgyNmZR,r/Homebuilding,Havells,Homebuilder / Designer,4,Anyone know what this means? - Reddit,https://news.google.com/rss/articles/CBMiiwFBVV95cUxQMFdBTWRKMGYyVzFXUXExWWtUeHdqWlNMTFh0Vm55cERXaFFvenY0UExldUlpU0VSaTU3ZzMtRjBRODdjUzlpWS1VWmRUdTFmU3JneF8wS1Rid1h1V04wdWdKMm1uRWlCZll1d0MtRHZGaUVZWFFYeW9ORzJ3YjBhRHAzb3FuMjgyNmZR?oc=5
RSS_CBMihAFBVV95cUxQOHQyWXpOM2FodHlkUjhqRDhfMlNTSjBnb2tYeWJOcmt1ZElTWjRYaktVc3FWaW53V1M4WTZsREdweFppUnZnQzV5cmdGYm1LcGxOdTRsdmRiQmQ1Y2VmOHNmMXpBZUtuWjNlQmYwTURBZy1VYzVVZWhOZ0ltZkROODF5V2s,r/Homebuilding,Anchor,Homebuilder / Designer,4,Pole barn post anchors - Reddit,https://news.google.com/rss/articles/CBMihAFBVV95cUxQOHQyWXpOM2FodHlkUjhqRDhfMlNTSjBnb2tYeWJOcmt1ZElTWjRYaktVc3FWaW53V1M4WTZsREdweFppUnZnQzV5cmdGYm1LcGxOdTRsdmRiQmQ1Y2VmOHNmMXpBZUtuWjNlQmYwTURBZy1VYzVVZWhOZ0ltZkROODF5V2s?oc=5
RSS_CBMiqAFBVV95cUxOTWFjSmY3OFptZmU5R3RxSktpRFJiRUZsVEVRRF9tQTlSTFBGQkVneUkyUEVkdHdGS1pYa2VCcE5PdDRhN1M2VWdxZnRVQnVnWnpHdXllaHZ5WXI0UW5NTkpUOXBONERGbU9rU0NudmpROG8tOVlIRUdVX3RZeEVqWVBZTWRpNDBnbzVZdTNXVkdoOWlkQUdramJzM3ZxTUJDYlRXbUZEWTc,r/Homebuilding,Havells,Homebuilder / Designer,4,Went by my project today and noticed this barrier of some sort is missing. What is it and is it required by code? In NC - Reddit,https://news.google.com/rss/articles/CBMiqAFBVV95cUxOTWFjSmY3OFptZmU5R3RxSktpRFJiRUZsVEVRRF9tQTlSTFBGQkVneUkyUEVkdHdGS1pYa2VCcE5PdDRhN1M2VWdxZnRVQnVnWnpHdXllaHZ5WXI0UW5NTkpUOXBONERGbU9rU0NudmpROG8tOVlIRUdVX3RZeEVqWVBZTWRpNDBnbzVZdTNXVkdoOWlkQUdramJzM3ZxTUJDYlRXbUZEWTc?oc=5
RSS_CBMihAFBVV95cUxOUGk0X1FJckEyY09UbmdxcHRFUXVVNHo4ZzE3T2taY0VvRHcxMEFtWWpSZHZZT1VyZmZOTUpJVlViZzBWS2E2akdmdFhwQkhzRHBha0NZOGktTVVoQW96RHhTZnJqb2wzWTFWRFpEak1ET2ZRVFNCdjJHNHc2NUw1enptbEQ,r/Homebuilding,Anchor,Homebuilder / Designer,4,Tapcon or wedge anchor - Reddit,https://news.google.com/rss/articles/CBMihAFBVV95cUxOUGk0X1FJckEyY09UbmdxcHRFUXVVNHo4ZzE3T2taY0VvRHcxMEFtWWpSZHZZT1VyZmZOTUpJVlViZzBWS2E2akdmdFhwQkhzRHBha0NZOGktTVVoQW96RHhTZnJqb2wzWTFWRFpEak1ET2ZRVFNCdjJHNHc2NUw1enptbEQ?oc=5
RSS_CBMipwFBVV95cUxOTVhWdDMzaTRSU081bkY1MGJ6UUlzRHJLQU5uSl8xMlJLcnVvSURheTF6ZWNDY3p4MTB2TmdSTWpuSXVHYk1ycHoxMThJM0g5b3FtX0h2NWpFbk0yblpjSVVNd1E0STB4WF93bXF6ZjdqNUFoSFRYZlZHX1J4RW9Nak8zaEVMby1Xem03UGZBWWRxWHEzN1FYa0RhQWNDY3prZGJmdlBuVQ,r/Homebuilding,Anchor,Homebuilder / Designer,4,National Grid quoted $44/foot for 2 overhead poles with one anchor - Reddit,https://news.google.com/rss/articles/CBMipwFBVV95cUxOTVhWdDMzaTRSU081bkY1MGJ6UUlzRHJLQU5uSl8xMlJLcnVvSURheTF6ZWNDY3p4MTB2TmdSTWpuSXVHYk1ycHoxMThJM0g5b3FtX0h2NWpFbk0yblpjSVVNd1E0STB4WF93bXF6ZjdqNUFoSFRYZlZHX1J4RW9Nak8zaEVMby1Xem03UGZBWWRxWHEzN1FYa0RhQWNDY3prZGJmdlBuVQ?oc=5
RSS_CBMijAFBVV95cUxQWV94Y2FxYW9GUm4zaS1VTmc1c3JMNlpoc2lmbjY4Y0NueVR2U3lKbllET1BNMWdkT1ZKWkJOY3p1VldtR3FVR1hYUEpLdkV1dzBmdjNzc0J2Zkx5VHNmNm94Q0hSV0pkNXZoMmFIbVhzemRDOGdrZm9sZ1pROHRMVGNhQVoybDVLaEx2Vw,r/Homebuilding,Anchor,Homebuilder / Designer,4,Is that a mobile home anchor? - Reddit,https://news.google.com/rss/articles/CBMijAFBVV95cUxQWV94Y2FxYW9GUm4zaS1VTmc1c3JMNlpoc2lmbjY4Y0NueVR2U3lKbllET1BNMWdkT1ZKWkJOY3p1VldtR3FVR1hYUEpLdkV1dzBmdjNzc0J2Zkx5VHNmNm94Q0hSV0pkNXZoMmFIbVhzemRDOGdrZm9sZ1pROHRMVGNhQVoybDVLaEx2Vw?oc=5
RSS_CBMimAFBVV95cUxQVDF2M0UwR3gzV3p2MFJIOXB3aDI1V2JaMVRFWlE3eFF4RnBIM2ktVGNHRWJwQmszOEQ5bXdTLWdONnpBWlJVUFRULS16NGE4RGFuN2pYVnRVLTFBSEg2aUJEVmJsVWtuTmo2SHdrM1VmX08tRDBabXN2cUd0UmkzdFdOcWZvNmJLSktqbUdrQUlyMHR0NnFndw,r/Homebuilding,Anchor,Homebuilder / Designer,4,Post anchor questions for a pole barn - Reddit,https://news.google.com/rss/articles/CBMimAFBVV95cUxQVDF2M0UwR3gzV3p2MFJIOXB3aDI1V2JaMVRFWlE3eFF4RnBIM2ktVGNHRWJwQmszOEQ5bXdTLWdONnpBWlJVUFRULS16NGE4RGFuN2pYVnRVLTFBSEg2aUJEVmJsVWtuTmo2SHdrM1VmX08tRDBabXN2cUd0UmkzdFdOcWZvNmJLSktqbUdrQUlyMHR0NnFndw?oc=5
RSS_CBMipgFBVV95cUxOZ01Qc1FVWm9pYTdiWENZNm1QT2IyaDBPM3NTbGQ4ZUpGbmhlcG56ZnVSWFpJQ0VyZUFxbnE2d0NWc2c1UE9jcTViZDJuTlBSUkJBc0ZWU1A2cjlaTml3NkpxNThucFJ6TWFLY01jdHhiaU4zS2NHMlVvQmdKTDM3cHhjUGRiTFp5QmwtUWQ0eW1wRHVhZGs5UlFBcjFtWkN4bGs1M2NR,r/Homebuilding,Havells,Homebuilder / Designer,4,Self GC - Is this how to attach a porch roof to a brick home? - Reddit,https://news.google.com/rss/articles/CBMipgFBVV95cUxOZ01Qc1FVWm9pYTdiWENZNm1QT2IyaDBPM3NTbGQ4ZUpGbmhlcG56ZnVSWFpJQ0VyZUFxbnE2d0NWc2c1UE9jcTViZDJuTlBSUkJBc0ZWU1A2cjlaTml3NkpxNThucFJ6TWFLY01jdHhiaU4zS2NHMlVvQmdKTDM3cHhjUGRiTFp5QmwtUWQ0eW1wRHVhZGs5UlFBcjFtWkN4bGs1M2NR?oc=5
RSS_CBMilwFBVV95cUxNRkJURWpORjBMRzNXa3B0eGNTR0Q1cGpHWUxfM1NtUDNkOUVYcDV4ZmdqdjhqblFHb2t4dk1Cbi00Y1dxdEVHcTJBbXN5dlNkTDNveEJrSEtqQVdBcUpYb3pUUldES3FfUHhkLXBGSzdyT29mNGkzeUp6VXBkQUJ0djBndWRETG4yN0pIN2RFaDlrczNiajh3,r/Homebuilding,Havells,Homebuilder / Designer,4,Basement showing wooden studs inside - Reddit,https://news.google.com/rss/articles/CBMilwFBVV95cUxNRkJURWpORjBMRzNXa3B0eGNTR0Q1cGpHWUxfM1NtUDNkOUVYcDV4ZmdqdjhqblFHb2t4dk1Cbi00Y1dxdEVHcTJBbXN5dlNkTDNveEJrSEtqQVdBcUpYb3pUUldES3FfUHhkLXBGSzdyT29mNGkzeUp6VXBkQUJ0djBndWRETG4yN0pIN2RFaDlrczNiajh3?oc=5
RSS_CBMipAFBVV95cUxQVmF5MjV0dXEtQTBWaWlmXzR2a3llQlBBaTQ4VGRtTl8xZVdvY1l1Sl9lOFYzX2tCNXFKNnN1VmVwU3RGTHR3TURSQW9wQ3MzTzNHQ0tkOXZHeklLNDdxdHZ0ZFg4elhzNmRyMEJ6RDdaVlJQSWxQQ3IxWjNvTUJxY0FRWGRzRVZuV2pPSEZTZFdBLVA1b2pzaGdZZHFiaThiM0xwVw,r/Homebuilding,Havells,Homebuilder / Designer,4,DIY block foundation for garage. Do I need rebar? - Reddit,https://news.google.com/rss/articles/CBMipAFBVV95cUxQVmF5MjV0dXEtQTBWaWlmXzR2a3llQlBBaTQ4VGRtTl8xZVdvY1l1Sl9lOFYzX2tCNXFKNnN1VmVwU3RGTHR3TURSQW9wQ3MzTzNHQ0tkOXZHeklLNDdxdHZ0ZFg4elhzNmRyMEJ6RDdaVlJQSWxQQ3IxWjNvTUJxY0FRWGRzRVZuV2pPSEZTZFdBLVA1b2pzaGdZZHFiaThiM0xwVw?oc=5
RSS_CBMinAFBVV95cUxNdU1DcjVySVY5eTV1SF9iWDRTU0tYc2M5NW4zUXQ3c2JqNFBGakdRcWVvbGRZaWxtMHZXT2RVNTJRZzBBWjFBNWp3MkxsNnRwanVmN01oTmdnQnRKMTh0XzFKR0R4MUZDbDNXa1RDaWxzdk5CN2lSTjJ3OU42a2FnajhQWGNCanhfSTl2UERBeWhTX0hmbFllUUpFUFo,r/Homebuilding,Havells,Homebuilder / Designer,4,What are these cuts in the rim joist for? - Reddit,https://news.google.com/rss/articles/CBMinAFBVV95cUxNdU1DcjVySVY5eTV1SF9iWDRTU0tYc2M5NW4zUXQ3c2JqNFBGakdRcWVvbGRZaWxtMHZXT2RVNTJRZzBBWjFBNWp3MkxsNnRwanVmN01oTmdnQnRKMTh0XzFKR0R4MUZDbDNXa1RDaWxzdk5CN2lSTjJ3OU42a2FnajhQWGNCanhfSTl2UERBeWhTX0hmbFllUUpFUFo?oc=5
RSS_CBMigAFBVV95cUxOcDJjTEdmY2pOYWtueGlKOXFOZVcyc0pkRUpyaU1GZHozdENkMExrN1FrNmFPeG9PZVJETnZTVzdlcFZfTTltSXZ2UmdtZG1DdXducHBndm1WWUlIM0lsbXlCU0xUVTRsWTZtaE43dWJ1N2hENUVodnRQTmlXd1pHUw,r/Homebuilding,Havells,Homebuilder / Designer,4,Installing cabinets - Reddit,https://news.google.com/rss/articles/CBMigAFBVV95cUxOcDJjTEdmY2pOYWtueGlKOXFOZVcyc0pkRUpyaU1GZHozdENkMExrN1FrNmFPeG9PZVJETnZTVzdlcFZfTTltSXZ2UmdtZG1DdXducHBndm1WWUlIM0lsbXlCU0xUVTRsWTZtaE43dWJ1N2hENUVodnRQTmlXd1pHUw?oc=5
RSS_CBMikAFBVV95cUxPYWkyc1NrV0hKZGZFVzRyQkgwdXU2NmlNcklUN3RkNDRwbkhRLTBJRUdjN0lXZGo1S2xNSDM4eUxoU3g1ZXpubnh0RmZMQWQxN1JPYUxCb3prRWhLTldjbXJWdDVKdE5PN283LUxYeEtkQ3NsdGtzUGc0U3NIeEp5eW1malpKQUwzRmpsZ2RPXzY,r/Homebuilding,Havells,Homebuilder / Designer,4,Adding on to post-tensioned slab - Reddit,https://news.google.com/rss/articles/CBMikAFBVV95cUxPYWkyc1NrV0hKZGZFVzRyQkgwdXU2NmlNcklUN3RkNDRwbkhRLTBJRUdjN0lXZGo1S2xNSDM4eUxoU3g1ZXpubnh0RmZMQWQxN1JPYUxCb3prRWhLTldjbXJWdDVKdE5PN283LUxYeEtkQ3NsdGtzUGc0U3NIeEp5eW1malpKQUwzRmpsZ2RPXzY?oc=5
RSS_CBMikwFBVV95cUxOTnhyNFF2ell2ajhIMGhIUkY1cVdobTJGZUEzcXF2VkJHbGxoQjE5TmpqNkNtdHdhVXBJcnplTnJVbm16NmZYZE1OY0M3eW44cXA3SHg1UThxQWRGVEctQ0pRampXQUhkVHRCRnhyRklCYjRsLVpwdDF2YUc5Z01fcGxHRDNoc2dsbkY4UFJ0VXZmZHc,r/Homebuilding,Havells,Homebuilder / Designer,4,Sill plate overhanging foundation - Reddit,https://news.google.com/rss/articles/CBMikwFBVV95cUxOTnhyNFF2ell2ajhIMGhIUkY1cVdobTJGZUEzcXF2VkJHbGxoQjE5TmpqNkNtdHdhVXBJcnplTnJVbm16NmZYZE1OY0M3eW44cXA3SHg1UThxQWRGVEctQ0pRampXQUhkVHRCRnhyRklCYjRsLVpwdDF2YUc5Z01fcGxHRDNoc2dsbkY4UFJ0VXZmZHc?oc=5
RSS_CBMimgFBVV95cUxPOEtVTG85UHo2NXVxOURpYlRqbDNibEgwMzM4UndoYjV1d3pBRWZtRGNqOEgteEZsUERZMGs3VFhlSm5aY09yVHVRanFCb2pPd091ak1vQi05YnJfTS1kbGo4dnBmeEttV1M0RVhQSmxYbXJubXFKbGxlZjJwUWtsQWNobXEzRng1bmRSbGtrMTdueXlKZkNTZ1d3,r/Homebuilding,Havells,Homebuilder / Designer,4,"Wood screws for attic ladder - bad, right? - Reddit",https://news.google.com/rss/articles/CBMimgFBVV95cUxPOEtVTG85UHo2NXVxOURpYlRqbDNibEgwMzM4UndoYjV1d3pBRWZtRGNqOEgteEZsUERZMGs3VFhlSm5aY09yVHVRanFCb2pPd091ak1vQi05YnJfTS1kbGo4dnBmeEttV1M0RVhQSmxYbXJubXFKbGxlZjJwUWtsQWNobXEzRng1bmRSbGtrMTdueXlKZkNTZ1d3?oc=5
RSS_CBMiqAFBVV95cUxQWG51RTNuLVI3ZmE4bDNjRy1MdXJXLS15ZUlXeEN1RXFlNTV0SUdiZEZPemxpUFQxZWVJaG1QaGRvX2dibTJhSUR2R0EwY3pzUWZkYXNwWVlJblR4U09hajJPQ3RvMGZ5RU1Pb3k3WVhxaXJ6QlNucnF1U1lBQU82SnhVZ3VHaW5IN3I3cTg2YkowQUp2QTdEZ3A0LVZLNjJHY29OUVZqclk,r/Homebuilding,Havells,Homebuilder / Designer,4,How does the A-Frame construction framing tie into a foundation wall? - Reddit,https://news.google.com/rss/articles/CBMiqAFBVV95cUxQWG51RTNuLVI3ZmE4bDNjRy1MdXJXLS15ZUlXeEN1RXFlNTV0SUdiZEZPemxpUFQxZWVJaG1QaGRvX2dibTJhSUR2R0EwY3pzUWZkYXNwWVlJblR4U09hajJPQ3RvMGZ5RU1Pb3k3WVhxaXJ6QlNucnF1U1lBQU82SnhVZ3VHaW5IN3I3cTg2YkowQUp2QTdEZ3A0LVZLNjJHY29OUVZqclk?oc=5
RSS_CBMijAFBVV95cUxNNUFUVUZvZ1F5MW00RVA2S0E0NnoxbWQ0UHRCN2J4Ull5bDZDVzd5VzQzSWh6MWcwd2FXMlNXekp4ZXd4Q1VYME93NUpQMzRSdFhoRndtX1NIRFpYU21SRmxBaE5HeGIwb1NMRlBNemsyaEdIMGtxV24zOEVaazJaMnNOTmd0WWpvTTJLTA,r/Homebuilding,Havells,Homebuilder / Designer,4,Attaching rim joist to stone - Reddit,https://news.google.com/rss/articles/CBMijAFBVV95cUxNNUFUVUZvZ1F5MW00RVA2S0E0NnoxbWQ0UHRCN2J4Ull5bDZDVzd5VzQzSWh6MWcwd2FXMlNXekp4ZXd4Q1VYME93NUpQMzRSdFhoRndtX1NIRFpYU21SRmxBaE5HeGIwb1NMRlBNemsyaEdIMGtxV24zOEVaazJaMnNOTmd0WWpvTTJLTA?oc=5
RSS_CBMiowFBVV95cUxOUDdhRGsxbENWVl8zMFo1NDhyYURfT3NEMjdOT2l1S0I1dVY0ZkdSMHFHNEJTeWEtMmFhTVpYYkctcUNoVk5mak1wTDhaM1hfVEFQMHFpUDMybDBYeUZhU3VGejhlRTdqaHMzYlJERDhhM2c4M2tnRFctLXZaRGVha0w5dEJDaW1FZ0xwZW1uVjVtRk5fcFU4ODdfQmJLNWY1aEdR,r/Homebuilding,Havells,Homebuilder / Designer,4,Finishing Concrete Block Foundation Half Wall - Reddit,https://news.google.com/rss/articles/CBMiowFBVV95cUxOUDdhRGsxbENWVl8zMFo1NDhyYURfT3NEMjdOT2l1S0I1dVY0ZkdSMHFHNEJTeWEtMmFhTVpYYkctcUNoVk5mak1wTDhaM1hfVEFQMHFpUDMybDBYeUZhU3VGejhlRTdqaHMzYlJERDhhM2c4M2tnRFctLXZaRGVha0w5dEJDaW1FZ0xwZW1uVjVtRk5fcFU4ODdfQmJLNWY1aEdR?oc=5
RSS_CBMingFBVV95cUxPeHhFdHlMeldPRmhMcnAyaW9qMjVUZ0poNG1xcTc1cGl4M1NTRXJjaEVsUktoeFozNkFaQWxYZTV0Nm5GYS1Ddzlra1h1T3dQS3pXZEdRMy1GdklBMG5vclNlWmRVYkhCNUJFSVN2bElOVlFzNU1yTWM2WnMySEdpU0Q2M2phcTFXZHN2XzVIZU1seGswRXFSNVh0d1hidw,r/Homebuilding,Havells,Homebuilder / Designer,4,Framing Damage from Septic Install advice - Reddit,https://news.google.com/rss/articles/CBMingFBVV95cUxPeHhFdHlMeldPRmhMcnAyaW9qMjVUZ0poNG1xcTc1cGl4M1NTRXJjaEVsUktoeFozNkFaQWxYZTV0Nm5GYS1Ddzlra1h1T3dQS3pXZEdRMy1GdklBMG5vclNlWmRVYkhCNUJFSVN2bElOVlFzNU1yTWM2WnMySEdpU0Q2M2phcTFXZHN2XzVIZU1seGswRXFSNVh0d1hidw?oc=5
RSS_CBMiiwFBVV95cUxPT3BrSUZ6NHFiTVVQQndNdzg3YzBDWGtuN3FRWW03X3NObV9DNnM0b2hEMElnRjBuMXhVeGVhYlY1TXRvU1J0b0NQaVhtZ2dsSzhzTmpWVTFQT29kM0M5T193TVRRbWNSUUhsNnRrMlVYVWdkZ0pJaXc4Mnh1dFhBckU4QnZGcXB2UXhv,r/Homebuilding,Havells,Homebuilder / Designer,4,Sill Plate Install Question - Reddit,https://news.google.com/rss/articles/CBMiiwFBVV95cUxPT3BrSUZ6NHFiTVVQQndNdzg3YzBDWGtuN3FRWW03X3NObV9DNnM0b2hEMElnRjBuMXhVeGVhYlY1TXRvU1J0b0NQaVhtZ2dsSzhzTmpWVTFQT29kM0M5T193TVRRbWNSUUhsNnRrMlVYVWdkZ0pJaXc4Mnh1dFhBckU4QnZGcXB2UXhv?oc=5
RSS_CBMioAFBVV95cUxPM2U3UExyUEF0b0VOOHdTTDFENGRhNHJ4UmJzam5UblZXLVlnNlI4SmxWQ01KQUVBNWtKdWZDX1Q5NlhhdGowMDVpXzByem00MWxzdmlRS1g1NFp4NV9SX2hwemtiUnZaMkt2OWVJLU5WMGZ3N2VjckZXTmZENEk0YndGQ2Y4YUstT2ptMWE4Z1g3TjVpVjlob1N6dXk1Z2Ja,r/Homebuilding,Havells,Homebuilder / Designer,4,Will building an accent wall puncture vapor barrier? - Reddit,https://news.google.com/rss/articles/CBMioAFBVV95cUxPM2U3UExyUEF0b0VOOHdTTDFENGRhNHJ4UmJzam5UblZXLVlnNlI4SmxWQ01KQUVBNWtKdWZDX1Q5NlhhdGowMDVpXzByem00MWxzdmlRS1g1NFp4NV9SX2hwemtiUnZaMkt2OWVJLU5WMGZ3N2VjckZXTmZENEk0YndGQ2Y4YUstT2ptMWE4Z1g3TjVpVjlob1N6dXk1Z2Ja?oc=5
RSS_CBMipgFBVV95cUxPTFNhYmJYa3QyaGsxeDdyLTlnUWkzb1R4QlpFX2dkNEZMQndTNVlCbEJjZ2I3ZGpMNG9VN1hyZkRPRWZOMXpuanVwQmxYSFh4Z3FyQ285d1RyaXg4cTY3Y21icXlwbzhyRnZzNWpZdW1pa3VxbWZ2YnRlLXI5TGhMWFg5bVA2SHdIMWVBNmhUbGtnODh0eE5rbFRXWTB0N2pubkRCd1BR,r/Homebuilding,Havells,Homebuilder / Designer,4,Help with building a foundation deck for a home - is this overkill? - Reddit,https://news.google.com/rss/articles/CBMipgFBVV95cUxPTFNhYmJYa3QyaGsxeDdyLTlnUWkzb1R4QlpFX2dkNEZMQndTNVlCbEJjZ2I3ZGpMNG9VN1hyZkRPRWZOMXpuanVwQmxYSFh4Z3FyQ285d1RyaXg4cTY3Y21icXlwbzhyRnZzNWpZdW1pa3VxbWZ2YnRlLXI5TGhMWFg5bVA2SHdIMWVBNmhUbGtnODh0eE5rbFRXWTB0N2pubkRCd1BR?oc=5
RSS_CBMijgFBVV95cUxOa3A5T29MUFJYdldkRnE3cUt0Y1lmNXAtV1lwTExVWHd6LXdKX1pjcTZsdmhTcXQyZDcwbW9Ib0JFRzN6MXR4SndLcDlmSC1fcWF1aTdPei11Vmt5OF9WR3ZxYTU0dXNlX0JJZ1poNXo2SVVLN2Y5bGhQNHlpSVoxdHlGLUpUcHJLRW94Zkh3,r/Homebuilding,Havells,Homebuilder / Designer,4,Avrame Trio 150 kit + Land in NY - Reddit,https://news.google.com/rss/articles/CBMijgFBVV95cUxOa3A5T29MUFJYdldkRnE3cUt0Y1lmNXAtV1lwTExVWHd6LXdKX1pjcTZsdmhTcXQyZDcwbW9Ib0JFRzN6MXR4SndLcDlmSC1fcWF1aTdPei11Vmt5OF9WR3ZxYTU0dXNlX0JJZ1poNXo2SVVLN2Y5bGhQNHlpSVoxdHlGLUpUcHJLRW94Zkh3?oc=5
RSS_CBMipAFBVV95cUxQYXk3NGx0aE5zSFVZcnRpcW41b1RVbXMzOTZWQkZkV3BxblNaSmc1RVBXdnBlbDJCMzU0SkRaT0tkb3dsU2pSM1VoMWE0QXNoVlFJMDhWMmR1dHU1MVJ3OS1XRktHSkUwSHlFaXlVa2FnSHJPSXJQREVObXpCa0ZtbUhfOUFQN0hRd2xRa1NqSEZuREhPX2dTTGduQmlsSWd5bXFNVg,r/Homebuilding,Havells,Homebuilder / Designer,4,Boulder in backyard. Any creative way to use or concerns in keeping it? - Reddit,https://news.google.com/rss/articles/CBMipAFBVV95cUxQYXk3NGx0aE5zSFVZcnRpcW41b1RVbXMzOTZWQkZkV3BxblNaSmc1RVBXdnBlbDJCMzU0SkRaT0tkb3dsU2pSM1VoMWE0QXNoVlFJMDhWMmR1dHU1MVJ3OS1XRktHSkUwSHlFaXlVa2FnSHJPSXJQREVObXpCa0ZtbUhfOUFQN0hRd2xRa1NqSEZuREhPX2dTTGduQmlsSWd5bXFNVg?oc=5
RSS_CBMifEFVX3lxTFBhMlgtQWZpM1BTbzFoVmg5MGh2Y1pTU3hiSFp0TVB1MV9oVVFZM0haa1FSOGpMN2ZRcndRQXZJbWZqWnJ1bkJVeVVRSUF2VHBBSVJKLTY5VVpUTkdJRnFTUW5xSlpqeG41SlBhZU1MOFBReHh3YVpLaVhjblI,r/Homebuilding,Havells,Homebuilder / Designer,4,How screwed am I - Reddit,https://news.google.com/rss/articles/CBMifEFVX3lxTFBhMlgtQWZpM1BTbzFoVmg5MGh2Y1pTU3hiSFp0TVB1MV9oVVFZM0haa1FSOGpMN2ZRcndRQXZJbWZqWnJ1bkJVeVVRSUF2VHBBSVJKLTY5VVpUTkdJRnFTUW5xSlpqeG41SlBhZU1MOFBReHh3YVpLaVhjblI?oc=5
RSS_CBMikwFBVV95cUxNcVBacVpWNDY4NnRVNnVLd1NObmV3TFRwN1hwRnJybWp5UzRXTGlNcGdhb1dDTm85QTZtR01uSk9YZ1l6WHY3STQtbDhXbTlHRmFFS2JCTEpad29vSnl3S2toZ240azNLaks1bm1XeUNUT2tKVHJhUm40V09DbW9vdXI1QjlsZFZkcU9iY2E3Rm55RFk,r/Homebuilding,Havells,Homebuilder / Designer,4,Collar tie for scissor truss roof - Reddit,https://news.google.com/rss/articles/CBMikwFBVV95cUxNcVBacVpWNDY4NnRVNnVLd1NObmV3TFRwN1hwRnJybWp5UzRXTGlNcGdhb1dDTm85QTZtR01uSk9YZ1l6WHY3STQtbDhXbTlHRmFFS2JCTEpad29vSnl3S2toZ240azNLaks1bm1XeUNUT2tKVHJhUm40V09DbW9vdXI1QjlsZFZkcU9iY2E3Rm55RFk?oc=5
RSS_CBMipAFBVV95cUxNbGczb0wtMEFpSzc2VW1tVk5xWTkxLUlKaVktaHhhVnlRZG9MYVpsckdZbXJuSlhsZjV0OEp0YktEUWRjR1JMNGZQUUNBaHkwVDIySXZ1d1hnWHhxdDV2aXdLSkpHTHRWWUtiRXE3ZzFvQ09SVmpyTWtsT1hSNUI3QWpfcnp0S25Wb2F3djBTbWx5dHZRM1BTQVcyX051SHRaNDVPeg,r/Homebuilding,Havells,Homebuilder / Designer,4,New build - new slab has chunks crumbling off and looks terrible. Is this normal? None of the neighbor slabs have anything like this - Reddit,https://news.google.com/rss/articles/CBMipAFBVV95cUxNbGczb0wtMEFpSzc2VW1tVk5xWTkxLUlKaVktaHhhVnlRZG9MYVpsckdZbXJuSlhsZjV0OEp0YktEUWRjR1JMNGZQUUNBaHkwVDIySXZ1d1hnWHhxdDV2aXdLSkpHTHRWWUtiRXE3ZzFvQ09SVmpyTWtsT1hSNUI3QWpfcnp0S25Wb2F3djBTbWx5dHZRM1BTQVcyX051SHRaNDVPeg?oc=5
RSS_CBMipgFBVV95cUxPWFgyVkRtTWtVSXpLUE5uQVZzMmxqN1kxMXFuLVo5MGIyUVE0STBuOHV6bFB5WGJpRXgtT0pSa0pzTXIwN1NPb09aVjNlaVRGb3h6SmpMR3UxVHUwUFl2Vl9fSGZtT1lvdDNjT2tveG1CZ3JyVHplQWpvX2h4MWlJcGFoWGJFNi1NU1NxWXNHMlNMazNpcy1yS1BWb1NNbkZRaVhpYURB,r/Homebuilding,Havells,Homebuilder / Designer,4,Do they literally use blasting caps or whatever they are called to attach the wooden frame of a house to the concrete base? I thought it was just regular nails that were used but then I saw that some people actually hit something that goes pop when they hit it an - Reddit,https://news.google.com/rss/articles/CBMipgFBVV95cUxPWFgyVkRtTWtVSXpLUE5uQVZzMmxqN1kxMXFuLVo5MGIyUVE0STBuOHV6bFB5WGJpRXgtT0pSa0pzTXIwN1NPb09aVjNlaVRGb3h6SmpMR3UxVHUwUFl2Vl9fSGZtT1lvdDNjT2tveG1CZ3JyVHplQWpvX2h4MWlJcGFoWGJFNi1NU1NxWXNHMlNMazNpcy1yS1BWb1NNbkZRaVhpYURB?oc=5
RSS_CBMilwFBVV95cUxPTGFsZ3I1Q3g4OF9JOHNCVi1uUjJnVHFmODZFeHRVelBJdnpsUEJROXZiWUE2LTc0bUFELUhJYXFFSjlzMEpmeERleVNiX3liNHBuQmJVSHBnNzlJZmN6T2hzVExNZzBCRzNKZ3pQM0dNbjFMc3lTS3JJLXBmYXVLb2lzbDFrZEQ3eWRoQ3hreGFoQXJoM1Iw,r/Homebuilding,Havells,Homebuilder / Designer,4,Horizontal or diagonal siding up top? - Reddit,https://news.google.com/rss/articles/CBMilwFBVV95cUxPTGFsZ3I1Q3g4OF9JOHNCVi1uUjJnVHFmODZFeHRVelBJdnpsUEJROXZiWUE2LTc0bUFELUhJYXFFSjlzMEpmeERleVNiX3liNHBuQmJVSHBnNzlJZmN6T2hzVExNZzBCRzNKZ3pQM0dNbjFMc3lTS3JJLXBmYXVLb2lzbDFrZEQ3eWRoQ3hreGFoQXJoM1Iw?oc=5
RSS_CBMimwFBVV95cUxQS3FkRVdfVkt4TzZXYnhyVkR0T1RJdFNSTUNaM2owdGhXM1J6TlV5TmVKazhpN3k1T2YxcnVrUFJvX0F4d0dXdjk0UnJISG01MDJHdk11RV92WHdkS1BMUkozS04tRzZLbjFCa0V4VWx1SVRZUmg2TEVHc2lhMXhYeEJDMVNZMk5Ud0VRd3d0Sk9ETkZybkJKMzRPMA,r/Homebuilding,Havells,Homebuilder / Designer,4,Interior or exterior insulation for new concrete/brick house? - Reddit,https://news.google.com/rss/articles/CBMimwFBVV95cUxQS3FkRVdfVkt4TzZXYnhyVkR0T1RJdFNSTUNaM2owdGhXM1J6TlV5TmVKazhpN3k1T2YxcnVrUFJvX0F4d0dXdjk0UnJISG01MDJHdk11RV92WHdkS1BMUkozS04tRzZLbjFCa0V4VWx1SVRZUmg2TEVHc2lhMXhYeEJDMVNZMk5Ud0VRd3d0Sk9ETkZybkJKMzRPMA?oc=5
RSS_CBMinAFBVV95cUxPeDFoTnlTRWhyVkoyX0o0NE90UEZ0eXJtYlU3SXp2MWtqTjFUVm1jOHFCeEdlSC16U0tfTXJWd1MyMDRSaVpDUFVFTndFUi1NeXd3VnFvMklZLXNESWdfcVBjaGt6RjhGaWV1WF8zNFR1Zm9KbGhVbERIMFUzSTd2ZFV2MUJ5SEtNNURNcTB3X2ZnSTdrMXhKMlJ4TkQ,r/Homebuilding,Havells,Homebuilder / Designer,4,Builder poured foundation in wrong place - Reddit,https://news.google.com/rss/articles/CBMinAFBVV95cUxPeDFoTnlTRWhyVkoyX0o0NE90UEZ0eXJtYlU3SXp2MWtqTjFUVm1jOHFCeEdlSC16U0tfTXJWd1MyMDRSaVpDUFVFTndFUi1NeXd3VnFvMklZLXNESWdfcVBjaGt6RjhGaWV1WF8zNFR1Zm9KbGhVbERIMFUzSTd2ZFV2MUJ5SEtNNURNcTB3X2ZnSTdrMXhKMlJ4TkQ?oc=5
RSS_CBMipAFBVV95cUxQYjRCRGswSnFrZzNTTmR0UUxwUjVuTFdQeDgyTlRxaWNTdXQ3UmExYjE3M2NjQmpoWnFJU2ZZUEdkQWdaVmJsY1oteVM1UzB1SGlGbGJzX3pnVTJNellKd0pUSzNUQVE3c1hjYlIxeTd4Q3NoZFYwbmlKMmJtOWdQWm1rR0Eycjg3UEdGdXNybVRZRHFNRW55RW5KUGRzRHNDNWRkbQ,r/Homebuilding,Havells,Homebuilder / Designer,4,Anyway these railings can be reused with these steps? Any idea how to finish the top if it's reused? - Reddit,https://news.google.com/rss/articles/CBMipAFBVV95cUxQYjRCRGswSnFrZzNTTmR0UUxwUjVuTFdQeDgyTlRxaWNTdXQ3UmExYjE3M2NjQmpoWnFJU2ZZUEdkQWdaVmJsY1oteVM1UzB1SGlGbGJzX3pnVTJNellKd0pUSzNUQVE3c1hjYlIxeTd4Q3NoZFYwbmlKMmJtOWdQWm1rR0Eycjg3UEdGdXNybVRZRHFNRW55RW5KUGRzRHNDNWRkbQ?oc=5
RSS_CBMihgFBVV95cUxORURranBKVE9oTmI1bXFUNlh2YlVWRWdRVUtVZlZvRXJNZExXMG4wUFZNTUF4MS1Bd2ZHdld0WG1SNDhJVTJ4eUpMSlI4bEFNTXVMbDFOQmhRY2ZqVnlWNzlfUk1EZVFIOTJmTnl5VkwwNkZaYlczQXowRGZ5UkpFVGJQNW5wQQ,r/Homebuilding,Havells,Homebuilder / Designer,4,Opinion: porch post base - Reddit,https://news.google.com/rss/articles/CBMihgFBVV95cUxORURranBKVE9oTmI1bXFUNlh2YlVWRWdRVUtVZlZvRXJNZExXMG4wUFZNTUF4MS1Bd2ZHdld0WG1SNDhJVTJ4eUpMSlI4bEFNTXVMbDFOQmhRY2ZqVnlWNzlfUk1EZVFIOTJmTnl5VkwwNkZaYlczQXowRGZ5UkpFVGJQNW5wQQ?oc=5
RSS_CBMihwFBVV95cUxNVGlpc2Y0RnRqYWtCSXFRU2h2Ui0xdDIwdU1vbUtHSlZhRGNBaWpTckZSOGloUU5kVTVHU3FxRlM0Xzh1N3NwYi1rYjFsakhrT3EtU1VSdlZMWGNJZGdBa19JUldNNWxhLW80U0hNMzRsV1M4bU00dHoxRlZTTThkc3NrZHluZUU,r/Homebuilding,Havells,Homebuilder / Designer,4,Will this sill plate pass? - Reddit,https://news.google.com/rss/articles/CBMihwFBVV95cUxNVGlpc2Y0RnRqYWtCSXFRU2h2Ui0xdDIwdU1vbUtHSlZhRGNBaWpTckZSOGloUU5kVTVHU3FxRlM0Xzh1N3NwYi1rYjFsakhrT3EtU1VSdlZMWGNJZGdBa19JUldNNWxhLW80U0hNMzRsV1M4bU00dHoxRlZTTThkc3NrZHluZUU?oc=5
RSS_CBMijAFBVV95cUxPYS02YjJpOFJUMHU3cFV2NDR5Q2xLakI2eFBpOGZfNVhYdkxYMVdUZThXcTRkRkViX3FZSUw2RlQ4MXU3NlZDNUppWWFyeHNRcE5fcDVycnJlTlB3dmRQNkdJRUFyRV80NmR4ZlItak5FWk9fTEVNZzdrMmFOdm5tNGtkUVFxaGNfUW5hYg,r/Homebuilding,Havells,Homebuilder / Designer,4,Building on a mountain slope - Reddit,https://news.google.com/rss/articles/CBMijAFBVV95cUxPYS02YjJpOFJUMHU3cFV2NDR5Q2xLakI2eFBpOGZfNVhYdkxYMVdUZThXcTRkRkViX3FZSUw2RlQ4MXU3NlZDNUppWWFyeHNRcE5fcDVycnJlTlB3dmRQNkdJRUFyRV80NmR4ZlItak5FWk9fTEVNZzdrMmFOdm5tNGtkUVFxaGNfUW5hYg?oc=5
RSS_CBMipwFBVV95cUxPTF8yRVc3dGw1UFh2VkNsR3djSGFmejZIUjhKZURjM21kSUN2bHFsdmg4VGQtVlphaWE3Tk5ncnA1QVJ6bzUwQ0M1aEZHVmtIeFJWZk5vXzN4WnVCbUtZaGlwYU5kQ2lCai1XS2ttREtwcVhmMXUyUUp2cWpiaFVVX1FjSXhRcVA5SDFlRWEtN01pZ0pCbHljUXdpa2E2U3E5dGFWdHBscw,r/Homebuilding,Havells,Homebuilder / Designer,4,In-laws being quoted $500-640 pr sq ft in VT - is this where the rest of the market is at? - Reddit,https://news.google.com/rss/articles/CBMipwFBVV95cUxPTF8yRVc3dGw1UFh2VkNsR3djSGFmejZIUjhKZURjM21kSUN2bHFsdmg4VGQtVlphaWE3Tk5ncnA1QVJ6bzUwQ0M1aEZHVmtIeFJWZk5vXzN4WnVCbUtZaGlwYU5kQ2lCai1XS2ttREtwcVhmMXUyUUp2cWpiaFVVX1FjSXhRcVA5SDFlRWEtN01pZ0pCbHljUXdpa2E2U3E5dGFWdHBscw?oc=5
RSS_CBMiqAFBVV95cUxOQjFoWlVrWmFGZm1Pc2NPOG9MLUpQOWUzVk9QLTBQZDAwZlI0eWFWdkkyTUtTczQ3UFQwa3h1Z0JoaG9YZFRfZEhQWDJVdGVzQVhHcGVDSFJVaEZQM0h2RjdBVlFvYnVtZ0NkRU9fM3d0VzFLSU1iSld1RndLTWVmOW95RnVvaWNPZGczR21CVllwRG5IekdGcEFERGVKSl9saW1TTERkMTQ,r/Homebuilding,Havells,Homebuilder / Designer,4,"Is this right? Do these serve a purpose, aside from making it impossible to place floor shelving against the wall? - Reddit",https://news.google.com/rss/articles/CBMiqAFBVV95cUxOQjFoWlVrWmFGZm1Pc2NPOG9MLUpQOWUzVk9QLTBQZDAwZlI0eWFWdkkyTUtTczQ3UFQwa3h1Z0JoaG9YZFRfZEhQWDJVdGVzQVhHcGVDSFJVaEZQM0h2RjdBVlFvYnVtZ0NkRU9fM3d0VzFLSU1iSld1RndLTWVmOW95RnVvaWNPZGczR21CVllwRG5IekdGcEFERGVKSl9saW1TTERkMTQ?oc=5
RSS_CBMioAFBVV95cUxPN2xIb0h3cHJxVnRTRlRobWFlR3NQRjNFbHlBdmZuUElMX1BLZmVzNXBIdGs1ZVRZdWI0MFBNMjdZbjVWcTdpQTBNdVFyRXZrQTliYnNzZ0ZPTVIyQVZHckdjaFIwemswbmtXSDlLTmRNa29YRE92WDNTYzltazMyRE00ZWF6a0xzMXFSRkwyZXY0bzVFZjRyWkVCdHVWYnBm,r/Homebuilding,Havells,Homebuilder / Designer,4,Is there a better way to support this corner? - Reddit,https://news.google.com/rss/articles/CBMioAFBVV95cUxPN2xIb0h3cHJxVnRTRlRobWFlR3NQRjNFbHlBdmZuUElMX1BLZmVzNXBIdGs1ZVRZdWI0MFBNMjdZbjVWcTdpQTBNdVFyRXZrQTliYnNzZ0ZPTVIyQVZHckdjaFIwemswbmtXSDlLTmRNa29YRE92WDNTYzltazMyRE00ZWF6a0xzMXFSRkwyZXY0bzVFZjRyWkVCdHVWYnBm?oc=5
RSS_CBMinwFBVV95cUxQSEhLUzJENlJKVmxjSDVkdkxSMk1SVlJUcXBleGxFSnJaaWNTZXB0d1JtWFB3TzVrQXZFMlBHajhCRFpWYURPSnZYdXRnRVBQVEQ5UFF2TVRuNWtEdHFseV9qaVhlMkZpcFUxLWo0QUlzbzAybFJCeVlEUTBLcTlSbFhwbENyWWhmTVFVamNKbUNBMWlEd05udmFFTEc0SEk,r/Homebuilding,Havells,Homebuilder / Designer,4,Cheaper to build on beams/piers or Concrete foundation? - Reddit,https://news.google.com/rss/articles/CBMinwFBVV95cUxQSEhLUzJENlJKVmxjSDVkdkxSMk1SVlJUcXBleGxFSnJaaWNTZXB0d1JtWFB3TzVrQXZFMlBHajhCRFpWYURPSnZYdXRnRVBQVEQ5UFF2TVRuNWtEdHFseV9qaVhlMkZpcFUxLWo0QUlzbzAybFJCeVlEUTBLcTlSbFhwbENyWWhmTVFVamNKbUNBMWlEd05udmFFTEc0SEk?oc=5
RSS_CBMijgFBVV95cUxQZ29veXlyUWM1QlpaU2xoVnlqZVMtcDc4SFNObHM4aVhWS05uZFh2N3BCNS1WaDNkdTdlak1qaXJNU2htLW95Um1YY25vQS1veEZDOVVVMjIybVV3M2k1SGM5SUVkUE44RUg2ZGFwU01neUZsMl9qc0x6aHZ3TDYzTHJHRDhmUy1wMzBhRkR3,r/Homebuilding,GM,Homebuilder / Designer,4,bolts coming up from footings - Reddit,https://news.google.com/rss/articles/CBMijgFBVV95cUxQZ29veXlyUWM1QlpaU2xoVnlqZVMtcDc4SFNObHM4aVhWS05uZFh2N3BCNS1WaDNkdTdlak1qaXJNU2htLW95Um1YY25vQS1veEZDOVVVMjIybVV3M2k1SGM5SUVkUE44RUg2ZGFwU01neUZsMl9qc0x6aHZ3TDYzTHJHRDhmUy1wMzBhRkR3?oc=5
RSS_CBMipgFBVV95cUxNYjFncGZlOG5iVVo3RDZDOFc1bUl1UzR5Qnp2eHhNeFJDVGhzVjd1NkljZEFOWVppYTczRDZ0MGlhaS1jZlN2TU9jSnhSd3hJNjBZQ0VrUUlUOC13S2h4VmVxajlqVTROS2NTSGNzQzZnSW15WENOUHVWNjNsc0Y3NzFtSDJSMl9KVmltYUdZUk83YWZBV3dDZE5XcEd5R04taFpiVVJB,r/Homebuilding,Havells,Homebuilder / Designer,4,Inspector and Builder Disagreeing on Foundation Being to Code - Reddit,https://news.google.com/rss/articles/CBMipgFBVV95cUxNYjFncGZlOG5iVVo3RDZDOFc1bUl1UzR5Qnp2eHhNeFJDVGhzVjd1NkljZEFOWVppYTczRDZ0MGlhaS1jZlN2TU9jSnhSd3hJNjBZQ0VrUUlUOC13S2h4VmVxajlqVTROS2NTSGNzQzZnSW15WENOUHVWNjNsc0Y3NzFtSDJSMl9KVmltYUdZUk83YWZBV3dDZE5XcEd5R04taFpiVVJB?oc=5
RSS_CBMiowFBVV95cUxQRTNzUHNrU2FLalFhZS1lemNFQThyZXA0M3lWMUJwMzdEaGhGcGFLejN4UGRsWENzT0Z2eGFrYWMxYlhaSWNFLWYzTXM3eVhhc0doeTZRby1CZzU0VVRzMGF1WW1NTHdFX3lEQlhiNkd0OEh5N0RHeEkxMzJuTVNVdWtJejdvRGt3M2pYLVpyX2VoeWhSa0hvWjNSTWpFV293Qzl3,r/Homebuilding,Havells,Homebuilder / Designer,4,Do these stair posts look ok? Wanted something rugged so kids wouldn’t break them. - Reddit,https://news.google.com/rss/articles/CBMiowFBVV95cUxQRTNzUHNrU2FLalFhZS1lemNFQThyZXA0M3lWMUJwMzdEaGhGcGFLejN4UGRsWENzT0Z2eGFrYWMxYlhaSWNFLWYzTXM3eVhhc0doeTZRby1CZzU0VVRzMGF1WW1NTHdFX3lEQlhiNkd0OEh5N0RHeEkxMzJuTVNVdWtJejdvRGt3M2pYLVpyX2VoeWhSa0hvWjNSTWpFV293Qzl3?oc=5
RSS_CBMiqAFBVV95cUxNTTRnM2tiTTZ0dUlVSTZ0bXBsY3hEQzZKbXJOWFFzcG1NSzE3YmZGQTk5RjAxdW1oRWhTV2pseTF1N2dyb3ZvNFNkS0F1VzNIOGlvUGxiNTBYS01ieHdzNWdVR3U5eXZJV1Z6VGFlMDcyQ2l5ZFdvTmxVQzBmUlZWLXpCTkpDQ1ltM3JuMDRVMVp6Q3BQWE5fOWZmQ0hjT2ZMLXU2LUI1aXU,r/Homebuilding,Havells,Homebuilder / Designer,4,Beams below grade? How to get a pier and beam shed floor close to grade. - Reddit,https://news.google.com/rss/articles/CBMiqAFBVV95cUxNTTRnM2tiTTZ0dUlVSTZ0bXBsY3hEQzZKbXJOWFFzcG1NSzE3YmZGQTk5RjAxdW1oRWhTV2pseTF1N2dyb3ZvNFNkS0F1VzNIOGlvUGxiNTBYS01ieHdzNWdVR3U5eXZJV1Z6VGFlMDcyQ2l5ZFdvTmxVQzBmUlZWLXpCTkpDQ1ltM3JuMDRVMVp6Q3BQWE5fOWZmQ0hjT2ZMLXU2LUI1aXU?oc=5
RSS_CBMiowFBVV95cUxOS3E0QWtEaEVyM0RycmN0RDAyeVpPam9WLUVuT1NOc1AyeUNQZGlQVkFuX1NWT01RRVJwcWpfNk1mUGl1bUtONkpzTlRLLXkySjdGZmJmWU9hZUl3b1dRQmJ1TFpVN21EWjRpdG5wM09DQnRVZmdlX3c1TGQtTFFxaHduY3hJcGpDVWhJLVFmTFR2eDNjaXJ1M2pyOUJES0RRRThr,r/Homebuilding,Havells,Homebuilder / Designer,4,Do windows need to be caulked on the top side here of trim? How does water not get in behind trim and make it's way behind siding? - Reddit,https://news.google.com/rss/articles/CBMiowFBVV95cUxOS3E0QWtEaEVyM0RycmN0RDAyeVpPam9WLUVuT1NOc1AyeUNQZGlQVkFuX1NWT01RRVJwcWpfNk1mUGl1bUtONkpzTlRLLXkySjdGZmJmWU9hZUl3b1dRQmJ1TFpVN21EWjRpdG5wM09DQnRVZmdlX3c1TGQtTFFxaHduY3hJcGpDVWhJLVFmTFR2eDNjaXJ1M2pyOUJES0RRRThr?oc=5
RSS_CBMihAFBVV95cUxPaDUwSGFOaWFuTlpZR01TeE83X3plMFVNWlFGV2Z3dEdSN0owMEl1SV8yamdGWlFKcWFlRk5ubHF1bENNdXF3cWFwM01tWHBOeWVZaWpaYURYSTJ3dS1hY05HYkxqZXJKMWJra3dpNmRTbmlXY2xueUZXOS1ER3J2bDVWdGg,r/Homebuilding,Havells,Homebuilder / Designer,4,Cantilevered room cost - Reddit,https://news.google.com/rss/articles/CBMihAFBVV95cUxPaDUwSGFOaWFuTlpZR01TeE83X3plMFVNWlFGV2Z3dEdSN0owMEl1SV8yamdGWlFKcWFlRk5ubHF1bENNdXF3cWFwM01tWHBOeWVZaWpaYURYSTJ3dS1hY05HYkxqZXJKMWJra3dpNmRTbmlXY2xueUZXOS1ER3J2bDVWdGg?oc=5
RSS_CBMiggFBVV95cUxNRHlZVTRhNXptYzk5NG8xc0ZCNXhvN1R1MFhxWGtQMjFuMlN1clFMeW1HVjBGRmhRb3UzWklDQlBLWXloZVJPS3VmVzI0Tncyd0RYUnh1RjA5aUMwRHpwVVQ2eVJQbXRsM3lmaTJ6SXRsTnFNRjg0OUxtbXVxV3Rrd1lB,r/Homebuilding,Havells,Homebuilder / Designer,4,Structural Integrity ? - Reddit,https://news.google.com/rss/articles/CBMiggFBVV95cUxNRHlZVTRhNXptYzk5NG8xc0ZCNXhvN1R1MFhxWGtQMjFuMlN1clFMeW1HVjBGRmhRb3UzWklDQlBLWXloZVJPS3VmVzI0Tncyd0RYUnh1RjA5aUMwRHpwVVQ2eVJQbXRsM3lmaTJ6SXRsTnFNRjg0OUxtbXVxV3Rrd1lB?oc=5
RSS_CBMiqAFBVV95cUxPZkxBVzljRkM0U3hjRXBIenlERy1fMEliMnN2VXFIcDRKTTZJdnppWHJhUmFqMDBOS0xrYzFPUE9aa3FBME4tbFItYTJJN2xRbU9iRGpFY1VtYm83OFBzS3RYOFNDY282NndUVkFucFljQ0trOXNkR0F4enl3NnNRY1ZXazZOTkk5eEpxQksyZXphTm95ZF9DVVZMMHJTdGF6Q0NrbTd3b0c,r/Homebuilding,Havells,Homebuilder / Designer,4,How do I find a builder if I own the land already? - Reddit,https://news.google.com/rss/articles/CBMiqAFBVV95cUxPZkxBVzljRkM0U3hjRXBIenlERy1fMEliMnN2VXFIcDRKTTZJdnppWHJhUmFqMDBOS0xrYzFPUE9aa3FBME4tbFItYTJJN2xRbU9iRGpFY1VtYm83OFBzS3RYOFNDY282NndUVkFucFljQ0trOXNkR0F4enl3NnNRY1ZXazZOTkk5eEpxQksyZXphTm95ZF9DVVZMMHJTdGF6Q0NrbTd3b0c?oc=5
RSS_CBMihwFBVV95cUxNNmtEbVNhRGdWTklSZEI1WjVSa1hDb2RYYzVTbk01dXVLYV9qcWdBVEJCa3pvamFIelltcS1GSVdVNkVOZzhqTG1ldkNra2I1eGRCWkhtT3RSVW0tVWdSdkU3OUlmNWFSUk0wdnBwRzhka09fNF9JMjRjRGJlN041SGJXMTRkUVE,r/Homebuilding,Havells,Homebuilder / Designer,4,Concerns about ICF roofs? - Reddit,https://news.google.com/rss/articles/CBMihwFBVV95cUxNNmtEbVNhRGdWTklSZEI1WjVSa1hDb2RYYzVTbk01dXVLYV9qcWdBVEJCa3pvamFIelltcS1GSVdVNkVOZzhqTG1ldkNra2I1eGRCWkhtT3RSVW0tVWdSdkU3OUlmNWFSUk0wdnBwRzhka09fNF9JMjRjRGJlN041SGJXMTRkUVE?oc=5
RSS_CBMilgFBVV95cUxOQjVqblhjYmpLeVBvZEhIWndpaUp1WkstUnhwbExYcl81MENtaTRWcHhaUjJvRGh6bW9DTl80SDdlVTIyQmNwZDY5Z3NsRkhkVktzdDRjSlRsOTAxbFNhRy0wOVVnSnRmZUJwM2JBUTlDMVhjY2RfcV9HM2dPdWxJMFRCdUViRUJlWlYtdnlZejJKdHR0RXc,r/Homebuilding,Havells,Homebuilder / Designer,4,Foundation complete with 45 days in - Reddit,https://news.google.com/rss/articles/CBMilgFBVV95cUxOQjVqblhjYmpLeVBvZEhIWndpaUp1WkstUnhwbExYcl81MENtaTRWcHhaUjJvRGh6bW9DTl80SDdlVTIyQmNwZDY5Z3NsRkhkVktzdDRjSlRsOTAxbFNhRy0wOVVnSnRmZUJwM2JBUTlDMVhjY2RfcV9HM2dPdWxJMFRCdUViRUJlWlYtdnlZejJKdHR0RXc?oc=5
RSS_CBMipwFBVV95cUxQRV9VNElnX3lsaE1aMUdZbkJ0RzNGR08tZmNUdEYwbDdEMENEX0d1M3Q0VEhyMUNNMmFPSktzWGNYcENPTkI5aTVmOGt4aFl5bHlxTTV2T0NCYlJhdGVISy0yQzU3eHg4SFJrYzdFYTRvbFpwRzE3WGQ2Y1gwNzhwMTRxYV9KMVBwbzZvS3Q2cEg1QmhhZVVFXzB2U3pfdmJmTFgwOW5Hbw,r/Homebuilding,Havells,Homebuilder / Designer,4,How would you frame a gable wall for an overhead door as tall as the sidewalls? - Reddit,https://news.google.com/rss/articles/CBMipwFBVV95cUxQRV9VNElnX3lsaE1aMUdZbkJ0RzNGR08tZmNUdEYwbDdEMENEX0d1M3Q0VEhyMUNNMmFPSktzWGNYcENPTkI5aTVmOGt4aFl5bHlxTTV2T0NCYlJhdGVISy0yQzU3eHg4SFJrYzdFYTRvbFpwRzE3WGQ2Y1gwNzhwMTRxYV9KMVBwbzZvS3Q2cEg1QmhhZVVFXzB2U3pfdmJmTFgwOW5Hbw?oc=5
RSS_CBMiowFBVV95cUxOcnlaZDhUU0thUmJyMFZnV2hqVXBSOVZ1TUtXa0pxTktkdGZzZFNISGc0eWNqbU9qakdSV2JWRGVud0h5cHQwM0FCbUdqUTVvSDY4YXRwNS1BQ0ZNSWIzdExsQ3A3TV8zNVIzV3htS1FOVUFaWjh6czVNY0w1UUxsaEpJSE5fX1ZNSTZ3QVJ6SmZSSTZCTlEwZV9UREFYbk4yVlVN,r/Homebuilding,Havells,Homebuilder / Designer,4,"Basement, standard block, ICF, poured or precast? - Reddit",https://news.google.com/rss/articles/CBMiowFBVV95cUxOcnlaZDhUU0thUmJyMFZnV2hqVXBSOVZ1TUtXa0pxTktkdGZzZFNISGc0eWNqbU9qakdSV2JWRGVud0h5cHQwM0FCbUdqUTVvSDY4YXRwNS1BQ0ZNSWIzdExsQ3A3TV8zNVIzV3htS1FOVUFaWjh6czVNY0w1UUxsaEpJSE5fX1ZNSTZ3QVJ6SmZSSTZCTlEwZV9UREFYbk4yVlVN?oc=5
RSS_CBMiggFBVV95cUxOR0FlNGxnYUpDdDkxem0zWGl6RnVtNGxyTjlsTHdnREJmbzd6ckNDVnVJNG11TWw2emNBN3pmTTU4NHM1bmEtblRUc2Zna2JzYjNOalQ1ekJiV0duZWU5VnBucGlVd3pETE1WcVpSa2tLd2c5bENyb1VWVlNkYmlsUHhR,r/Homebuilding,Havells,Homebuilder / Designer,4,ADU as owner builder - Reddit,https://news.google.com/rss/articles/CBMiggFBVV95cUxOR0FlNGxnYUpDdDkxem0zWGl6RnVtNGxyTjlsTHdnREJmbzd6ckNDVnVJNG11TWw2emNBN3pmTTU4NHM1bmEtblRUc2Zna2JzYjNOalQ1ekJiV0duZWU5VnBucGlVd3pETE1WcVpSa2tLd2c5bENyb1VWVlNkYmlsUHhR?oc=5
RSS_CBMipAFBVV95cUxPS1VMeXlZQnFhcmt5M25idTl0dzFnaW1yYWp1a0FSTmVZQno2X2h6TDNSUE1XR3hQdFZNcDRJbEVVNFlDOGc5T2xGcjVRbkRndWN0NlJSNnNJeHplWUtkRU5HU19jT1dsTnBLb2g3Ql93T3hkWkR3ek5femdveWVCaG41N1Z3ZnZ5VUlBNmdKalJHckRfU3NVNThpYW5WMFdQOXZJeQ,r/Homebuilding,Havells,Homebuilder / Designer,4,Concrete footings and beams with pony walls or traditional pier and beam foundation? - Reddit,https://news.google.com/rss/articles/CBMipAFBVV95cUxPS1VMeXlZQnFhcmt5M25idTl0dzFnaW1yYWp1a0FSTmVZQno2X2h6TDNSUE1XR3hQdFZNcDRJbEVVNFlDOGc5T2xGcjVRbkRndWN0NlJSNnNJeHplWUtkRU5HU19jT1dsTnBLb2g3Ql93T3hkWkR3ek5femdveWVCaG41N1Z3ZnZ5VUlBNmdKalJHckRfU3NVNThpYW5WMFdQOXZJeQ?oc=5
RSS_CBMilgFBVV95cUxOZXUtbDNXbDdBWG8wUmJPdmtPNTV2ZWlHdlpMeGZ2TG41UTBrQzBGR2I0b1RXdGlDQWhHX3lRemROU1dFN2JFU1hzWEs3cFZuOXBFUmRIeXZwd21ZV0hxbVZMNzYzTkt5VUtDOFVJWEZibnZ6eTRJOXFzX2s0d2taMDBYcjIyTXJnZ0dQTkVIYnBvbnBfNHc,r/Homebuilding,Havells,Homebuilder / Designer,4,"Off grid, Diy, solo home build (Part 3) - Reddit",https://news.google.com/rss/articles/CBMilgFBVV95cUxOZXUtbDNXbDdBWG8wUmJPdmtPNTV2ZWlHdlpMeGZ2TG41UTBrQzBGR2I0b1RXdGlDQWhHX3lRemROU1dFN2JFU1hzWEs3cFZuOXBFUmRIeXZwd21ZV0hxbVZMNzYzTkt5VUtDOFVJWEZibnZ6eTRJOXFzX2s0d2taMDBYcjIyTXJnZ0dQTkVIYnBvbnBfNHc?oc=5
RSS_CBMimwFBVV95cUxNRF9GczZSaGRxdVlqZzgxQ0JoYXQ5YnB5TFlZeEt3MS1rZDlSYkhXczFqaExnY3NUNEwxVF9oR01nQVg2emdQZENsVEpVQ0NQV2l1MXFzVUg3dU9LeDc0ZU5MUEU5bG9tdHladVA1Z1FOa0k3MGFlenNTbjdRdElObDFCZnl6UU90ZXdwRHRpRnVvTVFTVi1Ob3RiNA,r/Homebuilding,Havells,Homebuilder / Designer,4,Solid Core Worth the Cost? Any Downsides? - Reddit,https://news.google.com/rss/articles/CBMimwFBVV95cUxNRF9GczZSaGRxdVlqZzgxQ0JoYXQ5YnB5TFlZeEt3MS1rZDlSYkhXczFqaExnY3NUNEwxVF9oR01nQVg2emdQZENsVEpVQ0NQV2l1MXFzVUg3dU9LeDc0ZU5MUEU5bG9tdHladVA1Z1FOa0k3MGFlenNTbjdRdElObDFCZnl6UU90ZXdwRHRpRnVvTVFTVi1Ob3RiNA?oc=5
RSS_CBMioAFBVV95cUxPUDhpZ3MtZjQ2MTlLc0d1MU5MeDQzbl9VUFZkSVlfYXVXbU9JMXIwWnFvY1p3OExGQjNCVzZLUzBxVkVPSEhKcEhlVFd2VmU5azhId2JiSlFlak5QaU5wNlNVTlpwaGRuaXhMZHFfZTQ0M0YzNlUzTUlobWtGU3BKVDJBbEs1M3BLcnpUajRCTU5wN2ZOYTBFWVF6SC10Z3Z1,r/Homebuilding,Havells,Homebuilder / Designer,4,Is there a reason/advantage for this type of window framing? - Reddit,https://news.google.com/rss/articles/CBMioAFBVV95cUxPUDhpZ3MtZjQ2MTlLc0d1MU5MeDQzbl9VUFZkSVlfYXVXbU9JMXIwWnFvY1p3OExGQjNCVzZLUzBxVkVPSEhKcEhlVFd2VmU5azhId2JiSlFlak5QaU5wNlNVTlpwaGRuaXhMZHFfZTQ0M0YzNlUzTUlobWtGU3BKVDJBbEs1M3BLcnpUajRCTU5wN2ZOYTBFWVF6SC10Z3Z1?oc=5
RSS_CBMifkFVX3lxTE9GM1htb0JSZmVVb1o3UXNBV3JaY05IRVhQZWg2TnNZYlI5M0tyTnA1MlE5LU1oa2xjeGt6dFRSRnhsNWhucGJxWi14RlR0c3hmdXk3NzRBOGhrN0x6MVczLWFITHhWUldiMzctb0JFQjRxaU1BMXNwN01jdkVfUQ,r/Homebuilding,GM,Homebuilder / Designer,4,ICF considerations - Reddit,https://news.google.com/rss/articles/CBMifkFVX3lxTE9GM1htb0JSZmVVb1o3UXNBV3JaY05IRVhQZWg2TnNZYlI5M0tyTnA1MlE5LU1oa2xjeGt6dFRSRnhsNWhucGJxWi14RlR0c3hmdXk3NzRBOGhrN0x6MVczLWFITHhWUldiMzctb0JFQjRxaU1BMXNwN01jdkVfUQ?oc=5
RSS_CBMinwFBVV95cUxOZjVRMXZZNkphSDdyNjNwNDVrYTlGenNPc19BRHR6a1hGNkEtVWdUYXhJUmxxT1h1eHAtODJUdkdRMnJLZG43U2JuRTI0VmY4Q1JHZlhmeENFaTVpM3d0TjZaWnlzRndydDZhcGFxbWFzdy1tVWs5LVF6WTVOUDJ0OF9BbE5jdXJPMkVEX001SGNMRXdyYWxYTWZqRnlZaUU,r/Homebuilding,Havells,Homebuilder / Designer,4,Should I fill cinder block foundation wall? - Reddit,https://news.google.com/rss/articles/CBMinwFBVV95cUxOZjVRMXZZNkphSDdyNjNwNDVrYTlGenNPc19BRHR6a1hGNkEtVWdUYXhJUmxxT1h1eHAtODJUdkdRMnJLZG43U2JuRTI0VmY4Q1JHZlhmeENFaTVpM3d0TjZaWnlzRndydDZhcGFxbWFzdy1tVWs5LVF6WTVOUDJ0OF9BbE5jdXJPMkVEX001SGNMRXdyYWxYTWZqRnlZaUU?oc=5
RSS_CBMihwFBVV95cUxOYkEyY1ZFOE42c1QtaERNRThhQ25zUGktM0ZDVmlwN2RlUVlPZXE5bDVIZDhyV0R5X1ZhNDNOOTU0bXFVVW9odzdlblpqWkN6b3BpZEtoci13aEIwTDF4cndabGFkbXdfUnUxbnpaTnlQYWF6dWp6dXhIZzB2RWl3ZGpzQW5EMmM,r/Homebuilding,Havells,Homebuilder / Designer,4,How do the footings look? - Reddit,https://news.google.com/rss/articles/CBMihwFBVV95cUxOYkEyY1ZFOE42c1QtaERNRThhQ25zUGktM0ZDVmlwN2RlUVlPZXE5bDVIZDhyV0R5X1ZhNDNOOTU0bXFVVW9odzdlblpqWkN6b3BpZEtoci13aEIwTDF4cndabGFkbXdfUnUxbnpaTnlQYWF6dWp6dXhIZzB2RWl3ZGpzQW5EMmM?oc=5
RSS_CBMiiwFBVV95cUxPNDNpYlV5MlVBa2c0SlJqdXZaVVhTY01Nazc2ZUdwWDRWdURzTkt1QnN3YVVrTThZRVJTTnpDSl9vNzc1UTJlaV9nTFBxUnJhTzVWc1BPUFZnLXRoNm5NWi1LU1VqRXdNNTRobWkybHoteDdjY0drY3dMQVFoSTBpYnhmWTJiUFZSSHJV,r/Homebuilding,Havells,Homebuilder / Designer,4,Framing foudnation question? - Reddit,https://news.google.com/rss/articles/CBMiiwFBVV95cUxPNDNpYlV5MlVBa2c0SlJqdXZaVVhTY01Nazc2ZUdwWDRWdURzTkt1QnN3YVVrTThZRVJTTnpDSl9vNzc1UTJlaV9nTFBxUnJhTzVWc1BPUFZnLXRoNm5NWi1LU1VqRXdNNTRobWkybHoteDdjY0drY3dMQVFoSTBpYnhmWTJiUFZSSHJV?oc=5
RSS_CBMijgFBVV95cUxNc2stTW1HeFJOYUpWN2dUNzhuXzl2WUY3MUV1VHFDY0V1MUlkSWlZbEpwVTlTYlAxSUFYeDFiYzFDc3BTU3ZkV1JFMEtnWTV2dzBhUnVvUC1fSGlSZzlJNWJfbFppdUU3dnNDTnZxQlBfeDN6WjREOUNQa0thVEZiZE9XYzM1UlBoR3dPQU5B,r/Homebuilding,Havells,Homebuilder / Designer,4,Steel Moment Frame in Our ADU - Reddit,https://news.google.com/rss/articles/CBMijgFBVV95cUxNc2stTW1HeFJOYUpWN2dUNzhuXzl2WUY3MUV1VHFDY0V1MUlkSWlZbEpwVTlTYlAxSUFYeDFiYzFDc3BTU3ZkV1JFMEtnWTV2dzBhUnVvUC1fSGlSZzlJNWJfbFppdUU3dnNDTnZxQlBfeDN6WjREOUNQa0thVEZiZE9XYzM1UlBoR3dPQU5B?oc=5
RSS_CBMipgFBVV95cUxPWllZdVdSdF9TdGVod1BsNzh3ZVlnM2pkWXZsTlo2OUtzX3RXU09EWkR5S0NTaWM1MXA2X09WWnpUY1dCeEpCNUVRZkduUkdEN2g4T1FtY2U4REUwcGZYT2s3VjctbklvU1BsSjBqZm1XYWh0Z2hjcmM2R01HdU01bjU3TFVDal80R1FlSU8wc2UxZnRXVkFiMGoyN0RfVDRrNG9SV2VR,r/Homebuilding,Havells,Homebuilder / Designer,4,Exposed steel beam supporting floor joists above without any bolts? - Reddit,https://news.google.com/rss/articles/CBMipgFBVV95cUxPWllZdVdSdF9TdGVod1BsNzh3ZVlnM2pkWXZsTlo2OUtzX3RXU09EWkR5S0NTaWM1MXA2X09WWnpUY1dCeEpCNUVRZkduUkdEN2g4T1FtY2U4REUwcGZYT2s3VjctbklvU1BsSjBqZm1XYWh0Z2hjcmM2R01HdU01bjU3TFVDal80R1FlSU8wc2UxZnRXVkFiMGoyN0RfVDRrNG9SV2VR?oc=5
RSS_CBMiiAFBVV95cUxQUUJVMXNWbEFtWi03cTJJTFNBVFFNbEJZYlQ4c0FRVmZvb2RLeGxITnlfVnNKS0VJOTJZM3dGdWhzaHZEZlRfeGlFS1JIZDVPYXROMUZRR3pWMVYwWDZKaHNfNlAyNFA2WFltNXhFMDUxZTNPM0w2eHlEV2R6Y0JSUC1PVVd6RWtO,r/Homebuilding,Havells,Homebuilder / Designer,4,What are these tall posts? - Reddit,https://news.google.com/rss/articles/CBMiiAFBVV95cUxQUUJVMXNWbEFtWi03cTJJTFNBVFFNbEJZYlQ4c0FRVmZvb2RLeGxITnlfVnNKS0VJOTJZM3dGdWhzaHZEZlRfeGlFS1JIZDVPYXROMUZRR3pWMVYwWDZKaHNfNlAyNFA2WFltNXhFMDUxZTNPM0w2eHlEV2R6Y0JSUC1PVVd6RWtO?oc=5
RSS_CBMiqAFBVV95cUxObWxwVGd4QnZOQkF3c19oazluakZlRlZaSjhWMmcxU2phbVY1cGRnQlJtcVBOVVh6dnhvOU14UnY2cVVodmdIb1FKU3llM2NhV3NLbnEzWUVPbmh6SkpHWTR2Q010eURyRkR4QlE3OHl5S0hFa2ktRlF3X3VtTmh3UzVWXzBKS1ZyNXFpVGpoOTF2RzRjdzBwRDVPLTQteVpRZndERnM2MHg,r/Homebuilding,Havells,Homebuilder / Designer,4,Contractors installed new construction windows as replacement windows without telling us. Any advice on how to move forward? - Reddit,https://news.google.com/rss/articles/CBMiqAFBVV95cUxObWxwVGd4QnZOQkF3c19oazluakZlRlZaSjhWMmcxU2phbVY1cGRnQlJtcVBOVVh6dnhvOU14UnY2cVVodmdIb1FKU3llM2NhV3NLbnEzWUVPbmh6SkpHWTR2Q010eURyRkR4QlE3OHl5S0hFa2ktRlF3X3VtTmh3UzVWXzBKS1ZyNXFpVGpoOTF2RzRjdzBwRDVPLTQteVpRZndERnM2MHg?oc=5
RSS_CBMiqAFBVV95cUxQZUVDa1pSNkxTdlpZcm5kWFBLR1F0TTJIeVV3Ymk0M3hFdU85RS15SmRTTzJUZ3Uxak5OMDB1OEZzVC1fdVMyVDJOTklwVDQ0cXRSdGNjX2wycF9QN1JFN3VVY0FxQmRJZWtGR3M3RndRYUgxejYzdkJ0cml4U29WWjVFLXJTQW9kTHZmTW0yNmhJUHVhY1RzeHkwQ2FLWnNvbG5WaWdiemk,r/Homebuilding,Havells,Homebuilder / Designer,4,I have concrete block building 85ft X 24ft x 10ft high. Would like to gain 2-3ft of height? - Reddit,https://news.google.com/rss/articles/CBMiqAFBVV95cUxQZUVDa1pSNkxTdlpZcm5kWFBLR1F0TTJIeVV3Ymk0M3hFdU85RS15SmRTTzJUZ3Uxak5OMDB1OEZzVC1fdVMyVDJOTklwVDQ0cXRSdGNjX2wycF9QN1JFN3VVY0FxQmRJZWtGR3M3RndRYUgxejYzdkJ0cml4U29WWjVFLXJTQW9kTHZmTW0yNmhJUHVhY1RzeHkwQ2FLWnNvbG5WaWdiemk?oc=5
RSS_CBMihwFBVV95cUxPdVVzaXlpRTZMZy1jRTV0ekNXWEwtR0tmcFl3U3BxR2FlNWlESjIxTE1yV2R2MW1LUGRjUVNaUWFEbzN2aW12b19zZ3VtY2ZJaXprNTBtM1ZmODRybHRzUGkxd0ViamttRzIwODhvQXQzYXdIZDV0TU94aUlDbXVNdWE2YWt5c00,r/Homebuilding,Havells,Homebuilder / Designer,4,Is a joist hanger enough? - Reddit,https://news.google.com/rss/articles/CBMihwFBVV95cUxPdVVzaXlpRTZMZy1jRTV0ekNXWEwtR0tmcFl3U3BxR2FlNWlESjIxTE1yV2R2MW1LUGRjUVNaUWFEbzN2aW12b19zZ3VtY2ZJaXprNTBtM1ZmODRybHRzUGkxd0ViamttRzIwODhvQXQzYXdIZDV0TU94aUlDbXVNdWE2YWt5c00?oc=5
RSS_CBMijAFBVV95cUxNX3lxWkNhT0JUcXVadmR6U3BsMF9xd1EtYUdKZ0QwZHFSWmMxUldQSDAxSUVYUU42QTRGQ0Jva3BoMEZuUnQwanB2bWRxQlRvYmNfUVZjQXRUbm9KN1kzT3F4cjY4STVPTTg2Y19VTG9BV3BBT1QzcjBfSXZPdXoxYU1BUVJ4cGgzM0Jnaw,r/Homebuilding,Havells,Homebuilder / Designer,4,Installing windows on siding - Reddit,https://news.google.com/rss/articles/CBMijAFBVV95cUxNX3lxWkNhT0JUcXVadmR6U3BsMF9xd1EtYUdKZ0QwZHFSWmMxUldQSDAxSUVYUU42QTRGQ0Jva3BoMEZuUnQwanB2bWRxQlRvYmNfUVZjQXRUbm9KN1kzT3F4cjY4STVPTTg2Y19VTG9BV3BBT1QzcjBfSXZPdXoxYU1BUVJ4cGgzM0Jnaw?oc=5
RSS_CBMipgFBVV95cUxPbEtMU1RTY2JuTDBmRDlOVFoyX3BaYlRubExhY1E2QktaaVRPeEJTSTh1ZGNHei1Vc1lfR2VHQXpmSkhVdjAwZ3YyejNpSWt2b0NXNVJjY0tkWDJ2YU5ZV0x1XzZTZDJYWU9DVmpZMUlMZnBVWU5IOFh2anZTUlltMkhyaTlqWGl0TWluUFVuRF8tUEM5Mk1EWmhWU2dCY3VKOE14V09R,r/Homebuilding,Havells,Homebuilder / Designer,4,We are in the design portion of the process and about three months out from our dig date! We are very conflicted on the amount of stone we would like on the front of our home…thought? - Reddit,https://news.google.com/rss/articles/CBMipgFBVV95cUxPbEtMU1RTY2JuTDBmRDlOVFoyX3BaYlRubExhY1E2QktaaVRPeEJTSTh1ZGNHei1Vc1lfR2VHQXpmSkhVdjAwZ3YyejNpSWt2b0NXNVJjY0tkWDJ2YU5ZV0x1XzZTZDJYWU9DVmpZMUlMZnBVWU5IOFh2anZTUlltMkhyaTlqWGl0TWluUFVuRF8tUEM5Mk1EWmhWU2dCY3VKOE14V09R?oc=5
RSS_CBMipAFBVV95cUxORlN6d2FVMTlmNFJzbXJGUU5ieElpQVdlYXRTaWhWQ2o0dzRSMnZfcTJZQzJ3ZmhPZC1JOS1qXzJOU2w1bkkyT01JOTZELUZIQUpUM3RkR1l5eDdtd2tNQVl0TlVETzM2NENJZmJ3d0dfSXFxa3ZnOS1wMDdtM1hneUJ3RFpTcnVvbVhHaVpMbWZsS0h2cFdKZkJMcDNzai1fWEFDdA,r/Homebuilding,Havells,Homebuilder / Designer,4,"Cost for a structural engineer to review house plans, stamp - Reddit",https://news.google.com/rss/articles/CBMipAFBVV95cUxORlN6d2FVMTlmNFJzbXJGUU5ieElpQVdlYXRTaWhWQ2o0dzRSMnZfcTJZQzJ3ZmhPZC1JOS1qXzJOU2w1bkkyT01JOTZELUZIQUpUM3RkR1l5eDdtd2tNQVl0TlVETzM2NENJZmJ3d0dfSXFxa3ZnOS1wMDdtM1hneUJ3RFpTcnVvbVhHaVpMbWZsS0h2cFdKZkJMcDNzai1fWEFDdA?oc=5
RSS_CBMiqAFBVV95cUxOS29zWGs2SWhTU1FsMl8xTnlRbEZjSTQzY0FRUHdMTVRxdzRjdF9va1pFeW5uZXVrcWdUemJCdVZKbjRHV1JjakhtYUsyRFV6eG5vQi1lbm5kYXNMcXhtUGpFOU9KNG9UWEw1Z3R6Z0gxb2dkTkF2TnpQemE0QTA5V1ZiODU2TnpfbU0xY0N0QjZEXzA1ZjJhR1JoQ1o1dnVleDE4cGpIUjg,r/Homebuilding,Havells,Homebuilder / Designer,4,Cheapest way to buy 500 sq ft worth of tongue and groove to be used as sheathing for an 8’x15’ tiny house/shed - Reddit,https://news.google.com/rss/articles/CBMiqAFBVV95cUxOS29zWGs2SWhTU1FsMl8xTnlRbEZjSTQzY0FRUHdMTVRxdzRjdF9va1pFeW5uZXVrcWdUemJCdVZKbjRHV1JjakhtYUsyRFV6eG5vQi1lbm5kYXNMcXhtUGpFOU9KNG9UWEw1Z3R6Z0gxb2dkTkF2TnpQemE0QTA5V1ZiODU2TnpfbU0xY0N0QjZEXzA1ZjJhR1JoQ1o1dnVleDE4cGpIUjg?oc=5
RSS_CBMiogFBVV95cUxPc0piR3hrdTdHYko5Ulg4blZoQ0t0ZkVER2gtb3Vfd0F6RjI0aF9GcXJwUFZ5Y00wd2lMTUR4N3BmSVRXWXIzQmVhT1cwVnY4emY5MVdXTHFybi1wYVpRdGNScUo1bW5SR0Z6UGFiQ0MwZkE3LWxwdzV0Q3cyVlgyZlZrb1hmM1BBNGI1NDZVSGwzX241dzBFb0hhdXNWZVJtVnc,r/Homebuilding,Havells,Homebuilder / Designer,4,Has anyone used AI or online tools to design their house floor plan? - Reddit,https://news.google.com/rss/articles/CBMiogFBVV95cUxPc0piR3hrdTdHYko5Ulg4blZoQ0t0ZkVER2gtb3Vfd0F6RjI0aF9GcXJwUFZ5Y00wd2lMTUR4N3BmSVRXWXIzQmVhT1cwVnY4emY5MVdXTHFybi1wYVpRdGNScUo1bW5SR0Z6UGFiQ0MwZkE3LWxwdzV0Q3cyVlgyZlZrb1hmM1BBNGI1NDZVSGwzX241dzBFb0hhdXNWZVJtVnc?oc=5
RSS_CBMiqAFBVV95cUxPMy1oNHhCQXNTa2xMaGZqUXFpc1JvTlJMRjZrMjZyWVE5MGp5SDlJSWZaQ0tOUWdPLVRjSDZBLXNJQUNPY0JuZUZpdUZ4LUxlU1pabVJ3QkdyWFpWcWh2ZEswdE5WRlRZWDIzbGpKRWNLRV91UXBnNWdTNllUdm1mNkI4Zmo5a1lfMVRYWFRGSzkzSzVncWI5ald3Z3V2a01rclZGNko2Ylo,r/Homebuilding,Havells,Homebuilder / Designer,4,What are these patched holes around the perimeter? Im building in this neighborhood - ours hasnt started yet - but these are on every house so its not some sort of mistake.. - Reddit,https://news.google.com/rss/articles/CBMiqAFBVV95cUxPMy1oNHhCQXNTa2xMaGZqUXFpc1JvTlJMRjZrMjZyWVE5MGp5SDlJSWZaQ0tOUWdPLVRjSDZBLXNJQUNPY0JuZUZpdUZ4LUxlU1pabVJ3QkdyWFpWcWh2ZEswdE5WRlRZWDIzbGpKRWNLRV91UXBnNWdTNllUdm1mNkI4Zmo5a1lfMVRYWFRGSzkzSzVncWI5ald3Z3V2a01rclZGNko2Ylo?oc=5
RSS_CBMipgFBVV95cUxNM2c3c1Q0ZWQ1NmdzSFFGMkZfQjZUc25rM3hjRk95OUk2V3VKRkUtRDh6Mm81NG1PUDJkYjVwR3FuTTVJd002ZVpNRUotU1QyRktGVGdrZ2FkSV8wTnRnRzJRMGZ4b29JNkRSWTBVcHJTZzhSdzcxamdSSDdEZmtnT0NrZGdzaVNkQko0dzdDbm10bTJoTFIwMjBfYWdsQXM5ckFZUmVB,r/Homebuilding,GM,Homebuilder / Designer,4,Opinion on buying doors from big box store vs a local door place? - Reddit,https://news.google.com/rss/articles/CBMipgFBVV95cUxNM2c3c1Q0ZWQ1NmdzSFFGMkZfQjZUc25rM3hjRk95OUk2V3VKRkUtRDh6Mm81NG1PUDJkYjVwR3FuTTVJd002ZVpNRUotU1QyRktGVGdrZ2FkSV8wTnRnRzJRMGZ4b29JNkRSWTBVcHJTZzhSdzcxamdSSDdEZmtnT0NrZGdzaVNkQko0dzdDbm10bTJoTFIwMjBfYWdsQXM5ckFZUmVB?oc=5
RSS_CBMiogFBVV95cUxNVWlnYUE2dU8wWVFzMzJZZm92OERaZmJNeEVTX1VIMHpYRzZqbEc4eVBLVk5UaUVZQnA1QzBxbWZGNWNEcnRMVGtkeDE5d3I0Wk0xNkpqVTdGR3JDTFBoS3J2VC1PMlUzM1lhbjdNcFpNNG5PXzg4ZFowN3ZvMjBFOFlvNnVwYVpMYUpMdElrQ1l2UEpYZFRZQlN2SUM5aXBhMUE,r/Homebuilding,Havells,Homebuilder / Designer,4,Is this gap between the bannister column and floor normal? - Reddit,https://news.google.com/rss/articles/CBMiogFBVV95cUxNVWlnYUE2dU8wWVFzMzJZZm92OERaZmJNeEVTX1VIMHpYRzZqbEc4eVBLVk5UaUVZQnA1QzBxbWZGNWNEcnRMVGtkeDE5d3I0Wk0xNkpqVTdGR3JDTFBoS3J2VC1PMlUzM1lhbjdNcFpNNG5PXzg4ZFowN3ZvMjBFOFlvNnVwYVpMYUpMdElrQ1l2UEpYZFRZQlN2SUM5aXBhMUE?oc=5
RSS_CBMiqAFBVV95cUxPdkdnSjRhU0RjdldxX2ZINE1ybThjU0lSZ3duYlE2NHdmN1NyZk43TE5heF84N1VHSEp4dWsxdzB4MkpDYm5PTEM5VGVqWmRadzltVEktTkxrUG1mUnNjUG1tVHFKZEFDY3ZEU0VaMF9WV0liSWd1RXVKM215MFBTNHhRS0xEU1FWWWc5bVI2cnFEY3o2c3FGaTh5T2xRYmEwOElldUJzbHQ,r/Homebuilding,Havells,Homebuilder / Designer,4,How to mitigate against flood risks if building a partially underground garage close on waterfront lot? - Reddit,https://news.google.com/rss/articles/CBMiqAFBVV95cUxPdkdnSjRhU0RjdldxX2ZINE1ybThjU0lSZ3duYlE2NHdmN1NyZk43TE5heF84N1VHSEp4dWsxdzB4MkpDYm5PTEM5VGVqWmRadzltVEktTkxrUG1mUnNjUG1tVHFKZEFDY3ZEU0VaMF9WV0liSWd1RXVKM215MFBTNHhRS0xEU1FWWWc5bVI2cnFEY3o2c3FGaTh5T2xRYmEwOElldUJzbHQ?oc=5
RSS_CBMiqAFBVV95cUxQUG16ZXZSWWxmaG1Ldi12N05naHV1cmU3Yk9RdTZQSURuU2NmZHV4SVZncmQ3b0dKS2k4eVlkLThGV1FFS29fd3dTQ0Q1MFFWUnF2VlRNbk5NeHV6cUxBYkpXUjhIM0U2Y1Mta0dWRXE1ZEw2Y25wVlhlUXZTUnVvaks1bUp2WkgzWktPR29xbjNsbThWcmtkSEtSSWhsYVBaRmpIRFBUYlA,r/Homebuilding,Havells,Homebuilder / Designer,4,"Framer blocked off rim joist, how am I supposed to insulate it? - Reddit",https://news.google.com/rss/articles/CBMiqAFBVV95cUxQUG16ZXZSWWxmaG1Ldi12N05naHV1cmU3Yk9RdTZQSURuU2NmZHV4SVZncmQ3b0dKS2k4eVlkLThGV1FFS29fd3dTQ0Q1MFFWUnF2VlRNbk5NeHV6cUxBYkpXUjhIM0U2Y1Mta0dWRXE1ZEw2Y25wVlhlUXZTUnVvaks1bUp2WkgzWktPR29xbjNsbThWcmtkSEtSSWhsYVBaRmpIRFBUYlA?oc=5
RSS_CBMihAFBVV95cUxORDI0b1BpVFNTdVpkX1NZcFRmbDhNUzljMi1GMlJOV0IwVnVXMmpsWXhxLWpsX0ZsSnBGX2ZmbnkycjdWUFBEZUVweTRLRjR3YWxvdDdnRzNDTWV4YjQ5X1VZbHVmcnFwZ2ZVRkZPUFdGM0wtZzl6TkVvNzg1V3duc1JicHc,r/Homebuilding,GM,Homebuilder / Designer,4,"""Hogging Out"" Foundation? - Reddit",https://news.google.com/rss/articles/CBMihAFBVV95cUxORDI0b1BpVFNTdVpkX1NZcFRmbDhNUzljMi1GMlJOV0IwVnVXMmpsWXhxLWpsX0ZsSnBGX2ZmbnkycjdWUFBEZUVweTRLRjR3YWxvdDdnRzNDTWV4YjQ5X1VZbHVmcnFwZ2ZVRkZPUFdGM0wtZzl6TkVvNzg1V3duc1JicHc?oc=5
RSS_CBMioAFBVV95cUxOX19VNmF1cjBhVFE5OXlYbzUycGowYVZSU242c2ZOeV91ZTUwMjQ2MmFxUEJqbWl2VV96eW51Zk5LRkxSMUdyaVVmcURrSFJuQXlHeGtvekNiV1FhbExpOHdqV2tFdXNpbGZYV1ZjNnh3UnZ5a0NQWGhyNkJkUzVjcUVaVmZQZVlFOEwzMFlwOEFyeHVKY2l1UUE3WmZFRERi,r/Homebuilding,Havells,Homebuilder / Designer,4,Can I do this in stages/Does this make sense. - Reddit,https://news.google.com/rss/articles/CBMioAFBVV95cUxOX19VNmF1cjBhVFE5OXlYbzUycGowYVZSU242c2ZOeV91ZTUwMjQ2MmFxUEJqbWl2VV96eW51Zk5LRkxSMUdyaVVmcURrSFJuQXlHeGtvekNiV1FhbExpOHdqV2tFdXNpbGZYV1ZjNnh3UnZ5a0NQWGhyNkJkUzVjcUVaVmZQZVlFOEwzMFlwOEFyeHVKY2l1UUE3WmZFRERi?oc=5
RSS_CBMiogFBVV95cUxQNmdxU2poWUY0VVNwdXJ4QmFLcWNHeXR1XzdYX1gyR3FoOHdia2psLXhCUWpLajVIb3c2SjhuTWkxU253NW95c1VfOGMzUVNHWlR2VV9zeXBHeHJDRFYwVHNLbFJfUm9JV200bllkTkFWWjRuUW1NZ3Frc000ckhNTVlFcDNsNFNwYXZpRFpjYnNHdTNGaUZmWXpnYmI1cEI0YkE,r/Homebuilding,GM,Homebuilder / Designer,4,Overhanging Concrete Foundation - New Build. Can anything be done to fix this? - Reddit,https://news.google.com/rss/articles/CBMiogFBVV95cUxQNmdxU2poWUY0VVNwdXJ4QmFLcWNHeXR1XzdYX1gyR3FoOHdia2psLXhCUWpLajVIb3c2SjhuTWkxU253NW95c1VfOGMzUVNHWlR2VV9zeXBHeHJDRFYwVHNLbFJfUm9JV200bllkTkFWWjRuUW1NZ3Frc000ckhNTVlFcDNsNFNwYXZpRFpjYnNHdTNGaUZmWXpnYmI1cEI0YkE?oc=5
RSS_CBMigwFBVV95cUxQQ3RKOTJQLWppWFZPaVRKcDVZYWpnMGVtbmJZZ19rQjBRQ2lfU1VFS29HNTZfYWxEZm5IVWZEdXEyWEVmOU5FMXRzX1NDaVZMbk81Q2k2NmhHdndtTGs1NUVLNzh6NC1GU2lhSVIzbXpjcklzak9ERG1MX0JuOGlYQ2VRNA,r/Homebuilding,Havells,Homebuilder / Designer,4,Exposed Slab - Concerns - Reddit,https://news.google.com/rss/articles/CBMigwFBVV95cUxQQ3RKOTJQLWppWFZPaVRKcDVZYWpnMGVtbmJZZ19rQjBRQ2lfU1VFS29HNTZfYWxEZm5IVWZEdXEyWEVmOU5FMXRzX1NDaVZMbk81Q2k2NmhHdndtTGs1NUVLNzh6NC1GU2lhSVIzbXpjcklzak9ERG1MX0JuOGlYQ2VRNA?oc=5
RSS_CBMipAFBVV95cUxOWjNYdjJYWjNVMmlHVExYdTRMMFRlZ2paaFhmcFRldTRSSXVoT3BPenJTTEZvNFgydWQ4X3d1X0JQS1NMRnFGUzhRQk9CcUJMbkVDb2VTbzlnanNKQWs5VzNXXzZLem9TUmdwTmVpRy1FSWI2c2pJRDd2eDdoemxhdnRhMldPNkRDY3Z4LXhZZ3Y1Vk90YjJJU29JUHg2YXNYenRZWg,r/Homebuilding,Havells,Homebuilder / Designer,4,What would you change about this layout? (Hawai'i Island) - Reddit,https://news.google.com/rss/articles/CBMipAFBVV95cUxOWjNYdjJYWjNVMmlHVExYdTRMMFRlZ2paaFhmcFRldTRSSXVoT3BPenJTTEZvNFgydWQ4X3d1X0JQS1NMRnFGUzhRQk9CcUJMbkVDb2VTbzlnanNKQWs5VzNXXzZLem9TUmdwTmVpRy1FSWI2c2pJRDd2eDdoemxhdnRhMldPNkRDY3Z4LXhZZ3Y1Vk90YjJJU29JUHg2YXNYenRZWg?oc=5
RSS_CBMiigFBVV95cUxOR3NjUm9DakphY2FuRHFQN1BaaDZlQVBkeXVMWXZiVkV6SDlPWEpXSFFDV0VWbFpTZm5yNmQ0cFI5a2c0anBDaVFPbmQ2dWNjV2pJRTJLeER2cDNNeUJFT2pqU2Jjc1dEak9oc1daRl9WekVseUhMaGFwRFZZUjVFWEVRYU5tbEpwalE,r/Homebuilding,Havells,Homebuilder / Designer,4,Stuff to do before drywall? - Reddit,https://news.google.com/rss/articles/CBMiigFBVV95cUxOR3NjUm9DakphY2FuRHFQN1BaaDZlQVBkeXVMWXZiVkV6SDlPWEpXSFFDV0VWbFpTZm5yNmQ0cFI5a2c0anBDaVFPbmQ2dWNjV2pJRTJLeER2cDNNeUJFT2pqU2Jjc1dEak9oc1daRl9WekVseUhMaGFwRFZZUjVFWEVRYU5tbEpwalE?oc=5
RSS_CBMihAFBVV95cUxOcE90WUlmNXVWZFVmRlRRQ0luTFhzRlk4aDdYdGZTVHROUkJmRjlGV0pVdks4ODc3LWNOOU0tRzgydmxIRW8wbFdsZ0Y3OF9GMlExSGtxSlNLdnZyTHg0NnROM2FNRHpjUmxlM09yYnpSUENBWjdhTXhqSzNfTnZhUXB5cks,r/Homebuilding,GM,Homebuilder / Designer,4,How much would you pay... - Reddit,https://news.google.com/rss/articles/CBMihAFBVV95cUxOcE90WUlmNXVWZFVmRlRRQ0luTFhzRlk4aDdYdGZTVHROUkJmRjlGV0pVdks4ODc3LWNOOU0tRzgydmxIRW8wbFdsZ0Y3OF9GMlExSGtxSlNLdnZyTHg0NnROM2FNRHpjUmxlM09yYnpSUENBWjdhTXhqSzNfTnZhUXB5cks?oc=5
RSS_CBMikAFBVV95cUxOcUw5OWlSOW1TUWxBelIwenF0ZTVnekxkM1ZzUzVEZ3V4MWtRWEJCN2NYSmV4RmJ5bW9nc2dqZzBjaTJQQllnQ05xVG1rSmhWclhmWXYyTEFxMjZSWV9TOFgxQ0l1OTlrN2s2SEpnekJrWVMwRnZXejdYZkdndC1DTHlPekUwTkFDbjBVMXlSX1g,r/Homebuilding,Havells,Homebuilder / Designer,4,Inspector for home construction - Reddit,https://news.google.com/rss/articles/CBMikAFBVV95cUxOcUw5OWlSOW1TUWxBelIwenF0ZTVnekxkM1ZzUzVEZ3V4MWtRWEJCN2NYSmV4RmJ5bW9nc2dqZzBjaTJQQllnQ05xVG1rSmhWclhmWXYyTEFxMjZSWV9TOFgxQ0l1OTlrN2s2SEpnekJrWVMwRnZXejdYZkdndC1DTHlPekUwTkFDbjBVMXlSX1g?oc=5
RSS_CBMioAFBVV95cUxQRmltTjNrMUNrZk9xR2FTZHFWSWtHVWFYZDBJYUhqS2N2amdPV2lBemFwdUN0ZjVXaTlkUjhRb2E1MUo3NHRJWk9TT2t1ODFxNm1NMTFBSFFxbTFJQnpkRVVDT3NlNUFneHY2QWZyR1lJVmZkRDBHZk50dkgxMy1BNld6aEJzXzdJT1BRQ2dmRDRKZU9BNVlQVUJHU29pVlBY,r/Homebuilding,Havells,Homebuilder / Designer,4,Would you trust someone who has only poured driveways and patios to pour a slab foundation? - Reddit,https://news.google.com/rss/articles/CBMioAFBVV95cUxQRmltTjNrMUNrZk9xR2FTZHFWSWtHVWFYZDBJYUhqS2N2amdPV2lBemFwdUN0ZjVXaTlkUjhRb2E1MUo3NHRJWk9TT2t1ODFxNm1NMTFBSFFxbTFJQnpkRVVDT3NlNUFneHY2QWZyR1lJVmZkRDBHZk50dkgxMy1BNld6aEJzXzdJT1BRQ2dmRDRKZU9BNVlQVUJHU29pVlBY?oc=5
RSS_CBMimAFBVV95cUxOclZvZjJhM1ZNZVVXUVFJRFZfNUI3cnFub1ZleFhPOW1HX3I0dFROay1YSnJ1TERmZVhaVFVfNWVrNy1HZG9RbUJ0d3ZVWFVEU3JiSExSOUs2VzNMSGZNOXFhSm5VdFZPS2pWUlZZcWdBaG5KRDRMOHctTEs4d1FoRjZNNzBncm5EZVZKX0VXb2hSbkhDN1FYSg,r/homedesign,Havells,Homebuilder / Designer,4,Need Help Directing Light Downward from Upward-Facing Bulbs over Dining Table - Reddit,https://news.google.com/rss/articles/CBMimAFBVV95cUxOclZvZjJhM1ZNZVVXUVFJRFZfNUI3cnFub1ZleFhPOW1HX3I0dFROay1YSnJ1TERmZVhaVFVfNWVrNy1HZG9RbUJ0d3ZVWFVEU3JiSExSOUs2VzNMSGZNOXFhSm5VdFZPS2pWUlZZcWdBaG5KRDRMOHctTEs4d1FoRjZNNzBncm5EZVZKX0VXb2hSbkhDN1FYSg?oc=5
RSS_CBMigwFBVV95cUxONzhfQXFtemdha05kN1Uyd202cmljTTU3Tm1VYVVtZ3hfd3lGOEFCSjVOelpIUTFhTzMzM1FSVjI0Rmk0RmZvbm94MXBuZFRDM2FhUjdGV2hBdEhEQVZLX0k3UmtkYVhpUmNXN1Y0b1JIZ0RWWDJteWlLQXE0OWpoenZmdw,r/homedesign,Havells,Homebuilder / Designer,4,Which rug do you prefer? - Reddit,https://news.google.com/rss/articles/CBMigwFBVV95cUxONzhfQXFtemdha05kN1Uyd202cmljTTU3Tm1VYVVtZ3hfd3lGOEFCSjVOelpIUTFhTzMzM1FSVjI0Rmk0RmZvbm94MXBuZFRDM2FhUjdGV2hBdEhEQVZLX0k3UmtkYVhpUmNXN1Y0b1JIZ0RWWDJteWlLQXE0OWpoenZmdw?oc=5
RSS_CBMipAFBVV95cUxNaWtIVENlY2pOYjFKV05oa01KOEpJVlpBZ3owSDVyZ1ZjM2J3QVdsRHk2Q0ZjNUVlMVlvOTltMkhncmZGUmRCTENYbTZ5N29JcVhTaExLUTdOWG5ZNnozbVFCWVlYT0xpOHFyei10blJ5NDllc2xJb3hYNTVPWFJJMURKN2VmX0VWV3BCcTF0X2dUakZiV0hDWTk5aXJycV9heC1jRQ,r/homedesign,Havells,Homebuilder / Designer,4,Do you prefer warm or cool backlight for your TV - Reddit,https://news.google.com/rss/articles/CBMipAFBVV95cUxNaWtIVENlY2pOYjFKV05oa01KOEpJVlpBZ3owSDVyZ1ZjM2J3QVdsRHk2Q0ZjNUVlMVlvOTltMkhncmZGUmRCTENYbTZ5N29JcVhTaExLUTdOWG5ZNnozbVFCWVlYT0xpOHFyei10blJ5NDllc2xJb3hYNTVPWFJJMURKN2VmX0VWV3BCcTF0X2dUakZiV0hDWTk5aXJycV9heC1jRQ?oc=5
RSS_CBMingFBVV95cUxNaHE2czNFcWcxNE9BX2F4NTZSdTRVazNWQjFEZTVzOU9Cc19kWG1aZ1c5SlJqTm9CMEVpTG00andjTUlhZVlmRlh3RFlKZEpwSXJQZjlpYzdLR1VWd01uaURKYU5tWVVrSFdxd2FEdGp4c3dDWldCWUpzSTAzMHcxb0hxS2lmUW1hTERTMDNlUHYydWZwS0pBSExLOE03dw,r/homedesign,Havells,Homebuilder / Designer,4,How can I make this more “traditional/english cottage with a hint of Americana” vibes? - Reddit,https://news.google.com/rss/articles/CBMingFBVV95cUxNaHE2czNFcWcxNE9BX2F4NTZSdTRVazNWQjFEZTVzOU9Cc19kWG1aZ1c5SlJqTm9CMEVpTG00andjTUlhZVlmRlh3RFlKZEpwSXJQZjlpYzdLR1VWd01uaURKYU5tWVVrSFdxd2FEdGp4c3dDWldCWUpzSTAzMHcxb0hxS2lmUW1hTERTMDNlUHYydWZwS0pBSExLOE03dw?oc=5
RSS_CBMipgFBVV95cUxPYmd6X1dFdzBKVnh0U2JZRWJqWEJsNkR1ZlZLa0s5Q19kU1Nla3d3WlgtX1djbXVUQ0dUb09FdUg5a1doN2Y2Y283T2pkdkFQUU1jczAxUW52TDVIaGlzcXhqZDJpRjcyaVFUaktiVHFENWplTnAtaUhFR0ZBa05rNmgxSUpTLXNlSkthQXpweVZhU1Fyc3F4S0pmdVc0TW10VTBIazR3,r/homedesign,Havells,Homebuilder / Designer,4,"Redoing basement after a water leak, worked out an idea of sort of what I want it to look like but need suggestions since I have no taste... - Reddit",https://news.google.com/rss/articles/CBMipgFBVV95cUxPYmd6X1dFdzBKVnh0U2JZRWJqWEJsNkR1ZlZLa0s5Q19kU1Nla3d3WlgtX1djbXVUQ0dUb09FdUg5a1doN2Y2Y283T2pkdkFQUU1jczAxUW52TDVIaGlzcXhqZDJpRjcyaVFUaktiVHFENWplTnAtaUhFR0ZBa05rNmgxSUpTLXNlSkthQXpweVZhU1Fyc3F4S0pmdVc0TW10VTBIazR3?oc=5
RSS_CBMihwFBVV95cUxOaXN1NF9Va2dGenZ2ZWkxczVicExQRU1UeU9Ud2locXA5dGdtVGdNZl94QzRzS1ZWVi1ldUhBYklCd1JiZDNMRjRFMVpYdk5jLVhxaHN6QTZWbnZKNGZYQzJBUTU1WVNRdkxyR1FadVBCb1MzOFF3ZnJxUWFHZDZ1cWRVelhpcVU,r/homedesign,Havells,Homebuilder / Designer,4,Moving laundry to basement? - Reddit,https://news.google.com/rss/articles/CBMihwFBVV95cUxOaXN1NF9Va2dGenZ2ZWkxczVicExQRU1UeU9Ud2locXA5dGdtVGdNZl94QzRzS1ZWVi1ldUhBYklCd1JiZDNMRjRFMVpYdk5jLVhxaHN6QTZWbnZKNGZYQzJBUTU1WVNRdkxyR1FadVBCb1MzOFF3ZnJxUWFHZDZ1cWRVelhpcVU?oc=5
RSS_CBMiowFBVV95cUxPck9VQzZMNWZiV3N4anVzN2pHM2swTWhad2Fyb0k2dk14ZVlnbkhKTU5CSm5XQTU3UUhkaWtnN3BJUDVLNHJySEpLZE9xS1dHYjJfV3IwUUZkZ2NZLVNlMjhKdTFzc3phVlhSSFVoWHNoczhJYlBYSGc5ZmUyRENMOEp5QWRQWV9YQktZYVlSQkZzVEdoZVRxYXQwWV81X1VWeTlv,r/homedesign,Havells,Homebuilder / Designer,4,"Which looks better? Arches, window grids, and trim details - Reddit",https://news.google.com/rss/articles/CBMiowFBVV95cUxPck9VQzZMNWZiV3N4anVzN2pHM2swTWhad2Fyb0k2dk14ZVlnbkhKTU5CSm5XQTU3UUhkaWtnN3BJUDVLNHJySEpLZE9xS1dHYjJfV3IwUUZkZ2NZLVNlMjhKdTFzc3phVlhSSFVoWHNoczhJYlBYSGc5ZmUyRENMOEp5QWRQWV9YQktZYVlSQkZzVEdoZVRxYXQwWV81X1VWeTlv?oc=5
RSS_CBMipgFBVV95cUxOSUZUTXpIRm5OMjZFN2hNR3M3Q0NnYXRNSXJpc3IzWm0zdUE2WE9JRWxIeEFMMmtiRU9PUDNFUXlZWWgzM2JNOGUxaC1iVEZkTGRDOWhUQnNZT3NlTlN5YUxoeUlBOW4yYUd3clMtOUkzYXFSLTVRWEh1Z1hCbElfZWlNMUxTci1lVGdUSUVjNUw5c0MxZ1ljM2Etam9mMmx4UktnbzFn,r/homedesign,Havells,Homebuilder / Designer,4,Should I use a white or black fixture for ceiling? - Reddit,https://news.google.com/rss/articles/CBMipgFBVV95cUxOSUZUTXpIRm5OMjZFN2hNR3M3Q0NnYXRNSXJpc3IzWm0zdUE2WE9JRWxIeEFMMmtiRU9PUDNFUXlZWWgzM2JNOGUxaC1iVEZkTGRDOWhUQnNZT3NlTlN5YUxoeUlBOW4yYUd3clMtOUkzYXFSLTVRWEh1Z1hCbElfZWlNMUxTci1lVGdUSUVjNUw5c0MxZ1ljM2Etam9mMmx4UktnbzFn?oc=5
RSS_CBMipgFBVV95cUxNOHhZY0J6Z1BZaUlOMldhdlpfa2lHc1RMTXZteUZ5QmJQTWk4YUhuaGFzM0xQaE8xLTFKV1RCRE8zZHBnQlVUZFl2ZFFPS2VvUDFJTDRXTlhwVmFzX3lLQ2pBSExiVEtyOEVpYzF2TjFUVFA3Nzl4Tkh1dngwN1BRRnJ2c28zdVZJMmpWS0g2U2pKMkh3SGt3Q25HQ0FPRnlFSzVXT3dn,r/homedesign,Havells,Homebuilder / Designer,4,What are the pros and cons of a projector vs a tv? - Reddit,https://news.google.com/rss/articles/CBMipgFBVV95cUxNOHhZY0J6Z1BZaUlOMldhdlpfa2lHc1RMTXZteUZ5QmJQTWk4YUhuaGFzM0xQaE8xLTFKV1RCRE8zZHBnQlVUZFl2ZFFPS2VvUDFJTDRXTlhwVmFzX3lLQ2pBSExiVEtyOEVpYzF2TjFUVFA3Nzl4Tkh1dngwN1BRRnJ2c28zdVZJMmpWS0g2U2pKMkh3SGt3Q25HQ0FPRnlFSzVXT3dn?oc=5
RSS_CBMigAFBVV95cUxOZjdvSERiM3VFek5WeF9kM19GREJHajRROFlTVV82MzFBVVNlTl8tM0RISTV3aDFpeXdrWWY2aDU5OE0tZ19OUU92NXEwZ3gzQ05FUFlPUVFGX05jSGlDYzJPZXI0UEQ4d3Q5akJYMnNxMlNQb0trOUlyQzB6OUVWOA,r/homedesign,Havells,Homebuilder / Designer,4,Sconce placement help - Reddit,https://news.google.com/rss/articles/CBMigAFBVV95cUxOZjdvSERiM3VFek5WeF9kM19GREJHajRROFlTVV82MzFBVVNlTl8tM0RISTV3aDFpeXdrWWY2aDU5OE0tZ19OUU92NXEwZ3gzQ05FUFlPUVFGX05jSGlDYzJPZXI0UEQ4d3Q5akJYMnNxMlNQb0trOUlyQzB6OUVWOA?oc=5
RSS_CBMiowFBVV95cUxNLTlJa0VxY08xeWZsajJ3T0x4a2pwLVFIWldzMnZVZy1BYnZ5dGNXbXRFOC1SSmhsSDZWZlhsa054bmI5MFdlU1pzM3hBNGFUNFc5TlFvY2R6c2RoYzRBN1Z2UURsMHY5dE52enV2dExMSmlrc3RPX2hLRzJJV3NuRF94bDUzTXAwdXRmTk9ISFpMa3RsSjgwMW5nWERoNi1OSE9B,r/homedesign,Havells,Homebuilder / Designer,4,would you redo the off-white tile for a brighter white? - Reddit,https://news.google.com/rss/articles/CBMiowFBVV95cUxNLTlJa0VxY08xeWZsajJ3T0x4a2pwLVFIWldzMnZVZy1BYnZ5dGNXbXRFOC1SSmhsSDZWZlhsa054bmI5MFdlU1pzM3hBNGFUNFc5TlFvY2R6c2RoYzRBN1Z2UURsMHY5dE52enV2dExMSmlrc3RPX2hLRzJJV3NuRF94bDUzTXAwdXRmTk9ISFpMa3RsSjgwMW5nWERoNi1OSE9B?oc=5
RSS_CBMipgFBVV95cUxOVHV5YlZRb0xVeG5LdWQ4TkJvTE9aSzZCcl9Ba21wNncxczdsSi1JS0xod3NnZzhXS1U1eDBhOEFidUFZX2hRLXJQYXBteHBfRDZFYkp1N1FPY2ZoLXp4TGx0Q3hKcjFWQnJiN1o0WDUtNlFZdzVONjNPNnducWNWeWNsdnJwV2xuRmQ0RnZSeEFZZ3FJNXpodnNaYUNpRXdhRG85V1BB,r/homedesign,Anchor,Homebuilder / Designer,4,Best Panasonic Exhaust Fan for 120 sq ft Bathroom? Opinions on FV-1115VQ1 vs FV-1315RQ2 - Reddit,https://news.google.com/rss/articles/CBMipgFBVV95cUxOVHV5YlZRb0xVeG5LdWQ4TkJvTE9aSzZCcl9Ba21wNncxczdsSi1JS0xod3NnZzhXS1U1eDBhOEFidUFZX2hRLXJQYXBteHBfRDZFYkp1N1FPY2ZoLXp4TGx0Q3hKcjFWQnJiN1o0WDUtNlFZdzVONjNPNnducWNWeWNsdnJwV2xuRmQ0RnZSeEFZZ3FJNXpodnNaYUNpRXdhRG85V1BB?oc=5
RSS_CBMiowFBVV95cUxOUW1IQmE3NmFqSlNwUTAyekdOQXkxUDNReWF6Z29XSXZYR3V4OHlqa3lUeUw1UXJiVHBEWVh0bDdZS0ljNGhkMlY1ZjZZendPNUZkMHJBcmVoT2wtak92QTg1dkJVWGllanV4UUxMdWNqcGRIZWxobXJBYXhWRWgxVEMyalJNY3BCcE9LV1R4dnZxTVdWcWw2OXFOVXdkM1FwV1NF,r/homedesign,Havells,Homebuilder / Designer,4,Subject: Open Plan Living Room Design with Olive Green and Ochre - Reddit,https://news.google.com/rss/articles/CBMiowFBVV95cUxOUW1IQmE3NmFqSlNwUTAyekdOQXkxUDNReWF6Z29XSXZYR3V4OHlqa3lUeUw1UXJiVHBEWVh0bDdZS0ljNGhkMlY1ZjZZendPNUZkMHJBcmVoT2wtak92QTg1dkJVWGllanV4UUxMdWNqcGRIZWxobXJBYXhWRWgxVEMyalJNY3BCcE9LV1R4dnZxTVdWcWw2OXFOVXdkM1FwV1NF?oc=5
RSS_CBMioAFBVV95cUxPZ2o0Z3RwUjl2STMwTmYzRE1SeVNQRGFKRVIzMmcwTWVxTUxLSnlFV1ExWVQ2T2xFMTJFRWpQeENHR21ab0FiVVZHdGIzbl91NVZveTVlUGZqNzZlbVQtMFYtVTBVTVN0QlNhRE5jSzFmWl9OczhBUzRSTUcyQkJ2UVR2djk4YlFDSF9CZXFiY0xzTlp6MFhqbUFBWERkNU1p,r/homedesign,Havells,Homebuilder / Designer,4,What color rug should I go with for this room? - Reddit,https://news.google.com/rss/articles/CBMioAFBVV95cUxPZ2o0Z3RwUjl2STMwTmYzRE1SeVNQRGFKRVIzMmcwTWVxTUxLSnlFV1ExWVQ2T2xFMTJFRWpQeENHR21ab0FiVVZHdGIzbl91NVZveTVlUGZqNzZlbVQtMFYtVTBVTVN0QlNhRE5jSzFmWl9OczhBUzRSTUcyQkJ2UVR2djk4YlFDSF9CZXFiY0xzTlp6MFhqbUFBWERkNU1p?oc=5
RSS_CBMijwFBVV95cUxPYnNka1N4UFBlZ2pUNVdFUlpKVzhJRjYyMGE3dUNFM19wdDFYLUhhZlVtMW1Eb255Q2wyc2txR3VEdmNxRHhxWmM3aExQOElwUUQ1cnQ5MWNHdDFCc2ttSFBBVjltS0ZUR2FrT2FIb2JSQnNXeFZsejRLaUZMVGFTXzdudlR3UzRQSkhpUm52NA,r/homedesign,Havells,Homebuilder / Designer,4,Where should I hang the curtains? - Reddit,https://news.google.com/rss/articles/CBMijwFBVV95cUxPYnNka1N4UFBlZ2pUNVdFUlpKVzhJRjYyMGE3dUNFM19wdDFYLUhhZlVtMW1Eb255Q2wyc2txR3VEdmNxRHhxWmM3aExQOElwUUQ1cnQ5MWNHdDFCc2ttSFBBVjltS0ZUR2FrT2FIb2JSQnNXeFZsejRLaUZMVGFTXzdudlR3UzRQSkhpUm52NA?oc=5
RSS_CBMioAFBVV95cUxQTkVFQjdyeUlaaWdBWVVTNDBHUlhRV1I3OGFkblRnYW5leTRrQVRkSHlVZ2VfNHZ3Q2txRG80bzdkRXZ4QXc0RzJsYV9adnFFQmJzcDQ3VnVJcXJxZVg4NTZZQXJnTWhTZWdQLUMxWlBKQUQ2b0ZZWTZvY2VwbVhfOVZMSm1ROVpmWlREVmZvODg1NHFULU1UamF4NWZYcVl4,r/homedesign,Havells,Homebuilder / Designer,4,Is there a way to securely hang a mantel on a wall without studs? - Reddit,https://news.google.com/rss/articles/CBMioAFBVV95cUxQTkVFQjdyeUlaaWdBWVVTNDBHUlhRV1I3OGFkblRnYW5leTRrQVRkSHlVZ2VfNHZ3Q2txRG80bzdkRXZ4QXc0RzJsYV9adnFFQmJzcDQ3VnVJcXJxZVg4NTZZQXJnTWhTZWdQLUMxWlBKQUQ2b0ZZWTZvY2VwbVhfOVZMSm1ROVpmWlREVmZvODg1NHFULU1UamF4NWZYcVl4?oc=5
RSS_CBMilwFBVV95cUxOWEVKVGd4dE56Tk1nc2YtaUVTTW8tejhDLWhuVnRHdkZtZXMzVlozVkJhRkRxMzRlZU9lNXMydmFDRUtxUzV6ZTNQVkJUU1Zpd2d4bzF0b1dpWGJrWTNCNWtvMEVUWGNTZGlNakd6Z0VMMDRibDZ5NDFIOURxM2ctOFd5RzgxLXRDeHY1Q3FkdHg5OC1hd3pz,r/homedesign,Havells,Homebuilder / Designer,4,Is an L-shaped house ideal for retirees? - Reddit,https://news.google.com/rss/articles/CBMilwFBVV95cUxOWEVKVGd4dE56Tk1nc2YtaUVTTW8tejhDLWhuVnRHdkZtZXMzVlozVkJhRkRxMzRlZU9lNXMydmFDRUtxUzV6ZTNQVkJUU1Zpd2d4bzF0b1dpWGJrWTNCNWtvMEVUWGNTZGlNakd6Z0VMMDRibDZ5NDFIOURxM2ctOFd5RzgxLXRDeHY1Q3FkdHg5OC1hd3pz?oc=5
RSS_CBMipwFBVV95cUxQZU92VHF6dEVMclNPUUhucEp1LURDaVJjeUx4MThCZGp6MF9HQzkwN2xLQWtZZ192Q0pLVHpfMFRMZDU3eEY5Z3piWk5LUTZhbTJHUnVLWHNQNW9XLVZfMEJtbWwtTkI3V3lReTd0YVdoSDcwU0VOQVVKU1ZmdXp0NThtRE45d1VIRjB1Zm5JY0llejlDM0FlTE4xQThBWk1RSk5NR1VfMA,r/HomeImprovement,Havells,Homebuilder / Designer,4,I have a light switch in a room with no lights. Any idea how I can find out what it does? - Reddit,https://news.google.com/rss/articles/CBMipwFBVV95cUxQZU92VHF6dEVMclNPUUhucEp1LURDaVJjeUx4MThCZGp6MF9HQzkwN2xLQWtZZ192Q0pLVHpfMFRMZDU3eEY5Z3piWk5LUTZhbTJHUnVLWHNQNW9XLVZfMEJtbWwtTkI3V3lReTd0YVdoSDcwU0VOQVVKU1ZmdXp0NThtRE45d1VIRjB1Zm5JY0llejlDM0FlTE4xQThBWk1RSk5NR1VfMA?oc=5
RSS_CBMiqwFBVV95cUxQZjlQcURHaFVMd05Ca3N0X09ueExFRzJfOVlwMXRab2JyNHFicnVoNkFjWF9hdzJhUnRQdHJjY1dPM2o3TGk5VTFqNTZVbV9ra3pGWXcyTm5BZ3hsUkVra21nQ3BjS0wwRHN6X1JWS0Y4eE02c3FtZXRTd0I4MC1iRGNqaXhsYWZSb214MmxmM3RLVVlCR3VpU2FpelR2bmwtR0pXSjRVbk5HUWc,r/HomeImprovement,Havells,Homebuilder / Designer,4,"Light switch basic help -- two wires from wall, three wires for new switch - Reddit",https://news.google.com/rss/articles/CBMiqwFBVV95cUxQZjlQcURHaFVMd05Ca3N0X09ueExFRzJfOVlwMXRab2JyNHFicnVoNkFjWF9hdzJhUnRQdHJjY1dPM2o3TGk5VTFqNTZVbV9ra3pGWXcyTm5BZ3hsUkVra21nQ3BjS0wwRHN6X1JWS0Y4eE02c3FtZXRTd0I4MC1iRGNqaXhsYWZSb214MmxmM3RLVVlCR3VpU2FpelR2bmwtR0pXSjRVbk5HUWc?oc=5
RSS_CBMiqwFBVV95cUxQNVlfMDI4SEJpc0Njd3ZSckstVkg3Tjd1b01tZVdtd05md2F5Z3JiQlVibWdVYTlnSlliQ2xoMzZ0RE1wTHZVTUEzZU0zUW1ZSzVvM3FGU25tbHlUYjZTdm1KR0xJblNWRkktYkVIUmlTUVdid3FnaDNSOFdZeUJ3QWVfS3M0LVltbENxSGx6Z1FyMzhpMWZyOFFUampRcTNGVVMycjM4MDJMNVk,r/HomeImprovement,Havells,Homebuilder / Designer,4,Is there any reason to replace old light switches? - Reddit,https://news.google.com/rss/articles/CBMiqwFBVV95cUxQNVlfMDI4SEJpc0Njd3ZSckstVkg3Tjd1b01tZVdtd05md2F5Z3JiQlVibWdVYTlnSlliQ2xoMzZ0RE1wTHZVTUEzZU0zUW1ZSzVvM3FGU25tbHlUYjZTdm1KR0xJblNWRkktYkVIUmlTUVdid3FnaDNSOFdZeUJ3QWVfS3M0LVltbENxSGx6Z1FyMzhpMWZyOFFUampRcTNGVVMycjM4MDJMNVk?oc=5
RSS_CBMimwFBVV95cUxPWHVqZnJwWG1wWnJvdm1vVDV5bEk3SUVOT2lrLXlMNUdERGZnZDAzcTBxckxJWmYxeEJQdlNXbXVseVVwbkVEdHZIRW5SMTE3ZjVicFhGLXhsNHNlSkRCblFBMGs1N0xwcGhPTFd3MkNjOXZFUUFxcHFBQ3JEa1k2X3lpd3ZkcmkzWEwxcERzSjFvWVNIOFVwNUV2Yw,r/HomeImprovement,Havells,Homebuilder / Designer,4,Ceiling Fans with Remote & Wall Switch - Reddit,https://news.google.com/rss/articles/CBMimwFBVV95cUxPWHVqZnJwWG1wWnJvdm1vVDV5bEk3SUVOT2lrLXlMNUdERGZnZDAzcTBxckxJWmYxeEJQdlNXbXVseVVwbkVEdHZIRW5SMTE3ZjVicFhGLXhsNHNlSkRCblFBMGs1N0xwcGhPTFd3MkNjOXZFUUFxcHFBQ3JEa1k2X3lpd3ZkcmkzWEwxcERzSjFvWVNIOFVwNUV2Yw?oc=5
RSS_CBMiowFBVV95cUxPMy1IMlVwVzI4MzRSdG80LU4waDRtWXRKZUF3RzFNOWVsbHhEeWN0ZGNmMVc2SXRLU29TUEJILXNocW1RaV9kSGp0NnBkVXgyX1F4STM5ek01WWdpNmdMQk5iUDFHcFZqY0Q4TkdnVWdjM1lmcmROVU5wSzVSLXc1R2hJYXdhaU10ZHd6TE95S3FJSG1mNTRQSUpjN0lwSkViMHNn,r/HomeImprovement,Havells,Homebuilder / Designer,4,Is changing a dimmer switch something Ican reasonably do myself? - Reddit,https://news.google.com/rss/articles/CBMiowFBVV95cUxPMy1IMlVwVzI4MzRSdG80LU4waDRtWXRKZUF3RzFNOWVsbHhEeWN0ZGNmMVc2SXRLU29TUEJILXNocW1RaV9kSGp0NnBkVXgyX1F4STM5ek01WWdpNmdMQk5iUDFHcFZqY0Q4TkdnVWdjM1lmcmROVU5wSzVSLXc1R2hJYXdhaU10ZHd6TE95S3FJSG1mNTRQSUpjN0lwSkViMHNn?oc=5
RSS_CBMiqwFBVV95cUxQWDRKeVAtYzl2bkd3UlNiQ3A3WEJEQ1hEX0ZHWEJraThWSkw5a2s1d3p5V3FJdDctdFZLWVFuM2NqMHRuc2J1aFFvdDZ6aFZiT282b2xHa3lpVzBKaWlNMGEzTW5xWFVIVVhQcFJBanFLOFo5a2VEWklabFB5czc3UFBqazRMM1BUYll5SEdINDNSQ0Uxb2tXRi1mTy1KNi1feGxDenYzeVhOdVk,r/HomeImprovement,Havells,Homebuilder / Designer,4,Can I change this outlet into a smart outlet? All three switches are to three individual lights in the basement. - Reddit,https://news.google.com/rss/articles/CBMiqwFBVV95cUxQWDRKeVAtYzl2bkd3UlNiQ3A3WEJEQ1hEX0ZHWEJraThWSkw5a2s1d3p5V3FJdDctdFZLWVFuM2NqMHRuc2J1aFFvdDZ6aFZiT282b2xHa3lpVzBKaWlNMGEzTW5xWFVIVVhQcFJBanFLOFo5a2VEWklabFB5czc3UFBqazRMM1BUYll5SEdINDNSQ0Uxb2tXRi1mTy1KNi1feGxDenYzeVhOdVk?oc=5
RSS_CBMikgFBVV95cUxPVXhhalk4T1FkYjBNa1hJeFRTQ0xIbHA0aE9MZ0hqR05GRDJqN0QyenJyZ0lRQWNKTm45QmRwMUJDOXMzY2JCRkdQeFlMc0NGQnRUdksyM2RZalEwODgwdGZhdFNjeU1yYkcxcXNSbUxuMkJVQldNM3ExODB2WTBJN3FENEtYRGVOVXc2R25fYURPUQ,r/HomeImprovement,Havells,Homebuilder / Designer,4,Why are light switches so high?! - Reddit,https://news.google.com/rss/articles/CBMikgFBVV95cUxPVXhhalk4T1FkYjBNa1hJeFRTQ0xIbHA0aE9MZ0hqR05GRDJqN0QyenJyZ0lRQWNKTm45QmRwMUJDOXMzY2JCRkdQeFlMc0NGQnRUdksyM2RZalEwODgwdGZhdFNjeU1yYkcxcXNSbUxuMkJVQldNM3ExODB2WTBJN3FENEtYRGVOVXc2R25fYURPUQ?oc=5
RSS_CBMiqwFBVV95cUxNc0NKTV8tQkNhRUpRWmFjZVJzZ3ZKakJYYUNZdHo0RmpRSWU0N0cxMDNrR3B3b2J0SVhfZHl1S0x1Z3JtWGpFal9MaVY4UlJrYktwekwxY2dZUnlnTWJaai12OU5yVHJvM1c3WVFBZUdnRzh2U3NEZTZXM3Q5NHE2RFh6SkhaTHJOY1V1ZzNCMjNiSENLWDFFbUVXbTF3VTBPWWhlVlJvZ1ZuYTg,r/HomeImprovement,Havells,Homebuilder / Designer,4,How can I mount this light switch without having to replace the whole box? - Reddit,https://news.google.com/rss/articles/CBMiqwFBVV95cUxNc0NKTV8tQkNhRUpRWmFjZVJzZ3ZKakJYYUNZdHo0RmpRSWU0N0cxMDNrR3B3b2J0SVhfZHl1S0x1Z3JtWGpFal9MaVY4UlJrYktwekwxY2dZUnlnTWJaai12OU5yVHJvM1c3WVFBZUdnRzh2U3NEZTZXM3Q5NHE2RFh6SkhaTHJOY1V1ZzNCMjNiSENLWDFFbUVXbTF3VTBPWWhlVlJvZ1ZuYTg?oc=5
RSS_CBMilgFBVV95cUxNRjBwWXk0X2J5SzlZLVRfVC1qNUlMOHdVRWowbnhSMVh1OHBpeFhwUWVnNDBjRC1xcGtRb0Y1akJiOGVFMUtScXNoVnU1WWhEV01nWWVTa2pmajlhN3BmWjZIaXpQcjlaSDVzMTZhcGFXaDdFdS1tLW5NcjVfeWpQN2FicmZlTmRWLXpLRzRaRnlQb0MxZ2c,r/HomeImprovement,Havells,Homebuilder / Designer,4,How to de-mystify mystery switches? - Reddit,https://news.google.com/rss/articles/CBMilgFBVV95cUxNRjBwWXk0X2J5SzlZLVRfVC1qNUlMOHdVRWowbnhSMVh1OHBpeFhwUWVnNDBjRC1xcGtRb0Y1akJiOGVFMUtScXNoVnU1WWhEV01nWWVTa2pmajlhN3BmWjZIaXpQcjlaSDVzMTZhcGFXaDdFdS1tLW5NcjVfeWpQN2FicmZlTmRWLXpLRzRaRnlQb0MxZ2c?oc=5
RSS_CBMiowFBVV95cUxNWmhLM3VWaTRocVlrX1VTbVFqZjVnS0xfX3ljUjA2OHg3a3pQMDNNUm5CdzZUcDFJdzhDd2R6RmVtNHItdmlnLU53dTlneTQ1bjB3U240RTBaVF80ak02cEg3VnVEcE12RU5ldEZVdy1MOGVGM0x1LW42OU40MHJybGZsZFZ3clRTSHNKTUVXNnhDc3h5dGMxZUZoNi1tNndqX0Zv,r/HomeImprovement,GM,Homebuilder / Designer,4,Tips/Tricks/Tools For Changing Out a Bunch of Switches/Outlets/Faceplates? - Reddit,https://news.google.com/rss/articles/CBMiowFBVV95cUxNWmhLM3VWaTRocVlrX1VTbVFqZjVnS0xfX3ljUjA2OHg3a3pQMDNNUm5CdzZUcDFJdzhDd2R6RmVtNHItdmlnLU53dTlneTQ1bjB3U240RTBaVF80ak02cEg3VnVEcE12RU5ldEZVdy1MOGVGM0x1LW42OU40MHJybGZsZFZ3clRTSHNKTUVXNnhDc3h5dGMxZUZoNi1tNndqX0Zv?oc=5
RSS_CBMipgFBVV95cUxQVlg2Rl9zWXpQTW9qRFAzZ0dwSDZMWjg5M3d6c1IzaHNPb19QdklvSThBU2xvZnJpNTNVNWtpRGxuNk9DMjE5NmRVVzcyaVdlcXBWcHZKLUZOWlB5NTVDZE1yTkY0MWZMZFVvbDBiQWZmOVJjcE5lOXFBNU9KN0JBNFZrT2NKQ0hsZXZJaG5henpYYUZYZTRNcnRBZUtLQ0pVQ3ZjZ3Bn,r/HomeImprovement,Havells,Homebuilder / Designer,4,Is changing out a light switch more dangerous than changing out a light fixture? - Reddit,https://news.google.com/rss/articles/CBMipgFBVV95cUxQVlg2Rl9zWXpQTW9qRFAzZ0dwSDZMWjg5M3d6c1IzaHNPb19QdklvSThBU2xvZnJpNTNVNWtpRGxuNk9DMjE5NmRVVzcyaVdlcXBWcHZKLUZOWlB5NTVDZE1yTkY0MWZMZFVvbDBiQWZmOVJjcE5lOXFBNU9KN0JBNFZrT2NKQ0hsZXZJaG5henpYYUZYZTRNcnRBZUtLQ0pVQ3ZjZ3Bn?oc=5
RSS_CBMiqAFBVV95cUxNaGNEcFJ2US1jRFN2YkRCMkRTUXVUYmJiQXBVNmZkemJqbm9GM05TN0RFX3ByT3N5TEU0UFo0d2FhVjA4NUx0QjlhcHllUEhoVDlNTFRCQi1Rb1RaS25VUGNHazZkeFpWOFNnUnhXenU1TGczR2JmMEJ6OE1kenBMY0ZPMDBKLTJvN01GQU1qYXFnSVM0NDJ4Mm1vLW5UQ0FIUHcwNUtQZEQ,r/HomeImprovement,GM,Homebuilder / Designer,4,How to cover a light switch but leave it in it's on state? - Reddit,https://news.google.com/rss/articles/CBMiqAFBVV95cUxNaGNEcFJ2US1jRFN2YkRCMkRTUXVUYmJiQXBVNmZkemJqbm9GM05TN0RFX3ByT3N5TEU0UFo0d2FhVjA4NUx0QjlhcHllUEhoVDlNTFRCQi1Rb1RaS25VUGNHazZkeFpWOFNnUnhXenU1TGczR2JmMEJ6OE1kenBMY0ZPMDBKLTJvN01GQU1qYXFnSVM0NDJ4Mm1vLW5UQ0FIUHcwNUtQZEQ?oc=5
RSS_CBMiogFBVV95cUxOWS0xSFBXRFlpQUVJdE5fd2V0eDlPMXFzUjFFVS16c3BHMXRxVnh0WmduYjZUSG41Yi01QngtVmU5UmlNdVNCUWduVGdHLW8xVUtUYnFEc3pQV1A1S05ON1NSVWhxbEh0V2dnOFZfaDR4VVh0VDRKRU5RLU45QndueWVZTkdsdDZPcTU3MURub1FpM0NrRUN2b3otdTRmamFMQ1E,r/HomeImprovement,Havells,Homebuilder / Designer,4,How easy is it to update/replace electrical switches? - Reddit,https://news.google.com/rss/articles/CBMiogFBVV95cUxOWS0xSFBXRFlpQUVJdE5fd2V0eDlPMXFzUjFFVS16c3BHMXRxVnh0WmduYjZUSG41Yi01QngtVmU5UmlNdVNCUWduVGdHLW8xVUtUYnFEc3pQV1A1S05ON1NSVWhxbEh0V2dnOFZfaDR4VVh0VDRKRU5RLU45QndueWVZTkdsdDZPcTU3MURub1FpM0NrRUN2b3otdTRmamFMQ1E?oc=5
RSS_CBMilwFBVV95cUxQcEwyeF9TRXNneVlmSHZmT0dGcjdCY3VRTUpibkQxSFBDbnVleVBVSGZIY2xnRUVCWkhRQ3hhcG1jeFVUbFJHOE40SU1UM1h3bkpva2ZBZGNKeWR5Qjd4V211ZUJsejBkMXktbWJxS0c3OUUxTnIzZVljMXUxZ29LdlFadW5DWHNhVDZzLVNYWl9kaXMzSE9Z,r/HomeImprovement,Havells,Homebuilder / Designer,4,How do I rewire this light switch? - Reddit,https://news.google.com/rss/articles/CBMilwFBVV95cUxQcEwyeF9TRXNneVlmSHZmT0dGcjdCY3VRTUpibkQxSFBDbnVleVBVSGZIY2xnRUVCWkhRQ3hhcG1jeFVUbFJHOE40SU1UM1h3bkpva2ZBZGNKeWR5Qjd4V211ZUJsejBkMXktbWJxS0c3OUUxTnIzZVljMXUxZ29LdlFadW5DWHNhVDZzLVNYWl9kaXMzSE9Z?oc=5
RSS_CBMiogFBVV95cUxQT3laMklENEFReUlocVlrRnBCVzc3SkNiM3haZThsZk9HTTJ0aVZ5M0lqTFdnU2FMS3hYaTFRMGxOZi10RE9NMUdUeGhKUTRtOXgwczF6MG0yZW9FMG01cHdST25LNWxyQjFUS2dUaUx0V2ozTk9DVzlZS2QtWkNQWHp6YmlQMl92eWZoRmdQT2pDV2RpNmtIV3o5VzVDLTJSb2c,r/HomeImprovement,Havells,Homebuilder / Designer,4,How do I convert the left and middle light switches of a three switch panel into a single timed switch? - Reddit,https://news.google.com/rss/articles/CBMiogFBVV95cUxQT3laMklENEFReUlocVlrRnBCVzc3SkNiM3haZThsZk9HTTJ0aVZ5M0lqTFdnU2FMS3hYaTFRMGxOZi10RE9NMUdUeGhKUTRtOXgwczF6MG0yZW9FMG01cHdST25LNWxyQjFUS2dUaUx0V2ozTk9DVzlZS2QtWkNQWHp6YmlQMl92eWZoRmdQT2pDV2RpNmtIV3o5VzVDLTJSb2c?oc=5
RSS_CBMipgFBVV95cUxPaFBGRWpUdW9CWFU2eDNsNUE4WWxFcWpsNUNDZkxfTDVLMTA2VzBVQ0VKMjUzbERGb2ZmRllQb1J6M2tjUGUtV2syLTZyMGtibUlhTzJpSUhBM2l0TGtFZ2xOM0dwQWdEM3VQM0FyejFScjctWTJaSFB2OU1tM2ViTEItVzRyMzlrNmpCQ1ViajNxbzF5STFXVWF3REFNQmVGdndRYWxB,r/HomeImprovement,Havells,Homebuilder / Designer,4,How to legally/safely cover/flush mount a light switch? - Reddit,https://news.google.com/rss/articles/CBMipgFBVV95cUxPaFBGRWpUdW9CWFU2eDNsNUE4WWxFcWpsNUNDZkxfTDVLMTA2VzBVQ0VKMjUzbERGb2ZmRllQb1J6M2tjUGUtV2syLTZyMGtibUlhTzJpSUhBM2l0TGtFZ2xOM0dwQWdEM3VQM0FyejFScjctWTJaSFB2OU1tM2ViTEItVzRyMzlrNmpCQ1ViajNxbzF5STFXVWF3REFNQmVGdndRYWxB?oc=5
RSS_CBMiqAFBVV95cUxNSlAtamNnVzJRT2hDN2VCTXNjdjBpQ1RIMmVBc0hoRjlGSW1MSm0zamY5T3JrZWoxVzZlcUNjWUt1X1ZPX1AtV2RjdmJxcGtXX096UU96ZGd1Qng5UTFtTi1OR2hzX1NHbFk4NGxHVDhLSDRpQ0tnTkdxWFI3X2w2ZVNHaEticC05NHlGTlM5NDVWWGRUYUdBLUZQSVk5d0FFdlVhOTdKN0U,r/HomeImprovement,Havells,Homebuilder / Designer,4,Wiring New Switches - Why are there so many wires? - Reddit,https://news.google.com/rss/articles/CBMiqAFBVV95cUxNSlAtamNnVzJRT2hDN2VCTXNjdjBpQ1RIMmVBc0hoRjlGSW1MSm0zamY5T3JrZWoxVzZlcUNjWUt1X1ZPX1AtV2RjdmJxcGtXX096UU96ZGd1Qng5UTFtTi1OR2hzX1NHbFk4NGxHVDhLSDRpQ0tnTkdxWFI3X2w2ZVNHaEticC05NHlGTlM5NDVWWGRUYUdBLUZQSVk5d0FFdlVhOTdKN0U?oc=5
RSS_CBMiqwFBVV95cUxNUFUxejEzTWJKUUZSZFROQ3FCQVRaSmxMNkM2TlQxMUF4c1BqZ2lrR1JDMnJ4VWpVV1ZwQzFRR0EyZml4WjJEbGdpR00tNS1GLTc4cmZ1Nmx0eDZiWUhQaFRlS3MxRUVSV253ak9uMjVOR003eFM5UWppZzRlLTNkbUYwNExFUThvcmZFXzNpSTR0M1ppQ2xNcjR0NXNfODZjRmtKdGwyb083SzQ,r/HomeImprovement,Havells,Homebuilder / Designer,4,Do they make light switch covers that are smaller than standard size? - Reddit,https://news.google.com/rss/articles/CBMiqwFBVV95cUxNUFUxejEzTWJKUUZSZFROQ3FCQVRaSmxMNkM2TlQxMUF4c1BqZ2lrR1JDMnJ4VWpVV1ZwQzFRR0EyZml4WjJEbGdpR00tNS1GLTc4cmZ1Nmx0eDZiWUhQaFRlS3MxRUVSV253ak9uMjVOR003eFM5UWppZzRlLTNkbUYwNExFUThvcmZFXzNpSTR0M1ppQ2xNcjR0NXNfODZjRmtKdGwyb083SzQ?oc=5
RSS_CBMiqgFBVV95cUxOVVFEVXB2NFluTDk2TkhoRHpIaVhHWjZFVUdpOExIX29JV3psUEw0UURsX002WVYyOVhEb2VtU3kySkJabjJKOUVfX2R3RTU2ZmlTZVpCbWlDa3Ixbi1OTll2enY3WkwzSTVSMEtKc2ZFbkFrRkF1bVRpUWFIUmpxb1NQUEp2dGdYMmY2b2dNLW5qNVNZZWdVMVRaOERQZF9QUHZFTjlvOWtNdw,r/HomeImprovement,Havells,Homebuilder / Designer,4,"If I'm wiring a light switch to be permanently on, where should the ground wire go? - Reddit",https://news.google.com/rss/articles/CBMiqgFBVV95cUxOVVFEVXB2NFluTDk2TkhoRHpIaVhHWjZFVUdpOExIX29JV3psUEw0UURsX002WVYyOVhEb2VtU3kySkJabjJKOUVfX2R3RTU2ZmlTZVpCbWlDa3Ixbi1OTll2enY3WkwzSTVSMEtKc2ZFbkFrRkF1bVRpUWFIUmpxb1NQUEp2dGdYMmY2b2dNLW5qNVNZZWdVMVRaOERQZF9QUHZFTjlvOWtNdw?oc=5
RSS_CBMioAFBVV95cUxNdjJnNHNaOTA5VGNVcFoxYXFtTlE1TGd0N2lJX0xQYm44NlUzeHRCaGd0OG8xUzhRamlydVY2ZFJFMkQxa1FiSVROeGNVQTV2aV9DejIxRmhUcWNuQ2JjdU5JSWZYRzlWcGtuWXJ5NUxzUVl0QTdXdzM3eTBKQVhKOVBpMU5rVTZUbGw3ai1IU2VDVzVndkdIMUs5dXE4YU1k,r/HomeImprovement,Havells,Homebuilder / Designer,4,Bathroom Fan has no switch to turn it on - Reddit,https://news.google.com/rss/articles/CBMioAFBVV95cUxNdjJnNHNaOTA5VGNVcFoxYXFtTlE1TGd0N2lJX0xQYm44NlUzeHRCaGd0OG8xUzhRamlydVY2ZFJFMkQxa1FiSVROeGNVQTV2aV9DejIxRmhUcWNuQ2JjdU5JSWZYRzlWcGtuWXJ5NUxzUVl0QTdXdzM3eTBKQVhKOVBpMU5rVTZUbGw3ai1IU2VDVzVndkdIMUs5dXE4YU1k?oc=5
RSS_CBMirAFBVV95cUxPTEVuT1B0Umt0Mks2b3Rqd0Q1UFZXdTlUUklSTTlYbTRZalFkMzhHcFBCMWpMNkZLRjRDbzliR0dzcU1QclRxYlJEWTNZWkFRN2FRanZKTDE3NU5icFFrZ09yTkowWnRETEZqZzRZRXJCYWM2VllWMUFYdEdFZWYySk9zNm5RUUE5Z05QRmd4T3ZFYTM5Z3lrUW5zVFNWdExZYUk5U1pzQWZkNmJv,r/HomeImprovement,Havells,Homebuilder / Designer,4,Wanting to switch out my light switches as they’re the outdated style. Any brand recs or does it not matter much? - Reddit,https://news.google.com/rss/articles/CBMirAFBVV95cUxPTEVuT1B0Umt0Mks2b3Rqd0Q1UFZXdTlUUklSTTlYbTRZalFkMzhHcFBCMWpMNkZLRjRDbzliR0dzcU1QclRxYlJEWTNZWkFRN2FRanZKTDE3NU5icFFrZ09yTkowWnRETEZqZzRZRXJCYWM2VllWMUFYdEdFZWYySk9zNm5RUUE5Z05QRmd4T3ZFYTM5Z3lrUW5zVFNWdExZYUk5U1pzQWZkNmJv?oc=5
RSS_CBMilwFBVV95cUxOYXJJQk5WczVoeDlUZ3BacWc3b1Nsby1DZzgwcERHVjZhemhXMmx5MzhBR0Mwd0RQNFFDaEVNVUVOejB3bEFPWGdtS2RwSFJtR2RjRzB3UXZVVG5GTzNoY19hcTh3cUdrNW0zWWFsOXA2dFl1RjhiTWRKRXFhRjlMaDgwYmNJdHFGdUFzbnc0d2tRRi1TVzRN,r/HomeImprovement,Havells,Homebuilder / Designer,4,Light Switch Brands - Does it matter? - Reddit,https://news.google.com/rss/articles/CBMilwFBVV95cUxOYXJJQk5WczVoeDlUZ3BacWc3b1Nsby1DZzgwcERHVjZhemhXMmx5MzhBR0Mwd0RQNFFDaEVNVUVOejB3bEFPWGdtS2RwSFJtR2RjRzB3UXZVVG5GTzNoY19hcTh3cUdrNW0zWWFsOXA2dFl1RjhiTWRKRXFhRjlMaDgwYmNJdHFGdUFzbnc0d2tRRi1TVzRN?oc=5
RSS_CBMinwFBVV95cUxQd0dOeWVadk81OE5rQ2pOcXNDaGI2eXVSYXBTaEI2MXh4aEQzZUtOVm1UV2ZuRUdVZnFJQW50bDVINjBvdWVDVjRfcWtWUjd5M1paSzRiMDlJdVFYWEk5MUQtb3hzWDhPQ2d6bG55aTN6XzNYdzFnR1ZWZ3UtTXAxbjF3dzgyZ0RtejJZRHdRYzYzS3cwUE1pZHVSSkFXRHM,r/HomeImprovement,Havells,Homebuilder / Designer,4,Put a timed switch on your bathroom fan! - Reddit,https://news.google.com/rss/articles/CBMinwFBVV95cUxQd0dOeWVadk81OE5rQ2pOcXNDaGI2eXVSYXBTaEI2MXh4aEQzZUtOVm1UV2ZuRUdVZnFJQW50bDVINjBvdWVDVjRfcWtWUjd5M1paSzRiMDlJdVFYWEk5MUQtb3hzWDhPQ2d6bG55aTN6XzNYdzFnR1ZWZ3UtTXAxbjF3dzgyZ0RtejJZRHdRYzYzS3cwUE1pZHVSSkFXRHM?oc=5
RSS_CBMimgFBVV95cUxNMnhJZlo0SlJGaXRZc2ZjZTNUMWtxMm9IZ0F2ZmM5aXI1eGpjN0hYYTVPVDJaTk0weENQM0JWUm13MUNwbnNMSHI4Q0dnUnd3LV9OdzZKSFdZaVJPQUVGWVpPcmFaVEVTU3JTQ3MtRkhXaGtSRWFyOXBfWkx6YUczanBYdGs0eE9yYVhrdnFmQkdYNzA3eGF3U1N3,r/HomeImprovement,Havells,Homebuilder / Designer,4,3-way Switch Overridden by one switch? - Reddit,https://news.google.com/rss/articles/CBMimgFBVV95cUxNMnhJZlo0SlJGaXRZc2ZjZTNUMWtxMm9IZ0F2ZmM5aXI1eGpjN0hYYTVPVDJaTk0weENQM0JWUm13MUNwbnNMSHI4Q0dnUnd3LV9OdzZKSFdZaVJPQUVGWVpPcmFaVEVTU3JTQ3MtRkhXaGtSRWFyOXBfWkx6YUczanBYdGs0eE9yYVhrdnFmQkdYNzA3eGF3U1N3?oc=5
RSS_CBMipwFBVV95cUxNLWxrZmhYSjVodGUySmhuanNNNk1DdTlqdk5VZzFZNV9jTjhkSFFxeFZ5TU1lcXo0dnZLSTIwdS1oX1EweGlObG9STE12Wi1EMF9kNjN1TTRLY2N0RWdvb3F4Y0poTUdYTm9YTEp4ZU4zUEVZcjZNOGJSQ3lhZ3g0UEIwUjNZc1hITWdZQmNpY1A5RUNPdVdzU0RfU2x0TDRTRElvdV9KTQ,r/HomeImprovement,Havells,Homebuilder / Designer,4,What is the difference between these two basic light switches except price? - Reddit,https://news.google.com/rss/articles/CBMipwFBVV95cUxNLWxrZmhYSjVodGUySmhuanNNNk1DdTlqdk5VZzFZNV9jTjhkSFFxeFZ5TU1lcXo0dnZLSTIwdS1oX1EweGlObG9STE12Wi1EMF9kNjN1TTRLY2N0RWdvb3F4Y0poTUdYTm9YTEp4ZU4zUEVZcjZNOGJSQ3lhZ3g0UEIwUjNZc1hITWdZQmNpY1A5RUNPdVdzU0RfU2x0TDRTRElvdV9KTQ?oc=5
RSS_CBMiqwFBVV95cUxOTUxQZXZkSkpPMFZsazlkRFRJNG9wZy1VUTBHRzlrVS1UMWFaTTZzRWFBcXU3MHVvbFZadndyVGZHRm83SXNCejJlV2hqRmRyN0Rmd1VBNk55ODRLdlBSR0JYcDFaUURGMzFwcEc0WWVuOTJENUctN0E5dzdMNk9uYTRCRFJ6SWlGbUQ5VVczUGpxMHhxZkJPamJzRk1GSHNSS05IUTcxSGh1MWc,r/HomeImprovement,GM,Homebuilder / Designer,4,"light switches.. what should I know? They switch on, they switch off... - Reddit",https://news.google.com/rss/articles/CBMiqwFBVV95cUxOTUxQZXZkSkpPMFZsazlkRFRJNG9wZy1VUTBHRzlrVS1UMWFaTTZzRWFBcXU3MHVvbFZadndyVGZHRm83SXNCejJlV2hqRmRyN0Rmd1VBNk55ODRLdlBSR0JYcDFaUURGMzFwcEc0WWVuOTJENUctN0E5dzdMNk9uYTRCRFJ6SWlGbUQ5VVczUGpxMHhxZkJPamJzRk1GSHNSS05IUTcxSGh1MWc?oc=5
RSS_CBMiogFBVV95cUxNbGRFa1FJVWh4eWJDWWpJM2ppbmdubU91ckprRlhQQy1FY2J3SS1FcUpPcW8xOTE2TVlOOXhVcDVBRUFVSXZsZmZtZFo3ck96VjRVWFVaeUN5ZnVuN2o4dVdrSXdaZFR2RHBqaVpLYk83NUtEaHVfTzJPNmdFSmhXSXNOYjJzRjN6OXN3Z29zVi11NENTN1UtbHp1Rm8zQ0RDc3c,r/HomeImprovement,Havells,Homebuilder / Designer,4,Hallway light switch controls bathroom and bedroom light—diagnosis needed! - Reddit,https://news.google.com/rss/articles/CBMiogFBVV95cUxNbGRFa1FJVWh4eWJDWWpJM2ppbmdubU91ckprRlhQQy1FY2J3SS1FcUpPcW8xOTE2TVlOOXhVcDVBRUFVSXZsZmZtZFo3ck96VjRVWFVaeUN5ZnVuN2o4dVdrSXdaZFR2RHBqaVpLYk83NUtEaHVfTzJPNmdFSmhXSXNOYjJzRjN6OXN3Z29zVi11NENTN1UtbHp1Rm8zQ0RDc3c?oc=5
RSS_CBMiqwFBVV95cUxQRWZpMGppZzBQX1g5Zm1QczJIc01kUklxUTRfMUtFZWNoanF6UlowOVliOWlNR1dIWnBXZDE2X1ZwcGNjYUoyUTBROVg1Ni1HaXE0LU9xckVfX3JESmJ6NWFfb1gwcU11TEJYbjFqcG9rWUpvRW41NUdhTkwzMkhFSUd5VDJfWm1fZHFfbUloQWNGTVBLckJ2d3g4dDhYbkQ0VGJCeUtOSzRJcFU,r/HomeImprovement,Havells,Homebuilder / Designer,4,How do I install a bathroom fan timer if it's on a 3 way switch? - Reddit,https://news.google.com/rss/articles/CBMiqwFBVV95cUxQRWZpMGppZzBQX1g5Zm1QczJIc01kUklxUTRfMUtFZWNoanF6UlowOVliOWlNR1dIWnBXZDE2X1ZwcGNjYUoyUTBROVg1Ni1HaXE0LU9xckVfX3JESmJ6NWFfb1gwcU11TEJYbjFqcG9rWUpvRW41NUdhTkwzMkhFSUd5VDJfWm1fZHFfbUloQWNGTVBLckJ2d3g4dDhYbkQ0VGJCeUtOSzRJcFU?oc=5
RSS_CBMimwFBVV95cUxOcWw0cERvbGUwSG5odVl1WjNhbjc3LXNZLXdRRjBRcVBmckMtYUljS0ZhUzN0TENzb21DYk5CWTk4Yk9BSnpiZW1XYzJreHdPdFl1YjRyeWltc3UxWU8tdHFkLVQ0elkyMlNobG1NTEZlU0V6QTNIZlZPaEVMWEdKbWxxeWxqSm5xWHFjOXRCVUxIUVIwcEc1XzRFbw,r/HomeImprovement,Havells,Homebuilder / Designer,4,Replacing 3-way Light Switch Confusion - Reddit,https://news.google.com/rss/articles/CBMimwFBVV95cUxOcWw0cERvbGUwSG5odVl1WjNhbjc3LXNZLXdRRjBRcVBmckMtYUljS0ZhUzN0TENzb21DYk5CWTk4Yk9BSnpiZW1XYzJreHdPdFl1YjRyeWltc3UxWU8tdHFkLVQ0elkyMlNobG1NTEZlU0V6QTNIZlZPaEVMWEdKbWxxeWxqSm5xWHFjOXRCVUxIUVIwcEc1XzRFbw?oc=5
RSS_CBMiqwFBVV95cUxNV191MTFfc1liRmx1SFZwTzg2Yl9CMm8wbVJCMEpKdldEMURqYTlPMDBEZlBMUE8tU3V1Z1dWY0ljY3VBaThBT3E5WW9ZQ3h3NHNhTEx5V1ZRSUwyV29XUE43NEhESGtLdURtUlExS1phX3h6aWVBWnAwb0k1eWtyYmxjSl93Q0d3WWI2dXM2ZW1ENkFpSEN3eHR1dE5HVVp5WmxIZlIzRVYtZmM,r/HomeImprovement,Havells,Homebuilder / Designer,4,Where can I get this type of light switch (in the US)? - Reddit,https://news.google.com/rss/articles/CBMiqwFBVV95cUxNV191MTFfc1liRmx1SFZwTzg2Yl9CMm8wbVJCMEpKdldEMURqYTlPMDBEZlBMUE8tU3V1Z1dWY0ljY3VBaThBT3E5WW9ZQ3h3NHNhTEx5V1ZRSUwyV29XUE43NEhESGtLdURtUlExS1phX3h6aWVBWnAwb0k1eWtyYmxjSl93Q0d3WWI2dXM2ZW1ENkFpSEN3eHR1dE5HVVp5WmxIZlIzRVYtZmM?oc=5
RSS_CBMiowFBVV95cUxOZE43dy0zb3MxMUJ0WWJMejJKWmdIZ002MXFQSS13TWNhZmhSamR0WFNVQ1VReUpuVzk2R2hIVkhXYkMtRE5CX2FfWE8zOUExSmhSOGEzTjloYTcwU2l2N1Y1cW1oOFo4RlJndTdCRkpNNjc0azhCS3FMcU1Wd0t3dnhORDBxWTBkU3JkRmZrVTRQWUJ2UlJ0TTlhOE5nU2tTc1A0,r/HomeImprovement,Havells,Homebuilder / Designer,4,How to find out what light switches control? - Reddit,https://news.google.com/rss/articles/CBMiowFBVV95cUxOZE43dy0zb3MxMUJ0WWJMejJKWmdIZ002MXFQSS13TWNhZmhSamR0WFNVQ1VReUpuVzk2R2hIVkhXYkMtRE5CX2FfWE8zOUExSmhSOGEzTjloYTcwU2l2N1Y1cW1oOFo4RlJndTdCRkpNNjc0azhCS3FMcU1Wd0t3dnhORDBxWTBkU3JkRmZrVTRQWUJ2UlJ0TTlhOE5nU2tTc1A0?oc=5
RSS_CBMiqwFBVV95cUxPQWFBUjFMcGdFcTRuLWlxeFpxdk5qMnZhVGFtakZKZ25uS3I4LWsySVZEVzBhSVJFYmJBZVFCRHJWZ1ZRbHQwX3FMNlpIYnhCUS1TUU9jX0hocFdFYW9qYjJEWjZsZndGSjBJUHZzc3ZDT1o4R2lYREtIM2xST3lhZHIxcW1lREFsd0xmZS0ta2lMVVJkN3FFSmZuaUpaZTNWU3JUelk3eUlpTTQ,r/HomeImprovement,Havells,Homebuilder / Designer,4,ac float switch keeps tripping.. what am I missing? - Reddit,https://news.google.com/rss/articles/CBMiqwFBVV95cUxPQWFBUjFMcGdFcTRuLWlxeFpxdk5qMnZhVGFtakZKZ25uS3I4LWsySVZEVzBhSVJFYmJBZVFCRHJWZ1ZRbHQwX3FMNlpIYnhCUS1TUU9jX0hocFdFYW9qYjJEWjZsZndGSjBJUHZzc3ZDT1o4R2lYREtIM2xST3lhZHIxcW1lREFsd0xmZS0ta2lMVVJkN3FFSmZuaUpaZTNWU3JUelk3eUlpTTQ?oc=5
RSS_CBMijwFBVV95cUxPbWN2U0FrUnQ1YS1XcGxrVW11SXlpcWozSWdZYTNMVDVLd2JTNHBOR3hLZ2p3d1lsOWFaeFc0X0thQlZwWjUzY0N4YXppTkJUbjhQSWJabzZDV1hQd2xEYXVvZE5DSUJzR0sxM2lORlhfQ3ZYTXEyVUJYbE9hZnB5WjRmcHF1X2txOXJfRGRHUQ,r/HomeImprovement,Havells,Homebuilder / Designer,4,What does my light switch do? - Reddit,https://news.google.com/rss/articles/CBMijwFBVV95cUxPbWN2U0FrUnQ1YS1XcGxrVW11SXlpcWozSWdZYTNMVDVLd2JTNHBOR3hLZ2p3d1lsOWFaeFc0X0thQlZwWjUzY0N4YXppTkJUbjhQSWJabzZDV1hQd2xEYXVvZE5DSUJzR0sxM2lORlhfQ3ZYTXEyVUJYbE9hZnB5WjRmcHF1X2txOXJfRGRHUQ?oc=5
RSS_CBMinAFBVV95cUxQbENiZ2FkSUt0MkUyb3RoX2NHVU1qWmRmckx1ekhIMTVVUW5ITDdZZVJkWV9SYzA0YklBeS1xTUZqc0laTURicl9XS3R4SldFS0FQbXBTclVYU1BXTFdrNDl2NkVISVg2d2ZhaXhkZE8yeGN5ZjJwYXljZ0tCeGl2TjdqX0ZUNV93eGxuVGtXR3NJNkg0S0VLY3M4TC0,r/HomeImprovement,Havells,Homebuilder / Designer,4,Why is my light switch having a party? - Reddit,https://news.google.com/rss/articles/CBMinAFBVV95cUxQbENiZ2FkSUt0MkUyb3RoX2NHVU1qWmRmckx1ekhIMTVVUW5ITDdZZVJkWV9SYzA0YklBeS1xTUZqc0laTURicl9XS3R4SldFS0FQbXBTclVYU1BXTFdrNDl2NkVISVg2d2ZhaXhkZE8yeGN5ZjJwYXljZ0tCeGl2TjdqX0ZUNV93eGxuVGtXR3NJNkg0S0VLY3M4TC0?oc=5
RSS_CBMiqgFBVV95cUxOTHNJUEVOclFSTU5STkpna0wxMTZSbjZMSTJoMUZVaDYzbzBGU3BPbWJwVl9hS2FkaEwyZlQ0YmZpaHlOd1h3djRLRG5FN3lTVjBxcE1hMTN3X2hxeW05SHNFS2F3ODZnUFBLanhjNVpMYUlDendjbjUydUdUWDdWVk9DREJDMlFYWnRWYzdPUFNkdmptZmZPQlYzaEExRDNiYVVfakZISjlodw,r/HomeImprovement,Havells,Homebuilder / Designer,4,What’s the process of adding a switch to control overhead light? - Reddit,https://news.google.com/rss/articles/CBMiqgFBVV95cUxOTHNJUEVOclFSTU5STkpna0wxMTZSbjZMSTJoMUZVaDYzbzBGU3BPbWJwVl9hS2FkaEwyZlQ0YmZpaHlOd1h3djRLRG5FN3lTVjBxcE1hMTN3X2hxeW05SHNFS2F3ODZnUFBLanhjNVpMYUlDendjbjUydUdUWDdWVk9DREJDMlFYWnRWYzdPUFNkdmptZmZPQlYzaEExRDNiYVVfakZISjlodw?oc=5
RSS_CBMiogFBVV95cUxPSHo1ZV9Nb1l5eE1obXlVckp5cHVsNFlkcHFXdlFMb3lSUElVUXFyRkw0b09PM0gzUlZLMU1PQTRMUk9sc2hQRHFIY1NDbnJsQnZENlZBWkdBN2pUaU90NmlndUJkTDQ5bDFhdE5vRlF6d3FDMU0zVDJfVUVNdzBlVUJWMF91al9jWHNDRWhuay1PVWFudnREWG96THUweTdUNkE,r/HomeImprovement,Havells,Homebuilder / Designer,4,Dimmer switch that can wirelessly control multiple separate under cabinet lights? - Reddit,https://news.google.com/rss/articles/CBMiogFBVV95cUxPSHo1ZV9Nb1l5eE1obXlVckp5cHVsNFlkcHFXdlFMb3lSUElVUXFyRkw0b09PM0gzUlZLMU1PQTRMUk9sc2hQRHFIY1NDbnJsQnZENlZBWkdBN2pUaU90NmlndUJkTDQ5bDFhdE5vRlF6d3FDMU0zVDJfVUVNdzBlVUJWMF91al9jWHNDRWhuay1PVWFudnREWG96THUweTdUNkE?oc=5
RSS_CBMiqwFBVV95cUxOVG5WU1dWdG9UWk0yX0F6TzJPR0lOaHFST2VQRTYxZVRjTk9BS0ZreGFDakF1LXk3MmwyLU5hZE5uMW9XSDdFSS15ZEwzY0dDN1hHWE5QeG11ZTJKN2dLM2ZkU0pLbXdUR3Z5dVppQnZ0NWkxNG5QbUhIMzZHeVVDVkxURWFOUGI1OWVxNm9DSjNLMTh4TW1NcTRhVFZpOUdpTTZaaTkzMkdWRkE,r/HomeImprovement,Havells,Homebuilder / Designer,4,Outlets do not work on one wall - light switches do work - Reddit,https://news.google.com/rss/articles/CBMiqwFBVV95cUxOVG5WU1dWdG9UWk0yX0F6TzJPR0lOaHFST2VQRTYxZVRjTk9BS0ZreGFDakF1LXk3MmwyLU5hZE5uMW9XSDdFSS15ZEwzY0dDN1hHWE5QeG11ZTJKN2dLM2ZkU0pLbXdUR3Z5dVppQnZ0NWkxNG5QbUhIMzZHeVVDVkxURWFOUGI1OWVxNm9DSjNLMTh4TW1NcTRhVFZpOUdpTTZaaTkzMkdWRkE?oc=5
RSS_CBMiqwFBVV95cUxPeWVCMHA5aXBQS0JWbnNJSUU0bDNlRmhhVmtTb0Nja0tpRkNoNVZGbzB0UGhjTGxqLUttX2ZHck9pT2pSVmc2dkx3S2ZxclM2R1lDVmZHdzVJNUNJN0NVWkFxb2FTbGlmZ0FlRnV3M0dXdGRySkZCZDhoVE5CLWJHSzRVaTZRZFktdXpLcXZrelJ2Q2ZIM2FKdFBYT0gzeFJoWHR6UDVGR0NVNjA,r/HomeImprovement,Havells,Homebuilder / Designer,4,How do I remove the ground wire from this switch? - Reddit,https://news.google.com/rss/articles/CBMiqwFBVV95cUxPeWVCMHA5aXBQS0JWbnNJSUU0bDNlRmhhVmtTb0Nja0tpRkNoNVZGbzB0UGhjTGxqLUttX2ZHck9pT2pSVmc2dkx3S2ZxclM2R1lDVmZHdzVJNUNJN0NVWkFxb2FTbGlmZ0FlRnV3M0dXdGRySkZCZDhoVE5CLWJHSzRVaTZRZFktdXpLcXZrelJ2Q2ZIM2FKdFBYT0gzeFJoWHR6UDVGR0NVNjA?oc=5
RSS_CBMilwFBVV95cUxQOWNvZlU5Uzc1VjhNWThlV0lHODRxTW40QTdrUFA4dmVPczgxcDFhN2NhN1E1d3dxZTBWTkt0cHR0Q0lKbERDRVFLVDFUZUlici1GT09GVWxXcUlwR0dfRnNWY282Z1ZZVlpJNEhLNXFTcUt4NlowX09LSndQWXgtM05jOWNTcEFraTR1Tm01aXlxWVhlUUlJ,r/HomeImprovement,Havells,Homebuilder / Designer,4,Cant find electric switch for room - Reddit,https://news.google.com/rss/articles/CBMilwFBVV95cUxQOWNvZlU5Uzc1VjhNWThlV0lHODRxTW40QTdrUFA4dmVPczgxcDFhN2NhN1E1d3dxZTBWTkt0cHR0Q0lKbERDRVFLVDFUZUlici1GT09GVWxXcUlwR0dfRnNWY282Z1ZZVlpJNEhLNXFTcUt4NlowX09LSndQWXgtM05jOWNTcEFraTR1Tm01aXlxWVhlUUlJ?oc=5
RSS_CBMiqAFBVV95cUxQQnpKa09obUFzVTNQVllKSjRkakJIczdQREpMWGRDRXpQd2lLeWVUT2tyNnpRU1hlY2xuWUpOR1hWWk5LbTh5OF9BR1pTTWJQdThlS0tRNHJPaTd0NEJseExrcmlPWDllbjBHeGVJZmpyQU03NVhXeWZTOU9xMXhzOGV0bVU1cUNZa3UwNVdjM0Y5WHJDNFlCQlNnNlpzekJYcFlkc2E4TWE,r/HomeImprovement,Havells,Homebuilder / Designer,4,How can I find the neutral wire inside a light switch? - Reddit,https://news.google.com/rss/articles/CBMiqAFBVV95cUxQQnpKa09obUFzVTNQVllKSjRkakJIczdQREpMWGRDRXpQd2lLeWVUT2tyNnpRU1hlY2xuWUpOR1hWWk5LbTh5OF9BR1pTTWJQdThlS0tRNHJPaTd0NEJseExrcmlPWDllbjBHeGVJZmpyQU03NVhXeWZTOU9xMXhzOGV0bVU1cUNZa3UwNVdjM0Y5WHJDNFlCQlNnNlpzekJYcFlkc2E4TWE?oc=5
RSS_CBMipAFBVV95cUxPZF9YZ051T2FvRjRxQUlnamVWaG1zSERfUjVpTmktRmx2Q0xoQ1QwZFJQaXJfU2pNZ0p0TXNDYjVjN2dvNW9LRFBRTHFxM09sazVuQ0pCandtWDQxVWVyZWZIcks2dFRYOFpSVkc0enR0eEpxcUd5YTMxZnN3ZnpzM21vQWhDQXA3bExkbzBjOXJkZDl4YjE3Nm9SZ3NKUk1OeVFHQQ,r/HomeImprovement,Havells,Homebuilder / Designer,4,How do I swap a light switch without getting myself electrocuted? - Reddit,https://news.google.com/rss/articles/CBMipAFBVV95cUxPZF9YZ051T2FvRjRxQUlnamVWaG1zSERfUjVpTmktRmx2Q0xoQ1QwZFJQaXJfU2pNZ0p0TXNDYjVjN2dvNW9LRFBRTHFxM09sazVuQ0pCandtWDQxVWVyZWZIcks2dFRYOFpSVkc0enR0eEpxcUd5YTMxZnN3ZnpzM21vQWhDQXA3bExkbzBjOXJkZDl4YjE3Nm9SZ3NKUk1OeVFHQQ?oc=5
RSS_CBMirAFBVV95cUxQNFJEd2RaOW5KcUh1dVV4bEVPVk9vX3lTM3lYWUNwMS1JTWEwRzBhcXFsRnlXeUdIenRsenRLN01mUlZkZjhKRDdYRWVLLTFQUXpIcTI4OU5LNVI5VGZaOWFJVk5YVloyY1JpZi1TZHBhZVRWb2VXTHE2ZFcycUc4a2wyMU9LblA3RFVJTGRYYVROLWhrRGh3UERyMlFoLXpfT0ExNk15TzR2LURO,r/HomeImprovement,Havells,Homebuilder / Designer,4,Beautifully designed light switches and wall plugs - Reddit,https://news.google.com/rss/articles/CBMirAFBVV95cUxQNFJEd2RaOW5KcUh1dVV4bEVPVk9vX3lTM3lYWUNwMS1JTWEwRzBhcXFsRnlXeUdIenRsenRLN01mUlZkZjhKRDdYRWVLLTFQUXpIcTI4OU5LNVI5VGZaOWFJVk5YVloyY1JpZi1TZHBhZVRWb2VXTHE2ZFcycUc4a2wyMU9LblA3RFVJTGRYYVROLWhrRGh3UERyMlFoLXpfT0ExNk15TzR2LURO?oc=5
RSS_CBMipgFBVV95cUxQTFRzbmVqSkNJbjZ5N2FTWUJDdUl3b01kUnRRQ0R0OWU2ajVYSkxVLWFqNm5zS2F5SGFGc2VTNm0yekkyTWNBakljb3dYYl9Eb1I3YU1vSDZlWTNhdXlvRVd1ak85OTRKaUxJM1hMdFI0alJKa2pxRXF5WUowS1dfTnNzbG9FVEF1UzFnREFuUjJXRXg4bkFvdmgwZk13cjNCYUVvTGVR,r/HomeImprovement,Havells,Homebuilder / Designer,4,Builder put dimmer switches in every bedroom - Reddit,https://news.google.com/rss/articles/CBMipgFBVV95cUxQTFRzbmVqSkNJbjZ5N2FTWUJDdUl3b01kUnRRQ0R0OWU2ajVYSkxVLWFqNm5zS2F5SGFGc2VTNm0yekkyTWNBakljb3dYYl9Eb1I3YU1vSDZlWTNhdXlvRVd1ak85OTRKaUxJM1hMdFI0alJKa2pxRXF5WUowS1dfTnNzbG9FVEF1UzFnREFuUjJXRXg4bkFvdmgwZk13cjNCYUVvTGVR?oc=5
RSS_CBMinwFBVV95cUxNNWlzbHVraW5HTkZheHgwZ0dHX3R0dkxGcWxQbV9LSVBEQ19BbUVXUmhiSDRNSHZoWmF1OVdtckhpR0ZMcllMZGJMY1FUdUxGbjEtZ0R0TGIxdHNPel9VMDgxclJRQWx3SkpKek5JZzdFdWFxWHpVVURHdzBUX2pGeEVfZGdMTUxURzNkbWxSS3FBTXltUmd0QWVlSGpORzg,r/HomeImprovement,Havells,Homebuilder / Designer,4,High end light switches recommendations? - Reddit,https://news.google.com/rss/articles/CBMinwFBVV95cUxNNWlzbHVraW5HTkZheHgwZ0dHX3R0dkxGcWxQbV9LSVBEQ19BbUVXUmhiSDRNSHZoWmF1OVdtckhpR0ZMcllMZGJMY1FUdUxGbjEtZ0R0TGIxdHNPel9VMDgxclJRQWx3SkpKek5JZzdFdWFxWHpVVURHdzBUX2pGeEVfZGdMTUxURzNkbWxSS3FBTXltUmd0QWVlSGpORzg?oc=5
RSS_CBMipAFBVV95cUxPNlE2NFBmT3M0X05FMS0tV3JzRjU3eVFueVd5S3p2MTl0NVZ1X0ZPeW9NRDJORmx0WExUbk9yR3VLRWpOODlRLWdlb0hNYVdFY3BNVDFCTWFOQjVMU1ZuMkVEZXRhQjU0dXFDamFJX1NPbjRjMTFlZW5JbDBNenFQaDhqa3BaZ3lIU0lQWTdPRzMtR1I0NHdianEtOWtQM1lmdXcyXw,r/HomeImprovement,Havells,Homebuilder / Designer,4,Putting a smart switch in for front outdoor lights - confused by last owners wiring - Reddit,https://news.google.com/rss/articles/CBMipAFBVV95cUxPNlE2NFBmT3M0X05FMS0tV3JzRjU3eVFueVd5S3p2MTl0NVZ1X0ZPeW9NRDJORmx0WExUbk9yR3VLRWpOODlRLWdlb0hNYVdFY3BNVDFCTWFOQjVMU1ZuMkVEZXRhQjU0dXFDamFJX1NPbjRjMTFlZW5JbDBNenFQaDhqa3BaZ3lIU0lQWTdPRzMtR1I0NHdianEtOWtQM1lmdXcyXw?oc=5
RSS_CBMirAFBVV95cUxPMlc1YzZSMnhyWDh6Xzk1MzhlRHVvTnI3VE5MNmZYVFhaYkZKUmU4eERPdnU2djdVaVY5RklGVGxyaXFheDNqSE1FbzRmbjhtZmdhTm4wUkUwaFZBc0kweGtuMWs1X2puX011Q1hPVkVUMTBHdzlJQU85SzhKWHNCN2s2ZFZfaS13Rm9KUFJyQmxoTXl3ckRwcVFOYTVpaXA1ck5LbFJpY3VaRERW,r/HomeImprovement,Havells,Homebuilder / Designer,4,3-way light still on with the switches disconnected? - Reddit,https://news.google.com/rss/articles/CBMirAFBVV95cUxPMlc1YzZSMnhyWDh6Xzk1MzhlRHVvTnI3VE5MNmZYVFhaYkZKUmU4eERPdnU2djdVaVY5RklGVGxyaXFheDNqSE1FbzRmbjhtZmdhTm4wUkUwaFZBc0kweGtuMWs1X2puX011Q1hPVkVUMTBHdzlJQU85SzhKWHNCN2s2ZFZfaS13Rm9KUFJyQmxoTXl3ckRwcVFOYTVpaXA1ck5LbFJpY3VaRERW?oc=5
RSS_CBMiqgFBVV95cUxPWGVlclhna1FEeThiaGJHd3lzOXBpa3FzSDFLMkkwbkY4LWw1NDY5cFJsSUhkbEIwREZsTEZPWG96SksxcFI0ZHdsQmktUThyZ2pscGFkTV9aN2tTeDFfWGxObEtjYjRZa1RfT0syX3RrSzhTWk84cHJ0RGtTZk50dmxUUnNnQ1hJY1J0aU1jb1lkcDhvNXpuMU1oYzFvZzhpNGlKWTBzSXFHZw,r/HomeImprovement,Havells,Homebuilder / Designer,4,Need Advice - Moving a light switch to the side of a cabinet - Reddit,https://news.google.com/rss/articles/CBMiqgFBVV95cUxPWGVlclhna1FEeThiaGJHd3lzOXBpa3FzSDFLMkkwbkY4LWw1NDY5cFJsSUhkbEIwREZsTEZPWG96SksxcFI0ZHdsQmktUThyZ2pscGFkTV9aN2tTeDFfWGxObEtjYjRZa1RfT0syX3RrSzhTWk84cHJ0RGtTZk50dmxUUnNnQ1hJY1J0aU1jb1lkcDhvNXpuMU1oYzFvZzhpNGlKWTBzSXFHZw?oc=5
RSS_CBMinwFBVV95cUxNRERlRm9TeGE0MEpNZ3hXVnYtUGwyWXh0NFRkRWVLdmVvbTJvX1ZQb3NjcjQtMkVMY1JEYm54Vm9tSmk3SWpVYi04Smo3N21FWURraWxmcmZVb1Y4eEtXdXBPbEJNdFZNNllzbXdqRXJEYW1oOFppSmFWTWxiajZPU245eGZ0ZjExblBFQUhNeFJFMVJXSW9qS1dCVGxWQ2M,r/HomeImprovement,Havells,Homebuilder / Designer,4,Lost power to some outlets/switches/lights - Reddit,https://news.google.com/rss/articles/CBMinwFBVV95cUxNRERlRm9TeGE0MEpNZ3hXVnYtUGwyWXh0NFRkRWVLdmVvbTJvX1ZQb3NjcjQtMkVMY1JEYm54Vm9tSmk3SWpVYi04Smo3N21FWURraWxmcmZVb1Y4eEtXdXBPbEJNdFZNNllzbXdqRXJEYW1oOFppSmFWTWxiajZPU245eGZ0ZjExblBFQUhNeFJFMVJXSW9qS1dCVGxWQ2M?oc=5
RSS_CBMiqAFBVV95cUxQemtET3JEbEhHYXBORTRlaExYT3d1Y2JVRDIwbGV6UGhQSnRvcmN0QzFPZzY2Um1kdVRGQ3RQR1l1SjZXZDl0ZGhTYXRTUkYydjlpXzQ5TV9rcmJTeW90aE00ZGlFSjY5SmZHOUFSRFBRaWlwSVZJZW1Fc1ZicXZiYkE1eENMMUNTbWJXRHZiS0UxS0wxYXpORjlobm9CTVlzclJFb1ZjTjk,r/HomeImprovement,Havells,Homebuilder / Designer,4,Light turns on hours after switch is turned on - Reddit,https://news.google.com/rss/articles/CBMiqAFBVV95cUxQemtET3JEbEhHYXBORTRlaExYT3d1Y2JVRDIwbGV6UGhQSnRvcmN0QzFPZzY2Um1kdVRGQ3RQR1l1SjZXZDl0ZGhTYXRTUkYydjlpXzQ5TV9rcmJTeW90aE00ZGlFSjY5SmZHOUFSRFBRaWlwSVZJZW1Fc1ZicXZiYkE1eENMMUNTbWJXRHZiS0UxS0wxYXpORjlobm9CTVlzclJFb1ZjTjk?oc=5
RSS_CBMie0FVX3lxTE96N0k3U3FJUlpjUzJRa1VfODBqWlY2Y3FFN1FCQUN4aE94M05YUXhqZVM1QmRJT1lhZjdKMDB2ZVdHTG13ckNRWWViS0EyczFLS2c1R0dfUUIxbktGVmpQblRDSDJxTzR5Ul8wTWhwdm0tUHhRZ1FUdVE0VQ,r/HomeImprovement,Havells,Homebuilder / Designer,4,3 way switch - Reddit,https://news.google.com/rss/articles/CBMie0FVX3lxTE96N0k3U3FJUlpjUzJRa1VfODBqWlY2Y3FFN1FCQUN4aE94M05YUXhqZVM1QmRJT1lhZjdKMDB2ZVdHTG13ckNRWWViS0EyczFLS2c1R0dfUUIxbktGVmpQblRDSDJxTzR5Ul8wTWhwdm0tUHhRZ1FUdVE0VQ?oc=5
RSS_CBMiowFBVV95cUxOZWpPNUtsRkJ3aGFPUHJCNXBqb0wzc1UzNWdERHFTeWxBbEdlXzE5Tk91TW9GZ3ZpMFV0M0dwMjctdGp0SFRNRnlRYnhoUGhTcGdIMEhYYTB6T2lKQ20tcXBtQ2ZhTkltdDJPQ3BnX2VtbzNXa1lfTmw5LUJzUjhlT2U0LXN4WWx1QmxmS0R5blprOEcwUzcyZ1FncksyLUt0bzFR,r/HomeImprovement,Havells,Homebuilder / Designer,4,Advice on where to screw into wall close to electrical switches - Reddit,https://news.google.com/rss/articles/CBMiowFBVV95cUxOZWpPNUtsRkJ3aGFPUHJCNXBqb0wzc1UzNWdERHFTeWxBbEdlXzE5Tk91TW9GZ3ZpMFV0M0dwMjctdGp0SFRNRnlRYnhoUGhTcGdIMEhYYTB6T2lKQ20tcXBtQ2ZhTkltdDJPQ3BnX2VtbzNXa1lfTmw5LUJzUjhlT2U0LXN4WWx1QmxmS0R5blprOEcwUzcyZ1FncksyLUt0bzFR?oc=5
RSS_CBMipwFBVV95cUxPNzdocnp6SjlNZThqZDZ0alZTTU1DRzFVenFacS1lczVkaXdLbjJlNzRLaDNrR2FUV3I3OFU1aGtZRWgydGpMZkc0aE9XeS1YZi1XdEVIckw0ODNsSDZMNlhDbllIU0NWR0pEUXFYUkQta0hkUE9hUXZydmZ5WWZsdFhfMGZwcHJCTXpNWms2REdnWFdzazNrR3VlSVBmUjRzM2JUT1V3cw,r/HomeImprovement,Havells,Homebuilder / Designer,4,Can I turn a 2-gang switch into 1 switch and 1 timer? - Reddit,https://news.google.com/rss/articles/CBMipwFBVV95cUxPNzdocnp6SjlNZThqZDZ0alZTTU1DRzFVenFacS1lczVkaXdLbjJlNzRLaDNrR2FUV3I3OFU1aGtZRWgydGpMZkc0aE9XeS1YZi1XdEVIckw0ODNsSDZMNlhDbllIU0NWR0pEUXFYUkQta0hkUE9hUXZydmZ5WWZsdFhfMGZwcHJCTXpNWms2REdnWFdzazNrR3VlSVBmUjRzM2JUT1V3cw?oc=5
RSS_CBMiqAFBVV95cUxOZDI0V3VlemNRZ0tOQUNWMzUwcl9ySnVITGFxVE82OENiSHRsZDlvbzlVZ2JFZDdXOWFzblVzWGVFaGdKY0xrazNxU2gzaExZanVkY2xWLXdFQ2xuV05taGNUd2wxcE9oSExjeWxHamxteTZ5Y2t6dXBBa2RQUm9qS2hyanBpbUd1OXZjcnU1WVpNMHBzdHNHZWVxa0RIVHBKM1pPX1pvUHg,r/HomeImprovement,Havells,Homebuilder / Designer,4,"Simple solution for Light Switch ""Guards"" - Advice needed! - Reddit",https://news.google.com/rss/articles/CBMiqAFBVV95cUxOZDI0V3VlemNRZ0tOQUNWMzUwcl9ySnVITGFxVE82OENiSHRsZDlvbzlVZ2JFZDdXOWFzblVzWGVFaGdKY0xrazNxU2gzaExZanVkY2xWLXdFQ2xuV05taGNUd2wxcE9oSExjeWxHamxteTZ5Y2t6dXBBa2RQUm9qS2hyanBpbUd1OXZjcnU1WVpNMHBzdHNHZWVxa0RIVHBKM1pPX1pvUHg?oc=5
RSS_CBMiqwFBVV95cUxQTmhtVTBuT1NQWWZrd01lYkJ6MnFTbFdZNi1QS0xyckhVeHBFWXNBY256UzVvVGdlRHp0dlhRdmstUmplVXJBWmxxZ014Nk5icnlBb19VOF9SQl9LUjB1ZG5xYklSVGIzYzAwSWR5SHpZOXdsSS1FM3hLUVBWb0ZBYU1UWXBaMndGbEJFY1JJaHhJT21BS1RxSXMwS2diOHdqVFJ0Xzlmb2pVQVE,r/HomeImprovement,Havells,Homebuilder / Designer,4,The mystery of the useless light switches and the light that cannot be controlled. - Reddit,https://news.google.com/rss/articles/CBMiqwFBVV95cUxQTmhtVTBuT1NQWWZrd01lYkJ6MnFTbFdZNi1QS0xyckhVeHBFWXNBY256UzVvVGdlRHp0dlhRdmstUmplVXJBWmxxZ014Nk5icnlBb19VOF9SQl9LUjB1ZG5xYklSVGIzYzAwSWR5SHpZOXdsSS1FM3hLUVBWb0ZBYU1UWXBaMndGbEJFY1JJaHhJT21BS1RxSXMwS2diOHdqVFJ0Xzlmb2pVQVE?oc=5
RSS_CBMipwFBVV95cUxNaGhaRFpLelRUM1JUWlpsazdRWDA4Mkx0VER6T0ZPeWdXbEhxRFI5SUlyRTktaUxJbGZGWV8wUkh4OVlzeGs5X1FzTGxhd21mUWZhZDE2dXBDbDlEYjFVWWRYWDN5Uk9sYWE1Zkh3b1BzTlZ6ODRnSFRUdHQxeU44YjBwODNqRUFESV9vN282RXR2TDNWU0dxb1o2VUFwZ2tiTEtjYTNlYw,r/HomeImprovement,Havells,Homebuilder / Designer,4,Want to tap into existing switch to power new overhead lighting. Confused on how to proceed. - Reddit,https://news.google.com/rss/articles/CBMipwFBVV95cUxNaGhaRFpLelRUM1JUWlpsazdRWDA4Mkx0VER6T0ZPeWdXbEhxRFI5SUlyRTktaUxJbGZGWV8wUkh4OVlzeGs5X1FzTGxhd21mUWZhZDE2dXBDbDlEYjFVWWRYWDN5Uk9sYWE1Zkh3b1BzTlZ6ODRnSFRUdHQxeU44YjBwODNqRUFESV9vN282RXR2TDNWU0dxb1o2VUFwZ2tiTEtjYTNlYw?oc=5
RSS_CBMihgFBVV95cUxQV3ZVSC1lekd3QUhsb0d5dWZ2eWJxeENWOU51OVpyQVVDam1vc3NRckx1dTRkTDRVUnlFVmg0Mm9SSWoxWGhScXlBSzhTRXJjOGV3Umoxd0ZvMXZLQ3RXT3RKcDlzdFJ4eGEwRlpjbkF4R0NiamRQM2c5bXpLalpUYU1zazhPQQ,r/HomeImprovement,Havells,Homebuilder / Designer,4,Mystery Light Switch - Reddit,https://news.google.com/rss/articles/CBMihgFBVV95cUxQV3ZVSC1lekd3QUhsb0d5dWZ2eWJxeENWOU51OVpyQVVDam1vc3NRckx1dTRkTDRVUnlFVmg0Mm9SSWoxWGhScXlBSzhTRXJjOGV3Umoxd0ZvMXZLQ3RXT3RKcDlzdFJ4eGEwRlpjbkF4R0NiamRQM2c5bXpLalpUYU1zazhPQQ?oc=5
RSS_CBMiigFBVV95cUxOWEJmUnU3aXFIa1RwMlppQkRfMGJXQ0ZwQmQ0R0lDUHZzM3JyN3JHd2Rua2h6UlZ5Rl9rLW9hbGNQY0thempic3FwVnp2QlU2MVV0MlBMVTd6Rlp6YlNGVWF5RWNjX0dPUzBCeXowd0txM0R4VzdUdWpqcDRfMzB1VVU3NWQ0S3dFcUE,r/HomeImprovement,Havells,Homebuilder / Designer,4,Timer Switch for Pantry - Reddit,https://news.google.com/rss/articles/CBMiigFBVV95cUxOWEJmUnU3aXFIa1RwMlppQkRfMGJXQ0ZwQmQ0R0lDUHZzM3JyN3JHd2Rua2h6UlZ5Rl9rLW9hbGNQY0thempic3FwVnp2QlU2MVV0MlBMVTd6Rlp6YlNGVWF5RWNjX0dPUzBCeXowd0txM0R4VzdUdWpqcDRfMzB1VVU3NWQ0S3dFcUE?oc=5
RSS_CBMipAFBVV95cUxQQXdPM2lxdkVTUjVtV3Z4N25rMzVEODBwdWVyaFNUcl9VR3lxY19VVUxobk84MUZoT2hjaDdlUnNJTG0wc05scnI3eEd6dkxWRVZ0aF9XYU9sRnVqU3NVNFFxdWV0TExOSDBhM2RTTlNyVmFEcUJoQlA5MWNnNmFFSWZyTmlOMVpCTmU5RGRkbXZsMENaZ1FjRllPeFMyQzV2cmxKaQ,r/HomeImprovement,Havells,Homebuilder / Designer,4,Installing a transfer switch for a generator - Reddit,https://news.google.com/rss/articles/CBMipAFBVV95cUxQQXdPM2lxdkVTUjVtV3Z4N25rMzVEODBwdWVyaFNUcl9VR3lxY19VVUxobk84MUZoT2hjaDdlUnNJTG0wc05scnI3eEd6dkxWRVZ0aF9XYU9sRnVqU3NVNFFxdWV0TExOSDBhM2RTTlNyVmFEcUJoQlA5MWNnNmFFSWZyTmlOMVpCTmU5RGRkbXZsMENaZ1FjRllPeFMyQzV2cmxKaQ?oc=5
RSS_CBMipAFBVV95cUxOV1NEWkJ3eWoxeWYyQ3JMV1A4NUN4MjVwVlNVakMyUEV2WWwtTjhVUE1aZDVPdmFlT243ak9hQnJfdXVNbm1CV0hjcUVDa2dNMjRzTGNHckxHUjdPellKcEFHOG5NMXJwSWRhRnpwSEs1eTZkV0ptMzRSVGQxMTF3RDRhaGltTVlZTWRJamRtYkRoRzdVRjhZUE1hcEZVeVk4YU1MTQ,r/HomeImprovement,Havells,Homebuilder / Designer,4,"Flipped middle light switch 180 degrees, now fixture is not working - Reddit",https://news.google.com/rss/articles/CBMipAFBVV95cUxOV1NEWkJ3eWoxeWYyQ3JMV1A4NUN4MjVwVlNVakMyUEV2WWwtTjhVUE1aZDVPdmFlT243ak9hQnJfdXVNbm1CV0hjcUVDa2dNMjRzTGNHckxHUjdPellKcEFHOG5NMXJwSWRhRnpwSEs1eTZkV0ptMzRSVGQxMTF3RDRhaGltTVlZTWRJamRtYkRoRzdVRjhZUE1hcEZVeVk4YU1MTQ?oc=5
RSS_CBMipwFBVV95cUxOZVlxSkNfQ2FJdHJLTG96cDQ0c3pEODMyWEpMcXJySElFdzdXc1hRUjZqZzB4YmdhaExOUXFJQmpQOGtwVDRUV3RVX0FRTTNVekdmTjZ1Y2lhY2V3UXlBWjF6RU9sQjhGQUJDU3VHYUZORjE3STByNGVmNHNrMkhOOGVrbHpfcUhQalMxTGpCNjlIUDc0Vjd0SzRIN2QxUEhOU1pwVjdiQQ,r/HomeImprovement,Havells,Homebuilder / Designer,4,Need help understanding how many Lutron Caseta Switches I will need to buy and how they wire to be able to control remotely. - Reddit,https://news.google.com/rss/articles/CBMipwFBVV95cUxOZVlxSkNfQ2FJdHJLTG96cDQ0c3pEODMyWEpMcXJySElFdzdXc1hRUjZqZzB4YmdhaExOUXFJQmpQOGtwVDRUV3RVX0FRTTNVekdmTjZ1Y2lhY2V3UXlBWjF6RU9sQjhGQUJDU3VHYUZORjE3STByNGVmNHNrMkhOOGVrbHpfcUhQalMxTGpCNjlIUDc0Vjd0SzRIN2QxUEhOU1pwVjdiQQ?oc=5
RSS_CBMikgFBVV95cUxPeEpuSW44dFRqMEtzSEFYSlVlM2pybkZrQjI2VFJ3OUZqb2VDY2w4UU9wdHQtcDRETUhJRm9CRTU1THhvako5XzV2SXRXTV9kS3BHVmtvdVhwVDhfQ2daVGZCQzdCaHVLeFpZSUtFNFRydm01MGJwVkRYVjZKbVpucDNncFUxekhLd2lQRXAwX3BpZw,r/HomeImprovement,Havells,Homebuilder / Designer,4,Generator transfer switch help - Reddit,https://news.google.com/rss/articles/CBMikgFBVV95cUxPeEpuSW44dFRqMEtzSEFYSlVlM2pybkZrQjI2VFJ3OUZqb2VDY2w4UU9wdHQtcDRETUhJRm9CRTU1THhvako5XzV2SXRXTV9kS3BHVmtvdVhwVDhfQ2daVGZCQzdCaHVLeFpZSUtFNFRydm01MGJwVkRYVjZKbVpucDNncFUxekhLd2lQRXAwX3BpZw?oc=5
RSS_CBMipwFBVV95cUxOeUFpakVPRG1HUW1iN0daV0F4S054alhNbWdGRmlvR0lsSGhnQUxyYkgwZ3oxU2VxUGhxbVZyY3BMWXZqdzdMR0V3c0l6MU1JRUJydldxSmwzWkFpMV9YMURaQlFjS0Q3ZXdjNnJRVVJhTVVvVVRUSVVJUmM1VXJVaFFlU3Byay1fQUlWaXEya2FMNUs1a1Ixa0xpLXJfaXByS2M5bHZLMA,r/HomeImprovement,Havells,Homebuilder / Designer,4,How are my 3 way switches working if I am only finding 14/2 wires in the boxes? - Reddit,https://news.google.com/rss/articles/CBMipwFBVV95cUxOeUFpakVPRG1HUW1iN0daV0F4S054alhNbWdGRmlvR0lsSGhnQUxyYkgwZ3oxU2VxUGhxbVZyY3BMWXZqdzdMR0V3c0l6MU1JRUJydldxSmwzWkFpMV9YMURaQlFjS0Q3ZXdjNnJRVVJhTVVvVVRUSVVJUmM1VXJVaFFlU3Byay1fQUlWaXEya2FMNUs1a1Ixa0xpLXJfaXByS2M5bHZLMA?oc=5
RSS_CBMinwFBVV95cUxQV1NrYnF2cVNVeVYwNHJoMHlvY3l3bEF2N1hiMnhOYzhjalByMmk2LTFaa2MxTnBqX055bW9mdk5RU0pLVUtJOVBPVHU5OTJKbTZLbng0N2p0UlRfWjJoQkJQdDV3eVlSMUdaMnE3dGtfYk01WGE1enhYNkQ3ZXQ4SVgtVnppWDk5eTE1R3JEdnNGbkM2dmlYcUllMUVsMUk,r/HomeImprovement,Havells,Homebuilder / Designer,4,3 way switch with power to light fixture - Reddit,https://news.google.com/rss/articles/CBMinwFBVV95cUxQV1NrYnF2cVNVeVYwNHJoMHlvY3l3bEF2N1hiMnhOYzhjalByMmk2LTFaa2MxTnBqX055bW9mdk5RU0pLVUtJOVBPVHU5OTJKbTZLbng0N2p0UlRfWjJoQkJQdDV3eVlSMUdaMnE3dGtfYk01WGE1enhYNkQ3ZXQ4SVgtVnppWDk5eTE1R3JEdnNGbkM2dmlYcUllMUVsMUk?oc=5
RSS_CBMipgFBVV95cUxOMkFRNGpaeENrUlhNUGFQOHZqZ3hvTml2dGUyT3ZQT2t2R1RGbmtwNkhmN3hWejVwVGdNaDY5SDJGZW1VRlFydi16WnZHY2N5SmxNUzdManpzRmlSNElkRXQ2TGowM0F0MHdSNDNsWlh3TEZLbDExRUlVQWVGLUJnYy1fY2VPczRKU0VqUFN3N3VjNUhKNzNlNDlmVVdtQ0lHVUtiaWpB,r/HomeImprovement,Havells,Homebuilder / Designer,4,Is there a way to install a light switch for outdoor string lights that are plugged into an outlet? - Reddit,https://news.google.com/rss/articles/CBMipgFBVV95cUxOMkFRNGpaeENrUlhNUGFQOHZqZ3hvTml2dGUyT3ZQT2t2R1RGbmtwNkhmN3hWejVwVGdNaDY5SDJGZW1VRlFydi16WnZHY2N5SmxNUzdManpzRmlSNElkRXQ2TGowM0F0MHdSNDNsWlh3TEZLbDExRUlVQWVGLUJnYy1fY2VPczRKU0VqUFN3N3VjNUhKNzNlNDlmVVdtQ0lHVUtiaWpB?oc=5
RSS_CBMiogFBVV95cUxObUFsbDY0QzJfSVJLa0JmU1FUeFctak9vaHRkWEtjcF9rZ0tEUmZDejBJd21GdjFqcnRYWXE5akk5aWFuZ3dKNnh2djJSNmVZaDNFLXlUYnB5djVkakRiNzRsdF9hUGtNYzNLeGowd3FtOGNGT0Y4VGlKTXFGZTNkeDlwZU5zdGdPS041VUJBTVRCTkNCV0xYNGlwT2VITTZWNHc,r/HomeImprovement,Havells,Homebuilder / Designer,4,Adding Dimmer Switch - Grouping Ground Wires - Reddit,https://news.google.com/rss/articles/CBMiogFBVV95cUxObUFsbDY0QzJfSVJLa0JmU1FUeFctak9vaHRkWEtjcF9rZ0tEUmZDejBJd21GdjFqcnRYWXE5akk5aWFuZ3dKNnh2djJSNmVZaDNFLXlUYnB5djVkakRiNzRsdF9hUGtNYzNLeGowd3FtOGNGT0Y4VGlKTXFGZTNkeDlwZU5zdGdPS041VUJBTVRCTkNCV0xYNGlwT2VITTZWNHc?oc=5
RSS_CBMiqgFBVV95cUxOUVpxYnhCaHZiWjRzcmpzdDRqNVJoNU1DbDk0UG9vRDQ1YTdHX2Q0ZnJtbGViQlBuTU40SFBjNU56VlF4elY1cFplNjBVVy1aNjZGYnl6VkZDYVlHTDhxc3g2c0ZDS2MtSTFTa0k5Vi16NlJpOVlPdVVXdkJNSlc3TWlmNVVyZzV5WVppR0pXRFFXVTM1LUVPZDVLLW5GUVNNdlgxM2V1QWgzUQ,r/HomeImprovement,Havells,Homebuilder / Designer,4,"Garage door opener Dip switches, one has 9&5, other has 10? - Reddit",https://news.google.com/rss/articles/CBMiqgFBVV95cUxOUVpxYnhCaHZiWjRzcmpzdDRqNVJoNU1DbDk0UG9vRDQ1YTdHX2Q0ZnJtbGViQlBuTU40SFBjNU56VlF4elY1cFplNjBVVy1aNjZGYnl6VkZDYVlHTDhxc3g2c0ZDS2MtSTFTa0k5Vi16NlJpOVlPdVVXdkJNSlc3TWlmNVVyZzV5WVppR0pXRFFXVTM1LUVPZDVLLW5GUVNNdlgxM2V1QWgzUQ?oc=5
RSS_CBMiqAFBVV95cUxNOThOcTdzeTFYVDFTU092TGstNGFrckUtUWlEUjJ5RVQxZ0YxYzNiUGFuQk4xQ00wdC0wWUVJc2FMU3VERVd2aUZzZUJkSEFGRXViTWdFZXBUOWl5QUJkeC1TVmUxaDhONHVKWURfdHh5SjVXNld1NlB4SUFYdC1NYjFILUZVMU5zalFmSV90TWVWOWlEMW5IQmJxSjl2dWlIRlByV1V4bEI,r/HomeImprovement,Havells,Homebuilder / Designer,4,I have a two way switch where off means one of the switches is in the off position and the other one isn't. - Reddit,https://news.google.com/rss/articles/CBMiqAFBVV95cUxNOThOcTdzeTFYVDFTU092TGstNGFrckUtUWlEUjJ5RVQxZ0YxYzNiUGFuQk4xQ00wdC0wWUVJc2FMU3VERVd2aUZzZUJkSEFGRXViTWdFZXBUOWl5QUJkeC1TVmUxaDhONHVKWURfdHh5SjVXNld1NlB4SUFYdC1NYjFILUZVMU5zalFmSV90TWVWOWlEMW5IQmJxSjl2dWlIRlByV1V4bEI?oc=5
RSS_CBMigwFBVV95cUxPdXd1MENsdjQ2dUFOV0gwR0gtdnV3cWR3ZjFOaWstRkE3ZTVtUXpkSVNacm5iOHQzUHYwU0h3Z3BSV3NkVDIzNGhYMV9rd1VMczRSWXZjQkNwdTRCUVUyTFZIYXhfZS1SdGg5ZGRZSVU1d3F4clR0cEtKUFp6Z1FlQ0dfTQ,r/HomeImprovement,Havells,Homebuilder / Designer,4,4 way switch wiring - Reddit,https://news.google.com/rss/articles/CBMigwFBVV95cUxPdXd1MENsdjQ2dUFOV0gwR0gtdnV3cWR3ZjFOaWstRkE3ZTVtUXpkSVNacm5iOHQzUHYwU0h3Z3BSV3NkVDIzNGhYMV9rd1VMczRSWXZjQkNwdTRCUVUyTFZIYXhfZS1SdGg5ZGRZSVU1d3F4clR0cEtKUFp6Z1FlQ0dfTQ?oc=5
RSS_CBMingFBVV95cUxNVEpZTEpFMkRXbFR4MF9hT25SX0pHTGFrRjQ1YllQeUFuMVU4TFc2SmhDNHBiZG9pam1QS1VrbzNaYUNFLUJRMEtXQW1VWEdRcERDaGRTQnVCSlNtRWtPaDBmTjcxM1h5YUU2OWJOdHR5eFhkamJEaXpaeV8tazNDOGw5WTkwVzVWMjNYVlBVbmhTVHFVckVxRXQ2OWowUQ,r/HomeImprovement,Havells,Homebuilder / Designer,4,"Ceiling Fan - 2 Switches, Wires Don’t Match Instructions - Reddit",https://news.google.com/rss/articles/CBMingFBVV95cUxNVEpZTEpFMkRXbFR4MF9hT25SX0pHTGFrRjQ1YllQeUFuMVU4TFc2SmhDNHBiZG9pam1QS1VrbzNaYUNFLUJRMEtXQW1VWEdRcERDaGRTQnVCSlNtRWtPaDBmTjcxM1h5YUU2OWJOdHR5eFhkamJEaXpaeV8tazNDOGw5WTkwVzVWMjNYVlBVbmhTVHFVckVxRXQ2OWowUQ?oc=5
RSS_CBMinAFBVV95cUxOQnJyVnBxd0dVZm0yYVJFdmRja2dqeGlUeGZUU3MwWTlEN3djTjlaQnNJV3ZTdXhnRkNtOVJ2ODhIbDhGaWJKdm9MdGJUMDJITjRfX082Z0FGMTN2N0lBRVRNOFE1TUswaGNlQVNRSUNkNGs4UkwzSWNLVVpHSUVyVU53UlBRV0JxXzRQZEJSV0hpdHlPLVlXU0NiaDQ,r/HomeImprovement,GM,Homebuilder / Designer,4,New can lights won't turn off at switch?? - Reddit,https://news.google.com/rss/articles/CBMinAFBVV95cUxOQnJyVnBxd0dVZm0yYVJFdmRja2dqeGlUeGZUU3MwWTlEN3djTjlaQnNJV3ZTdXhnRkNtOVJ2ODhIbDhGaWJKdm9MdGJUMDJITjRfX082Z0FGMTN2N0lBRVRNOFE1TUswaGNlQVNRSUNkNGs4UkwzSWNLVVpHSUVyVU53UlBRV0JxXzRQZEJSV0hpdHlPLVlXU0NiaDQ?oc=5
RSS_CBMioAFBVV95cUxQR2EySG11WEVJVHBFNU1RMC0xZjJsRkt2c3V2U0xfZVBMN3hvcEI3YlR4dnJMRTBWVFRIZnVrWjdZZmFfcjYtUVRiZ3NZaXhWa20yaFhyMmhZOGpTMWh5Z2o2S2FoTGFyOFlxdkNtelNnSFJhMk54UlN2bnZaU3lBN3BlRWMyN3BER0Y0Mms2TzZOeTFjZTNvMEc5WFpBOGpN,r/HomeImprovement,Havells,Homebuilder / Designer,4,Converting 3 way switch to 2 single poles - Reddit,https://news.google.com/rss/articles/CBMioAFBVV95cUxQR2EySG11WEVJVHBFNU1RMC0xZjJsRkt2c3V2U0xfZVBMN3hvcEI3YlR4dnJMRTBWVFRIZnVrWjdZZmFfcjYtUVRiZ3NZaXhWa20yaFhyMmhZOGpTMWh5Z2o2S2FoTGFyOFlxdkNtelNnSFJhMk54UlN2bnZaU3lBN3BlRWMyN3BER0Y0Mms2TzZOeTFjZTNvMEc5WFpBOGpN?oc=5
RSS_CBMiqAFBVV95cUxNVVNuMXFtS3VjVExJRnc1U3lBeTNJN0lJVWw3SzNMSTB1c2pkUV9na2MtdXlmZGdEV2tTUWljVGpscW15YzNkRUNEaHMyemxnZW5WWlhQR1NTelVaRzFDakh5Ri1aSnhabXozWWd4RWk5YXZKdFBRT1I2VVNITThrY0xET0ZNUjZudk1qeGpYbjNpcC1MRWdoSWM0X3hBWmV2b2JSYzgxOGM,r/HomeImprovement,GM,Homebuilder / Designer,4,"""Master"" switch that controls second floor lights? - Reddit",https://news.google.com/rss/articles/CBMiqAFBVV95cUxNVVNuMXFtS3VjVExJRnc1U3lBeTNJN0lJVWw3SzNMSTB1c2pkUV9na2MtdXlmZGdEV2tTUWljVGpscW15YzNkRUNEaHMyemxnZW5WWlhQR1NTelVaRzFDakh5Ri1aSnhabXozWWd4RWk5YXZKdFBRT1I2VVNITThrY0xET0ZNUjZudk1qeGpYbjNpcC1MRWdoSWM0X3hBWmV2b2JSYzgxOGM?oc=5
RSS_CBMiqwFBVV95cUxNenZTQW5ZOElKMWRmZmFhb2hWaUpsNWNLdE5hQjJFdFQxRGZ2WjZJTkk5emI0clNnSHhoRDJpVDZOYi14LXNBTm9IelR6dEdSYUw3TjI4bWMyd01iLTNqbWlCMFBjTHliOGlfZ1RZMlhIUkhEamRwWHRWR1g5SGhOTVNIN0xtVWxyM2VSX2NjTTRfSGFXVWNvZVZ0bUNRRzZZQmRoa1B2cGJZQlU,r/HomeImprovement,Havells,Homebuilder / Designer,4,Help understanding this three gang switch wiring - Reddit,https://news.google.com/rss/articles/CBMiqwFBVV95cUxNenZTQW5ZOElKMWRmZmFhb2hWaUpsNWNLdE5hQjJFdFQxRGZ2WjZJTkk5emI0clNnSHhoRDJpVDZOYi14LXNBTm9IelR6dEdSYUw3TjI4bWMyd01iLTNqbWlCMFBjTHliOGlfZ1RZMlhIUkhEamRwWHRWR1g5SGhOTVNIN0xtVWxyM2VSX2NjTTRfSGFXVWNvZVZ0bUNRRzZZQmRoa1B2cGJZQlU?oc=5
RSS_CBMinAFBVV95cUxOM3JLWEpoUVhpaExGMmljNkJGdzlyNGNoc01iSkdVQ014WW9ybmRMeUFPN1J5SjRXclY1THdKTkdIb3Q1YXRCMGRvakIxYWZhaVBYZ280UUtVZzJQQTh6YzVNSXFhaFNhM0tjdFBxeExXMTNETVF0dXphVWc1Q2FTZlUyTnp0cGh5Z1dVWlRNc3J3aXhXWnRjT0syd1c,r/HomeImprovement,GM,Homebuilder / Designer,4,"Do ""relay operated"" 3 way switches exist? - Reddit",https://news.google.com/rss/articles/CBMinAFBVV95cUxOM3JLWEpoUVhpaExGMmljNkJGdzlyNGNoc01iSkdVQ014WW9ybmRMeUFPN1J5SjRXclY1THdKTkdIb3Q1YXRCMGRvakIxYWZhaVBYZ280UUtVZzJQQTh6YzVNSXFhaFNhM0tjdFBxeExXMTNETVF0dXphVWc1Q2FTZlUyTnp0cGh5Z1dVWlRNc3J3aXhXWnRjT0syd1c?oc=5
RSS_CBMinAFBVV95cUxPdlppbWFJYVhULWFtOC1aYllqQ3pqSXZDWjUwdC0zejR4RklER1VlYXNkTmQzVFU3TjRfV2Q5VmEtbjM0MGxDMlFYelkyUVJvdEQwcnBPTDUzd2YyZG1oQWsyU2diQmNPb3pfbi1VelJDdDhaN0VpM1NjNXdIV1dvVjV0NHVLODV3T0gxdzFvSDFwN21ZaVJoZS11bzY,r/HomeImprovement,Havells,Homebuilder / Designer,4,Source for brass / metal light switches - Reddit,https://news.google.com/rss/articles/CBMinAFBVV95cUxPdlppbWFJYVhULWFtOC1aYllqQ3pqSXZDWjUwdC0zejR4RklER1VlYXNkTmQzVFU3TjRfV2Q5VmEtbjM0MGxDMlFYelkyUVJvdEQwcnBPTDUzd2YyZG1oQWsyU2diQmNPb3pfbi1VelJDdDhaN0VpM1NjNXdIV1dvVjV0NHVLODV3T0gxdzFvSDFwN21ZaVJoZS11bzY?oc=5
RSS_CBMijAFBVV95cUxQVmttclJOamhSRVU3NTU1ak5uN0gwSnF5bDNKSU4tSmV6dGxMcG5oU3NQRjhLYkVxNk9LMnNyMnZlZS1HQnMySzdvMjlObU1xUlFQbEpDNjRYTEVNMjFWR2tJLXM0UEZoVHRCQkdYME5nVl9xNk5GcEJlTUI3ZjRteFVISDBOZUVqdzlMUQ,r/HomeImprovement,Havells,Homebuilder / Designer,4,Deako Switch Alternatives - Reddit,https://news.google.com/rss/articles/CBMijAFBVV95cUxQVmttclJOamhSRVU3NTU1ak5uN0gwSnF5bDNKSU4tSmV6dGxMcG5oU3NQRjhLYkVxNk9LMnNyMnZlZS1HQnMySzdvMjlObU1xUlFQbEpDNjRYTEVNMjFWR2tJLXM0UEZoVHRCQkdYME5nVl9xNk5GcEJlTUI3ZjRteFVISDBOZUVqdzlMUQ?oc=5
RSS_CBMikgFBVV95cUxPZVRfUS1LRm90aVRwLW5iQnZvSkVlT1ZHN1pYTVNSTVQ1MlVwcGtpQ0dTNnladkpHVDRzOU00aUdNQzdHUEpZdHdCQ01qYUo5UERvRGJqbTBUSE03VUo1ZzhUM09zQ25OMFRQcU5ZZnNsd0xhYmdQbk53VF9oU016cWNiNWZVLVEzOGE5Uk1VZ0pDQQ,r/HomeImprovement,Havells,Homebuilder / Designer,4,40/60 pressure switch for well - Reddit,https://news.google.com/rss/articles/CBMikgFBVV95cUxPZVRfUS1LRm90aVRwLW5iQnZvSkVlT1ZHN1pYTVNSTVQ1MlVwcGtpQ0dTNnladkpHVDRzOU00aUdNQzdHUEpZdHdCQ01qYUo5UERvRGJqbTBUSE03VUo1ZzhUM09zQ25OMFRQcU5ZZnNsd0xhYmdQbk53VF9oU016cWNiNWZVLVEzOGE5Uk1VZ0pDQQ?oc=5
RSS_CBMingFBVV95cUxPN1pLbnJIMmxnMVNJc0hBbk15ckpCTEpKaXNwaGFiZ1U1Z2VhTWRLVHluSzJRYldWYnhGNFMzOU1zT2NIN2xocGhnQnFOQjBqN2JGbjU4aW1GbEw5VnRJQVhhZkY2bVFNbU5KNjNQNHlFOWE3NHE1VVRHbGdiYmxnVXgzNEJxNXZKRHR1TmZDRWQ4Q1d4X3NSMThoRjNrZw,r/HomeImprovement,Havells,Homebuilder / Designer,4,Any light rocker switch recommendation? - Reddit,https://news.google.com/rss/articles/CBMingFBVV95cUxPN1pLbnJIMmxnMVNJc0hBbk15ckpCTEpKaXNwaGFiZ1U1Z2VhTWRLVHluSzJRYldWYnhGNFMzOU1zT2NIN2xocGhnQnFOQjBqN2JGbjU4aW1GbEw5VnRJQVhhZkY2bVFNbU5KNjNQNHlFOWE3NHE1VVRHbGdiYmxnVXgzNEJxNXZKRHR1TmZDRWQ4Q1d4X3NSMThoRjNrZw?oc=5
RSS_CBMimgFBVV95cUxQY1BFdFJIbkJocWhGTlFvelZrdEp2ZmE3NlpqYWItS19WOWpyeHBXcWZoNHVaSVIyWGxmSk43eVBqSGlCdnZrWE9Yd2pJRUw2Q2NJUUFRN0pYaVlaLVJJR3hoYmx1cmgzVWgtX19KS1MzM2VTbmR2dGpLVG5BYWNvVW1EQTY0Njg1dklpMU8wSldvbm5EeGUtLXdR,r/HomeImprovement,Havells,Homebuilder / Designer,4,What is this old switch in my house? - Reddit,https://news.google.com/rss/articles/CBMimgFBVV95cUxQY1BFdFJIbkJocWhGTlFvelZrdEp2ZmE3NlpqYWItS19WOWpyeHBXcWZoNHVaSVIyWGxmSk43eVBqSGlCdnZrWE9Yd2pJRUw2Q2NJUUFRN0pYaVlaLVJJR3hoYmx1cmgzVWgtX19KS1MzM2VTbmR2dGpLVG5BYWNvVW1EQTY0Njg1dklpMU8wSldvbm5EeGUtLXdR?oc=5
RSS_CBMipAFBVV95cUxNYTRwbkRKUF9OcG03aENMcEFndmJwNnpqQkNtcm0wMXFMTXFzOXN0Y081X2kxQ1BtNXhqODhzM0RlTkd6QXF6UHBOdXFyX1lWT0hVYVpGQng3TXY1T1d2T0ZsRDdyYUNHNGhiRGlMbXhFZk41VlZYSHNaM2F6QzFEZXFPcWVxNUNLZ3ZGb3M1ZlZ5RHprdTJMRnhSTmlFVXRtM2tZZA,r/HomeImprovement,Havells,Homebuilder / Designer,4,Adding a switch to lights in the middle of a circuit - Reddit,https://news.google.com/rss/articles/CBMipAFBVV95cUxNYTRwbkRKUF9OcG03aENMcEFndmJwNnpqQkNtcm0wMXFMTXFzOXN0Y081X2kxQ1BtNXhqODhzM0RlTkd6QXF6UHBOdXFyX1lWT0hVYVpGQng3TXY1T1d2T0ZsRDdyYUNHNGhiRGlMbXhFZk41VlZYSHNaM2F6QzFEZXFPcWVxNUNLZ3ZGb3M1ZlZ5RHprdTJMRnhSTmlFVXRtM2tZZA?oc=5
RSS_CBMiiAFBVV95cUxOdlEzVnI2NVNpUkxuXzNGRExNVVJjLXNUMHNCZl83VkZwR18xeHhBajV0TEtSVmtJd2g4TmZxTUhmTnhvNFhycWRBNEVuZXphc1dMc2pobF9Uay1NdUhDX1BBVnRLYzJGVlBiSWFMbUhodnJVZHNsZ21kYlRZRmJqN3pfVHd1a1JT,r/HomeImprovement,Havells,Homebuilder / Designer,4,Wiring a double switch? - Reddit,https://news.google.com/rss/articles/CBMiiAFBVV95cUxOdlEzVnI2NVNpUkxuXzNGRExNVVJjLXNUMHNCZl83VkZwR18xeHhBajV0TEtSVmtJd2g4TmZxTUhmTnhvNFhycWRBNEVuZXphc1dMc2pobF9Uay1NdUhDX1BBVnRLYzJGVlBiSWFMbUhodnJVZHNsZ21kYlRZRmJqN3pfVHd1a1JT?oc=5
RSS_CBMiogFBVV95cUxPYVVTSzhvckdGdG5Na0d4bjhlUE5EUzRSTGQyREhiS1RzOUVOODJGTFBTSHYwdXo0eHlBX1p0Q20ycjhOMHFraU8xUVJ4MFgyWlNIT3hjOWt0NGdFbkZYQ053ajAyVE55ZGEzLWdMQVJfTklyWEJjMnFYY2tKOTRmN1dYV0hLUHpqczcyY3I4Y2tnZ2RpdS15QThWSWtjX3UyOWc,r/HomeImprovement,Havells,Homebuilder / Designer,4,Extra switch next to gas fireplace switch - Reddit,https://news.google.com/rss/articles/CBMiogFBVV95cUxPYVVTSzhvckdGdG5Na0d4bjhlUE5EUzRSTGQyREhiS1RzOUVOODJGTFBTSHYwdXo0eHlBX1p0Q20ycjhOMHFraU8xUVJ4MFgyWlNIT3hjOWt0NGdFbkZYQ053ajAyVE55ZGEzLWdMQVJfTklyWEJjMnFYY2tKOTRmN1dYV0hLUHpqczcyY3I4Y2tnZ2RpdS15QThWSWtjX3UyOWc?oc=5
RSS_CBMiqwFBVV95cUxQckIxZjZJVmZ1c3BNMDBVemdWakRud244NVJBSlB4cWlnREpaQUVfOVRQNXNBYVRROExtVE9HZ2ZiS1ZFTWVkVXBhczJEVTRvLUpjRHJOQzZWMUpYbklkZmsyeUNQUVF2TFpIbmpHQ2M2d25PWVBnT1ZSdlVFTGRBOFdHaE5UM2dxdU1yb2RTTk5mSWN2NUk0UXlpSWVEZFJzalNwZVNWVnUzRnc,r/HomeImprovement,Havells,Homebuilder / Designer,4,"How to fit the most number of light switches into the smallest area, neatly - Reddit",https://news.google.com/rss/articles/CBMiqwFBVV95cUxQckIxZjZJVmZ1c3BNMDBVemdWakRud244NVJBSlB4cWlnREpaQUVfOVRQNXNBYVRROExtVE9HZ2ZiS1ZFTWVkVXBhczJEVTRvLUpjRHJOQzZWMUpYbklkZmsyeUNQUVF2TFpIbmpHQ2M2d25PWVBnT1ZSdlVFTGRBOFdHaE5UM2dxdU1yb2RTTk5mSWN2NUk0UXlpSWVEZFJzalNwZVNWVnUzRnc?oc=5
RSS_CBMipgFBVV95cUxQdXZOUG9mRFFDY3l6OF9FeEVURDNTY253RlNNWVpjVDZSNzFKbDVQTUpJcVZ3aWRNTGFMeUdFSWZpQm1DeGVGVUlJVVJ2QktheXJhOHJMeHpXdFhPcTZHSXhIOXBnY1o3NHZQelpSSFVCaW1ZQmhSaHl4NXJJamlLV252VkpIOGlTQzI2MDVJeV9tLTNJaC1DZGdQZkF0bXVZb3hnZ0J3,r/HomeImprovement,Havells,Homebuilder / Designer,4,"Dimmer switches aren't working as intended? Two switches, one LED fixture (with LED compatible dimmer switch) - Reddit",https://news.google.com/rss/articles/CBMipgFBVV95cUxQdXZOUG9mRFFDY3l6OF9FeEVURDNTY253RlNNWVpjVDZSNzFKbDVQTUpJcVZ3aWRNTGFMeUdFSWZpQm1DeGVGVUlJVVJ2QktheXJhOHJMeHpXdFhPcTZHSXhIOXBnY1o3NHZQelpSSFVCaW1ZQmhSaHl4NXJJamlLV252VkpIOGlTQzI2MDVJeV9tLTNJaC1DZGdQZkF0bXVZb3hnZ0J3?oc=5
RSS_CBMingFBVV95cUxOekVDQVhNZ3JRb0Q0Ti03cjdyVFNScGN3LVVLUDJCU1hrRXlleVF6dVVvZFNoMXBVdXV6R2RGMkZNcU9HaWpmT3dteF9pc2Iwand1aWdtS3lTM19HRVBISG80ZE1pQlRoZDQ4UTNjNUdZV2FrQjNFQWo0M01VZDEtajR1TGpzUmlEMGxQXzBZYVQ3ZFdiOEctMnc1NDlhZw,r/HomeImprovement,GM,Homebuilder / Designer,4,Ceiling fans don't have breaker switches? - Reddit,https://news.google.com/rss/articles/CBMingFBVV95cUxOekVDQVhNZ3JRb0Q0Ti03cjdyVFNScGN3LVVLUDJCU1hrRXlleVF6dVVvZFNoMXBVdXV6R2RGMkZNcU9HaWpmT3dteF9pc2Iwand1aWdtS3lTM19HRVBISG80ZE1pQlRoZDQ4UTNjNUdZV2FrQjNFQWo0M01VZDEtajR1TGpzUmlEMGxQXzBZYVQ3ZFdiOEctMnc1NDlhZw?oc=5
RSS_CBMiqwFBVV95cUxOd2p0QWxQQk04VndoTm9ZMjRMWXMyTWpLVEY3U0pjWVFybldCZENHV2VMYlBtR25uRkxpcG5YM0hHNHVFWHgwcWx4XzROcGxPRXhlS3ZWSEJZX0tCS1YwSXh0VWhURFhTVl90YlduNkpWVDZHcnFzVjR0b2kwNGQ1Tk1BQmt5RS1sYUNIQmZITVd6M3B0YndqU0dSb3VJb3BFSXl1bEwxcEpjYTg,r/HomeImprovement,Havells,Homebuilder / Designer,4,Can someone recommend a switch timer for bathroom fans when the switch is one of several switches in the plate? - Reddit,https://news.google.com/rss/articles/CBMiqwFBVV95cUxOd2p0QWxQQk04VndoTm9ZMjRMWXMyTWpLVEY3U0pjWVFybldCZENHV2VMYlBtR25uRkxpcG5YM0hHNHVFWHgwcWx4XzROcGxPRXhlS3ZWSEJZX0tCS1YwSXh0VWhURFhTVl90YlduNkpWVDZHcnFzVjR0b2kwNGQ1Tk1BQmt5RS1sYUNIQmZITVd6M3B0YndqU0dSb3VJb3BFSXl1bEwxcEpjYTg?oc=5
RSS_CBMipwFBVV95cUxOV3RfeWhoalBGbUo5OFNMU2UydlBxUlVIR3NXWllhSUgtRmxfNVdlb2Zfb0FrYkF3UUs1Yk9tVFFOY2ZwY2YyTlJXejk2LW5POF9nS3ptNFAzcWVRYkwyeHhxWEpkMmtNeGx0bjVIY3lnMTYtR25aQVBTVVp1RVBUQ09IS3lOajJZM01kV0FxRGVxdl8yS0RlY1JlZ25tZFVYRGhfV2dCcw,r/HomeImprovement,Havells,Homebuilder / Designer,4,Lights wired from an outlet - can I add a switch? - Reddit,https://news.google.com/rss/articles/CBMipwFBVV95cUxOV3RfeWhoalBGbUo5OFNMU2UydlBxUlVIR3NXWllhSUgtRmxfNVdlb2Zfb0FrYkF3UUs1Yk9tVFFOY2ZwY2YyTlJXejk2LW5POF9nS3ptNFAzcWVRYkwyeHhxWEpkMmtNeGx0bjVIY3lnMTYtR25aQVBTVVp1RVBUQ09IS3lOajJZM01kV0FxRGVxdl8yS0RlY1JlZ25tZFVYRGhfV2dCcw?oc=5
RSS_CBMiqgFBVV95cUxNdFVIeF93VzRVWTBlWjctM3BNM09fTEJKamJ1N19ZRHF2Q0JYek5EQnhETEpPTTdSY1g1WEl2Tm9MbGZsa2hrOXVWUkNFYXItX3lJanV3WG5mTE1yRGgxVU94ZEVSZ3p3c2JiV0NoNG84UmFneDVRSThwLWdsN00wbEdkQVZjWDVla0JKbFMtT2NOQWtoNkhVMHVDalhrbHBSR3l3Zmd1UzlVZw,r/HomeImprovement,Havells,Homebuilder / Designer,4,Need a triple switch for lights from 2 different circuits. Can anyone tell me what that switch is called? - Reddit,https://news.google.com/rss/articles/CBMiqgFBVV95cUxNdFVIeF93VzRVWTBlWjctM3BNM09fTEJKamJ1N19ZRHF2Q0JYek5EQnhETEpPTTdSY1g1WEl2Tm9MbGZsa2hrOXVWUkNFYXItX3lJanV3WG5mTE1yRGgxVU94ZEVSZ3p3c2JiV0NoNG84UmFneDVRSThwLWdsN00wbEdkQVZjWDVla0JKbFMtT2NOQWtoNkhVMHVDalhrbHBSR3l3Zmd1UzlVZw?oc=5
RSS_CBMipAFBVV95cUxPRVFhSjdmZ3FuVGoxT19vcW5KYndfcm1lbnAxZDJna2dsUm55ZzU1aEZtWFlqQ3hBQlRnUHZsRWRhRkM5Q3JkRUZMSElrRjZCY1M1UjBtdFZwVkw0QWVuU21pWFRvOVAxQVkzOXZZZFlLR251V0VST0JUSndoTzFVLUpXTFZ1QjREbmJ2RDFKMjFFZ1BuOXdGR2NqaHlIR1hkWk5Obg,r/HomeImprovement,Havells,Homebuilder / Designer,4,"One ceiling light 3 switches, weird behavior - Reddit",https://news.google.com/rss/articles/CBMipAFBVV95cUxPRVFhSjdmZ3FuVGoxT19vcW5KYndfcm1lbnAxZDJna2dsUm55ZzU1aEZtWFlqQ3hBQlRnUHZsRWRhRkM5Q3JkRUZMSElrRjZCY1M1UjBtdFZwVkw0QWVuU21pWFRvOVAxQVkzOXZZZFlLR251V0VST0JUSndoTzFVLUpXTFZ1QjREbmJ2RDFKMjFFZ1BuOXdGR2NqaHlIR1hkWk5Obg?oc=5
RSS_CBMiqwFBVV95cUxPN1NDU21pRWZLNm40ZmpoQ0M0RkJwVmI1YzdONmczODhoNXgzcG94dHo3cTI4N2gxSXhOMFNkNEVkTnBiSi1RX1NEeWJ1UlNyTjYtUW16VXdqQjFQa08tcXpkVm9ZZDNxUy1fWGVMV3c1TTA4cmxRTDV4a2dHUFFYOU14NkREeTk0RDdwTnJRMTNIWWlGMkpDemV6M3g3VFZ0R01BQWJpcnpzUXc,r/HomeImprovement,GM,Homebuilder / Designer,4,Adding a dimmer switch….Is turning off the circuit breaker and confirming light switch is no longer functional mean it’s safe. - Reddit,https://news.google.com/rss/articles/CBMiqwFBVV95cUxPN1NDU21pRWZLNm40ZmpoQ0M0RkJwVmI1YzdONmczODhoNXgzcG94dHo3cTI4N2gxSXhOMFNkNEVkTnBiSi1RX1NEeWJ1UlNyTjYtUW16VXdqQjFQa08tcXpkVm9ZZDNxUy1fWGVMV3c1TTA4cmxRTDV4a2dHUFFYOU14NkREeTk0RDdwTnJRMTNIWWlGMkpDemV6M3g3VFZ0R01BQWJpcnpzUXc?oc=5
RSS_CBMiowFBVV95cUxNMU1vUUNKT0NnanRnRFcyTGlQUHI5V1M5UmZ2bHVubHZuQ0I4SldvVFBsOVJhenpFVE4zQzNJbnJMRWlqNGZWb1pXejBTanlodVdZejY4WXNnSGNfbUhsSktPbnRtMkNVaEI3TVRmOTdWRTdNWlljRFNQNzRYSUR4UFFSY3FoMDM3UWdfQU4tU1FMZG9qOXZNMmZzbXdoUUtwMkV3,r/HomeImprovement,Havells,Homebuilder / Designer,4,replacing one of the two 3-way switches with motion sensor - Reddit,https://news.google.com/rss/articles/CBMiowFBVV95cUxNMU1vUUNKT0NnanRnRFcyTGlQUHI5V1M5UmZ2bHVubHZuQ0I4SldvVFBsOVJhenpFVE4zQzNJbnJMRWlqNGZWb1pXejBTanlodVdZejY4WXNnSGNfbUhsSktPbnRtMkNVaEI3TVRmOTdWRTdNWlljRFNQNzRYSUR4UFFSY3FoMDM3UWdfQU4tU1FMZG9qOXZNMmZzbXdoUUtwMkV3?oc=5
RSS_CBMinAFBVV95cUxQaW5TSm0zQjB3WU1tZGxRZE1lN2hBMXBTaW82M3BqaDBWR09ZSTFoRVVaR0gybGFfUnA3eFFobW5BYW5OTW9lcXdmaHpPa19hTFRqM1BkZFlUOTBETldFYjZFaW9ieXljQ3c1TXYtalVvblc4eHFoYW5nWEQ3c1p4M2pjZnZWOHozMHpqQ28xV0ZLS3JVYk9HRndWTEI,r/HomeImprovement,Havells,Homebuilder / Designer,4,Help replacing old confusing switches. - Reddit,https://news.google.com/rss/articles/CBMinAFBVV95cUxQaW5TSm0zQjB3WU1tZGxRZE1lN2hBMXBTaW82M3BqaDBWR09ZSTFoRVVaR0gybGFfUnA3eFFobW5BYW5OTW9lcXdmaHpPa19hTFRqM1BkZFlUOTBETldFYjZFaW9ieXljQ3c1TXYtalVvblc4eHFoYW5nWEQ3c1p4M2pjZnZWOHozMHpqQ28xV0ZLS3JVYk9HRndWTEI?oc=5
RSS_CBMimwFBVV95cUxQSGMyb3NRN0pUNlcyQi1VMHphWGhiRHJLTUczQ2hKbS1hTk1mLTZ0WmpZcDlzcGZVN3Jzd1RQYjFhdWQ5MDJHd3h5bWFFNDhQT090RzNvZnhUSG9IVTNIMjVqYmttbzR3a29fRjFIMzM0cWJiYU1FSVNuRXI1QVpPQXgwOWxBSk13UWg3Um81X2lJVmtqUGhfbWRUVQ,r/HomeImprovement,GM,Homebuilder / Designer,4,Fan and lights on different switches - Reddit,https://news.google.com/rss/articles/CBMimwFBVV95cUxQSGMyb3NRN0pUNlcyQi1VMHphWGhiRHJLTUczQ2hKbS1hTk1mLTZ0WmpZcDlzcGZVN3Jzd1RQYjFhdWQ5MDJHd3h5bWFFNDhQT090RzNvZnhUSG9IVTNIMjVqYmttbzR3a29fRjFIMzM0cWJiYU1FSVNuRXI1QVpPQXgwOWxBSk13UWg3Um81X2lJVmtqUGhfbWRUVQ?oc=5
RSS_CBMiqgFBVV95cUxQUGU2Ukt6ZWRHaUxMdmFQcXR3aE1YOEZwVno2ZEhtTkxFd2YzWXhJSzR3ME1NUmNqT2t3aGNrREtvZnMtUXVvTENISlZSMmxoQl9ZUHlGTHRsSzVuV0FERFBSRnc2NTNHX3hjeFE5RUlOQkx4RkNTa0g5dkpaMVBhYmhxOEc0WnJUR3F3VGpDdnJRT0Qwam56Nk5MT3lPMnEtcElQdnVENU02dw,r/HomeImprovement,Havells,Homebuilder / Designer,4,"Light dimmers were the switches work in reverse, is this an easy fix? - Reddit",https://news.google.com/rss/articles/CBMiqgFBVV95cUxQUGU2Ukt6ZWRHaUxMdmFQcXR3aE1YOEZwVno2ZEhtTkxFd2YzWXhJSzR3ME1NUmNqT2t3aGNrREtvZnMtUXVvTENISlZSMmxoQl9ZUHlGTHRsSzVuV0FERFBSRnc2NTNHX3hjeFE5RUlOQkx4RkNTa0g5dkpaMVBhYmhxOEc0WnJUR3F3VGpDdnJRT0Qwam56Nk5MT3lPMnEtcElQdnVENU02dw?oc=5
RSS_CBMihAFBVV95cUxQNDhBcG5UaDVDUERvZC13WGk1ZHJiRHFYSkgyRFY2WkxoZF9OeEhJYkxIdUlCbVotdGxVMGxlaDJrWEJ5TW03dlI4NG51ek9JRVU0VEZEN3A0OGhVR2p6U3BpM3RtLUkzVXlIUnpHZzlhQllGYmFTWFh2NTVoWlpMR0MyS0Y,r/HomeImprovement,Havells,Homebuilder / Designer,4,Light switch plates - Reddit,https://news.google.com/rss/articles/CBMihAFBVV95cUxQNDhBcG5UaDVDUERvZC13WGk1ZHJiRHFYSkgyRFY2WkxoZF9OeEhJYkxIdUlCbVotdGxVMGxlaDJrWEJ5TW03dlI4NG51ek9JRVU0VEZEN3A0OGhVR2p6U3BpM3RtLUkzVXlIUnpHZzlhQllGYmFTWFh2NTVoWlpMR0MyS0Y?oc=5
RSS_CBMipgFBVV95cUxQX19GakVtNEhPVTBlX010Y0tweHNDblpzYkZCQkhWdVlnQzVtLXFGQlMzZGlaSTR6LXhpYUJqSjJ6RGlZUWlRdkZ6T1lzMV9YX3pHNFIzR2lNMWdITjhxNXdKcU5obmlDcHRaaV9Cd29vLVJ6MHQ5Skg1a2Y1Q09oUFJJdjNMZmtxQ0hxZ2lkdHdXXzBxdlY3bjhncHVjWEdZcDdMWWtn,r/HomeImprovement,Havells,Homebuilder / Designer,4,Can I replace a 20A switch with a 15A switch? - Reddit,https://news.google.com/rss/articles/CBMipgFBVV95cUxQX19GakVtNEhPVTBlX010Y0tweHNDblpzYkZCQkhWdVlnQzVtLXFGQlMzZGlaSTR6LXhpYUJqSjJ6RGlZUWlRdkZ6T1lzMV9YX3pHNFIzR2lNMWdITjhxNXdKcU5obmlDcHRaaV9Cd29vLVJ6MHQ5Skg1a2Y1Q09oUFJJdjNMZmtxQ0hxZ2lkdHdXXzBxdlY3bjhncHVjWEdZcDdMWWtn?oc=5
RSS_CBMimAFBVV95cUxNZDBpTFl0dUhlZmJ4WXhwUkxHS1NWc2VKMUFaazl1U3FTVjhyMDhKajFMWVVZc3k4S1FieWtISHBCZ0tYU2xDdDBfN2ZBbXBSZEtjOE1lSm83bDBzaHRQQ0ltazBNUVVoTVBYMnVVMEE5VGswQ3YzcGJCNjlJWUFKbmNVWUhVNTBHZkJMU255LXVUbTRONXBwTQ,r/HomeImprovement,Havells,Homebuilder / Designer,4,Trying to find a light switch cover - Reddit,https://news.google.com/rss/articles/CBMimAFBVV95cUxNZDBpTFl0dUhlZmJ4WXhwUkxHS1NWc2VKMUFaazl1U3FTVjhyMDhKajFMWVVZc3k4S1FieWtISHBCZ0tYU2xDdDBfN2ZBbXBSZEtjOE1lSm83bDBzaHRQQ0ltazBNUVVoTVBYMnVVMEE5VGswQ3YzcGJCNjlJWUFKbmNVWUhVNTBHZkJMU255LXVUbTRONXBwTQ?oc=5
RSS_CBMiqAFBVV95cUxOQVJua0lPV0RDUE5ibFdaLU9qQWExVGQ3UmFZT1BoU2FJWG43cUhEOWFLT2JsV1pSYzZzUHlrejZHYUc2QmFlYWlseXB4ODBYaGE2bVdRUFFsZk5nZ3Q3WWViQ3ppQ3F3RS1tamMxaHVxcTdQek5VX1RyWUZybm1fYU1kSVhqQkZKVTN6N0NsbThhMmR5c0dnUFdaaXRvS1hYVy1za0JMYlE,r/HomeImprovement,Havells,Homebuilder / Designer,4,What do I do? Light switch plate falling off the wall in the bathroom. - Reddit,https://news.google.com/rss/articles/CBMiqAFBVV95cUxOQVJua0lPV0RDUE5ibFdaLU9qQWExVGQ3UmFZT1BoU2FJWG43cUhEOWFLT2JsV1pSYzZzUHlrejZHYUc2QmFlYWlseXB4ODBYaGE2bVdRUFFsZk5nZ3Q3WWViQ3ppQ3F3RS1tamMxaHVxcTdQek5VX1RyWUZybm1fYU1kSVhqQkZKVTN6N0NsbThhMmR5c0dnUFdaaXRvS1hYVy1za0JMYlE?oc=5
RSS_CBMipAFBVV95cUxQZGJCLWQycV9ybTB6ZXZ4Z2VtVEV1bFZrYWxGVUNGNmdUeVhoOGIwblVjVXFsT0xrUEFsTmxCdVJyNXNib2JOM2VNeHEwU1ZEQjBEQ0hqc1BoUEp5cVhEekhuUDg5OWZoMXhVUXFocUJJMXI4SE0zb2c1c1lZTlBJZDJyNlo1eE10cmxSM25jSzhtXzhZUmxFNXlZN0J2VWpsdVlUZA,r/HomeImprovement,Havells,Homebuilder / Designer,4,Thoughts on dimmer switches ? Gradual-on lights? - Reddit,https://news.google.com/rss/articles/CBMipAFBVV95cUxQZGJCLWQycV9ybTB6ZXZ4Z2VtVEV1bFZrYWxGVUNGNmdUeVhoOGIwblVjVXFsT0xrUEFsTmxCdVJyNXNib2JOM2VNeHEwU1ZEQjBEQ0hqc1BoUEp5cVhEekhuUDg5OWZoMXhVUXFocUJJMXI4SE0zb2c1c1lZTlBJZDJyNlo1eE10cmxSM25jSzhtXzhZUmxFNXlZN0J2VWpsdVlUZA?oc=5
RSS_CBMiqwFBVV95cUxPY0dvbklRM2JqWVhleVNkYjlncTlhM2pyS1pIMlR3NWoycUJ0NnBucUJzSFlvVzJSMlo4c0xfUXRDeUotMzJqLVhWWlh1TVZzUzQ0VTJuTXdWZkNFRzNlMlhTY04zRG9XZ1Y2OUFRSzBYRG9aU3k0elhUbTZKVG0xSFNZTzY1VXZIS0RMZXlVYklkMnJLcG1YZmxSc1NzRVdlTmswaWhuWXZJT1U,r/HomeImprovement,Havells,Homebuilder / Designer,4,Light switch B only works when light switch A is on - Reddit,https://news.google.com/rss/articles/CBMiqwFBVV95cUxPY0dvbklRM2JqWVhleVNkYjlncTlhM2pyS1pIMlR3NWoycUJ0NnBucUJzSFlvVzJSMlo4c0xfUXRDeUotMzJqLVhWWlh1TVZzUzQ0VTJuTXdWZkNFRzNlMlhTY04zRG9XZ1Y2OUFRSzBYRG9aU3k0elhUbTZKVG0xSFNZTzY1VXZIS0RMZXlVYklkMnJLcG1YZmxSc1NzRVdlTmswaWhuWXZJT1U?oc=5
RSS_CBMiqgFBVV95cUxOSkZ0dTh5NUdQQzl4Y0pZd0swdUlubXh4V0REZVdrcVAzS1YtRVpRWXNTUHBVc1VWRUJLMXd0RE4ySHV5OFUzQzZCVkYwRnc1V2xNMFlOeUtxaE9wYUhYNUFHNXFUbU9nMEVuR3cyNDdJMXR6NktDcC0zbnRYUk9CbGFwR1d4TURxckZCX3BRaFRId29qZmhRcUw0cGVSZEdvUFZfRks5WDgydw,r/HomeImprovement,Havells,Homebuilder / Designer,4,Is electric oven with induction cooktop range a thing? How many amp circuit? - Reddit,https://news.google.com/rss/articles/CBMiqgFBVV95cUxOSkZ0dTh5NUdQQzl4Y0pZd0swdUlubXh4V0REZVdrcVAzS1YtRVpRWXNTUHBVc1VWRUJLMXd0RE4ySHV5OFUzQzZCVkYwRnc1V2xNMFlOeUtxaE9wYUhYNUFHNXFUbU9nMEVuR3cyNDdJMXR6NktDcC0zbnRYUk9CbGFwR1d4TURxckZCX3BRaFRId29qZmhRcUw0cGVSZEdvUFZfRks5WDgydw?oc=5
RSS_CBMiqwFBVV95cUxPS1JfSVZOUWFEeVNSQW1BYl9zUkdrZENlV2VHTWpWcnV0aFEyY2dnd2s2NmY2aTNpWFlybmt6TGNlelAyNVJ5b3RBSkVRekU0Tm9jSWg3dkM5aDM3QTlrcVh2NWdObWlkdHRwcV9JRThpSkI3TnBBZDdWVGFDYzBRd1Z0TmZqSGNoWGFkNlVZcHd5cTVYY1lqUWQwN0pWYy1QNTFLOGoyNnFzRE0,r/HomeImprovement,Havells,Homebuilder / Designer,4,I forever lost the ceiling fan remote weeks ago. I can’t turn it off without it. How am I supposed to deal with it? - Reddit,https://news.google.com/rss/articles/CBMiqwFBVV95cUxPS1JfSVZOUWFEeVNSQW1BYl9zUkdrZENlV2VHTWpWcnV0aFEyY2dnd2s2NmY2aTNpWFlybmt6TGNlelAyNVJ5b3RBSkVRekU0Tm9jSWg3dkM5aDM3QTlrcVh2NWdObWlkdHRwcV9JRThpSkI3TnBBZDdWVGFDYzBRd1Z0TmZqSGNoWGFkNlVZcHd5cTVYY1lqUWQwN0pWYy1QNTFLOGoyNnFzRE0?oc=5
RSS_CBMiogFBVV95cUxNVVBkOGpRUnU5U1BVM2ZPYm0xNWFWSE8teUlSbFM3elM5TUpINTJXREI4SXljU2lqM2duc29WdDZsZ3otaXhfNkFDTGpMd0lpdFUyeXJYWlZtRVFtcXRITHpISmJWenlRWTdLMHc1MXFLckJQZlJDZnY2LXFWWjhKd0VRdHdQMzFadV9WaWh1SndET0xJWEVER1NFXzhoemx4dHc,r/HomeImprovement,Havells,Homebuilder / Designer,4,Will this circuit be sufficient for a new induction cooktop? - Reddit,https://news.google.com/rss/articles/CBMiogFBVV95cUxNVVBkOGpRUnU5U1BVM2ZPYm0xNWFWSE8teUlSbFM3elM5TUpINTJXREI4SXljU2lqM2duc29WdDZsZ3otaXhfNkFDTGpMd0lpdFUyeXJYWlZtRVFtcXRITHpISmJWenlRWTdLMHc1MXFLckJQZlJDZnY2LXFWWjhKd0VRdHdQMzFadV9WaWh1SndET0xJWEVER1NFXzhoemx4dHc?oc=5
RSS_CBMimAFBVV95cUxNMUlqY1V0UE93VTRrNnNpdjlCbnU5SmFjbEVNdWMwQWJjNXEzQmY0OGNoQTNfNDllSDd6TjRxZUVwRlBaSkx2UlZHbHBzaGkyRTdrN1o5bUlCSTkxUWVOTkUxTERmUGtrVDBaOGRrdkpGdENLRVRXSHphbkRkdjF5bjkwdlZWNHZHLUNlRjhUWmIwaXhHdy1LMw,r/HomeImprovement,Havells,Homebuilder / Designer,4,Fun with electrical in a 1938 house - Reddit,https://news.google.com/rss/articles/CBMimAFBVV95cUxNMUlqY1V0UE93VTRrNnNpdjlCbnU5SmFjbEVNdWMwQWJjNXEzQmY0OGNoQTNfNDllSDd6TjRxZUVwRlBaSkx2UlZHbHBzaGkyRTdrN1o5bUlCSTkxUWVOTkUxTERmUGtrVDBaOGRrdkpGdENLRVRXSHphbkRkdjF5bjkwdlZWNHZHLUNlRjhUWmIwaXhHdy1LMw?oc=5
RSS_CBMiqAFBVV95cUxNa1FLYU56S0hmUDB5U3NUUE1Ta0pqWHpMRXcxUkxtUTV4bVFleklFUV9tOURXdUhMdDkxOTB6ZUMwV3pzV1lXRlNSZUpBOW5MV3BkNXZvNUgzX0hkSFNDNjQ2VkRyZlNaS2pmSUxpMm9pMUo2NlFYSy1XR1R5VFh5LTZSVmRXU2VpUzBLTDhsSHE0Vzdhb0VMWlBwMWdQaFU3OTY2bllEMDk,r/HomeImprovement,Havells,Homebuilder / Designer,4,I bought a house and the circuits make no sense. Garage is on same circuit as some bedrooms and a hallway closet. Is it worth it to have it re run for any reason? - Reddit,https://news.google.com/rss/articles/CBMiqAFBVV95cUxNa1FLYU56S0hmUDB5U3NUUE1Ta0pqWHpMRXcxUkxtUTV4bVFleklFUV9tOURXdUhMdDkxOTB6ZUMwV3pzV1lXRlNSZUpBOW5MV3BkNXZvNUgzX0hkSFNDNjQ2VkRyZlNaS2pmSUxpMm9pMUo2NlFYSy1XR1R5VFh5LTZSVmRXU2VpUzBLTDhsSHE0Vzdhb0VMWlBwMWdQaFU3OTY2bllEMDk?oc=5
RSS_CBMiqAFBVV95cUxNajc3Y2lJcUVSXzZ1eHhPVHJNRmRMRUlSSVdTbWMtOVBXN0MwTHVuQUI4UEFfTWR1RVdQMDBuT3RCSVlwNzdweDJwcVJKcENHR1F6TFVXOHZ3RmdiQ3RYQzlKZm1ZNXdrRzM5S0JaM3hPUmZGUDBpU0plY2piTlBvVzN4VmhEbENCTUJUdXV0NU9MalVKSjBlQXVybGdjZzJ4NGRaSFdzS0M,r/HomeImprovement,Havells,Homebuilder / Designer,4,Circuit Breaker Is Suddenly Tripping Repeatedly During Regular Use - Reddit,https://news.google.com/rss/articles/CBMiqAFBVV95cUxNajc3Y2lJcUVSXzZ1eHhPVHJNRmRMRUlSSVdTbWMtOVBXN0MwTHVuQUI4UEFfTWR1RVdQMDBuT3RCSVlwNzdweDJwcVJKcENHR1F6TFVXOHZ3RmdiQ3RYQzlKZm1ZNXdrRzM5S0JaM3hPUmZGUDBpU0plY2piTlBvVzN4VmhEbENCTUJUdXV0NU9MalVKSjBlQXVybGdjZzJ4NGRaSFdzS0M?oc=5
RSS_CBMiqwFBVV95cUxPeXNUTXRaWllXN0dlRHh6WEt2NUc1bDhKR1VpZTgySGRKSW4zVmpiclNrN2hIOE96M1ZkYUN2ZlNQdFV5VXhES1pnak5hVWhXM3N6TFNpWTgtYzVvSXM0Z2RzYnNkb1YyaVN1ck1MUkhTQTE1X1lVQlVyc09DYUJDZFJOQVRsOVdtY0wzbEsxcjh2T1FtdlUxRlYtUVBORTF4bzN4QzA0VWJ3cVU,r/HomeImprovement,Havells,Homebuilder / Designer,4,Any DIY experiences adding a new circuit breaker? - Reddit,https://news.google.com/rss/articles/CBMiqwFBVV95cUxPeXNUTXRaWllXN0dlRHh6WEt2NUc1bDhKR1VpZTgySGRKSW4zVmpiclNrN2hIOE96M1ZkYUN2ZlNQdFV5VXhES1pnak5hVWhXM3N6TFNpWTgtYzVvSXM0Z2RzYnNkb1YyaVN1ck1MUkhTQTE1X1lVQlVyc09DYUJDZFJOQVRsOVdtY0wzbEsxcjh2T1FtdlUxRlYtUVBORTF4bzN4QzA0VWJ3cVU?oc=5
RSS_CBMiowFBVV95cUxOUXBfd1VHb2lDb1E5LWRmci1CVHQ1eGVmRWFKdUdPVXh0YVhic2ZMSllNZ1RmU01NNjNKUW5tVk9hUm1NQk1waUxoNl96aEZidmtrS2lQNzFqSGZ5QTA3MllsTlNCa3lIUXFDZHhGUVlBbWVNYTJ2QkN6aThXUGNfczlnbll4WEZZLUJmV0ViczRKa2gtMWVWa0dIVWx4RHhlcHpv,r/HomeImprovement,Havells,Homebuilder / Designer,4,No identifiable switches in breaker box for kitchen upstairs or bedroom but everything goes off when main switch is flipped - Reddit,https://news.google.com/rss/articles/CBMiowFBVV95cUxOUXBfd1VHb2lDb1E5LWRmci1CVHQ1eGVmRWFKdUdPVXh0YVhic2ZMSllNZ1RmU01NNjNKUW5tVk9hUm1NQk1waUxoNl96aEZidmtrS2lQNzFqSGZ5QTA3MllsTlNCa3lIUXFDZHhGUVlBbWVNYTJ2QkN6aThXUGNfczlnbll4WEZZLUJmV0ViczRKa2gtMWVWa0dIVWx4RHhlcHpv?oc=5
RSS_CBMioAFBVV95cUxNWHpVT05iMnFZMS1MZVBlNkJ0dWRhMkNJay1fX0hJMUNjdU5jdVNYa3ZLMnUtOWlNVDVJRWdRTEI1aXk4MDhnaEZ3c25YazV4TWd1a2pYR3d1S1FzcWRFQ0JTNkdTZnlrbUlEbm1oWERBTUdoR0pvWnQyX2xLVHBZX0QxcDhOMFJCcjIxU3NnNmxNUXlxTWN1aHowNjE5TjFz,r/HomeImprovement,Havells,Homebuilder / Designer,4,Is it wise to paint light switches/outlets? - Reddit,https://news.google.com/rss/articles/CBMioAFBVV95cUxNWHpVT05iMnFZMS1MZVBlNkJ0dWRhMkNJay1fX0hJMUNjdU5jdVNYa3ZLMnUtOWlNVDVJRWdRTEI1aXk4MDhnaEZ3c25YazV4TWd1a2pYR3d1S1FzcWRFQ0JTNkdTZnlrbUlEbm1oWERBTUdoR0pvWnQyX2xLVHBZX0QxcDhOMFJCcjIxU3NnNmxNUXlxTWN1aHowNjE5TjFz?oc=5
RSS_CBMiqgFBVV95cUxNMkZNTjA1WWY4RV9wT3pHR1lqTmVJamJxbG9XNjA1TklvelhYZXNIYTVjaHpiTlBnSlB2XzdCcVc5ZVlDem0yRkhNcm1NWkUzWTMzVnRxWENxaVM2TUdiclZlOGFnYjBoSk8zQUhDVFpXMldXTWxLRnFJV2s4TkhDLXQ0NHpsTTBycm9SMzRzVUJhLXk5dEN0ZjlFZjZVX2xvUWhOUUFRTVNKQQ,r/HomeImprovement,Havells,Homebuilder / Designer,4,Anything special to know before adding a support jack? - Reddit,https://news.google.com/rss/articles/CBMiqgFBVV95cUxNMkZNTjA1WWY4RV9wT3pHR1lqTmVJamJxbG9XNjA1TklvelhYZXNIYTVjaHpiTlBnSlB2XzdCcVc5ZVlDem0yRkhNcm1NWkUzWTMzVnRxWENxaVM2TUdiclZlOGFnYjBoSk8zQUhDVFpXMldXTWxLRnFJV2s4TkhDLXQ0NHpsTTBycm9SMzRzVUJhLXk5dEN0ZjlFZjZVX2xvUWhOUUFRTVNKQQ?oc=5
RSS_CBMiqwFBVV95cUxOZGNBRTRiQWVnczNhejA1NmQwMGRNQVRodU9HeEJXaWx5Y0JuVjJWV1R3OEJVaXhQMTRvMjNaNWJMSkZMejhaY0xaekhVUGNfdHVsN1oybWVabXBtaUN5QU9WQTE4T2ZGYS1oVFZIWTFnT210ZF84aUJJai00dFp2dHBqb01XWU4tdmdaMVhvSXl0QmFwSklrcVNIZ2FYd2ZFZXpWTG9VcTZmQ2s,r/HomeImprovement,Havells,Homebuilder / Designer,4,How do I use a multimeter to check if electricity is running through a metal light switch cover? - Reddit,https://news.google.com/rss/articles/CBMiqwFBVV95cUxOZGNBRTRiQWVnczNhejA1NmQwMGRNQVRodU9HeEJXaWx5Y0JuVjJWV1R3OEJVaXhQMTRvMjNaNWJMSkZMejhaY0xaekhVUGNfdHVsN1oybWVabXBtaUN5QU9WQTE4T2ZGYS1oVFZIWTFnT210ZF84aUJJai00dFp2dHBqb01XWU4tdmdaMVhvSXl0QmFwSklrcVNIZ2FYd2ZFZXpWTG9VcTZmQ2s?oc=5
RSS_CBMiogFBVV95cUxNUFY0X1ZBbHZ4M180bnlsNFJNS05YMDV1Xy0yVHYzVmc2dFNma3VPRDlXb29WbHA4c3pUOE5RdmhrQU9ieks1RGpMTUZRWWYtX21YS2U4NkFPS0xqOENwdmVVV0Y1TUNtUlRvdjBaNjVLYUhjT3pRd1V4OVZDTk9FMjlRWTVQc2RTeXZqZlM2YVRJaGtHZmRfcnU1bFZ6ZVU3Snc,r/HomeImprovement,Havells,Homebuilder / Designer,4,Odd crackling behind circuit breaker panel - Reddit,https://news.google.com/rss/articles/CBMiogFBVV95cUxNUFY0X1ZBbHZ4M180bnlsNFJNS05YMDV1Xy0yVHYzVmc2dFNma3VPRDlXb29WbHA4c3pUOE5RdmhrQU9ieks1RGpMTUZRWWYtX21YS2U4NkFPS0xqOENwdmVVV0Y1TUNtUlRvdjBaNjVLYUhjT3pRd1V4OVZDTk9FMjlRWTVQc2RTeXZqZlM2YVRJaGtHZmRfcnU1bFZ6ZVU3Snc?oc=5
RSS_CBMiqwFBVV95cUxOUjhPUThXOWdJNVoyM2dBNFhRa1lCTUt1ZlFGSl9yOW1ZVldSc19QT3JTMnB4ZFZKUW83ZWk3RGNGZEYzbFRmZWY2V3p5NlpQcVc2b2cycU5Zd2gtNE4yZUlVUmdGQzlabUpUMmt2VzR2QmVYa0c5UldFWnFLT25zbzV4Yld0SnV2QkRrM2Z2UXUzNHU2U2pRSThiU2pIWGQzS28zelh2Z0l0WU0,r/HomeImprovement,Havells,Homebuilder / Designer,4,Can I drill holes on side of electrical box or do I have to use the prefabbed holes? - Reddit,https://news.google.com/rss/articles/CBMiqwFBVV95cUxOUjhPUThXOWdJNVoyM2dBNFhRa1lCTUt1ZlFGSl9yOW1ZVldSc19QT3JTMnB4ZFZKUW83ZWk3RGNGZEYzbFRmZWY2V3p5NlpQcVc2b2cycU5Zd2gtNE4yZUlVUmdGQzlabUpUMmt2VzR2QmVYa0c5UldFWnFLT25zbzV4Yld0SnV2QkRrM2Z2UXUzNHU2U2pRSThiU2pIWGQzS28zelh2Z0l0WU0?oc=5
RSS_CBMipgFBVV95cUxPam83NE5EQU5ZV0RJZWtvbzROc3g1aV9zUVd4Y05tRGZlaXpIckRiaDVvQ2VQNUEzLWdZT01XQ3JIQmo2MU9obi16RkZsUE9Pc2ZrTnhRX2lYUnRjMm51djFVUXFuSWpWdk9DVTFNOFlpcUtmbXF0bnJnTmVSTTh4dWcxQmo0aExCWTBFeWI5Rm1rWGF3QThtTG9Pei1zQmlzMUoxOVNB,r/HomeImprovement,Havells,Homebuilder / Designer,4,Water is dripping from the electrical conduit leading to my well tank pressure switch - Reddit,https://news.google.com/rss/articles/CBMipgFBVV95cUxPam83NE5EQU5ZV0RJZWtvbzROc3g1aV9zUVd4Y05tRGZlaXpIckRiaDVvQ2VQNUEzLWdZT01XQ3JIQmo2MU9obi16RkZsUE9Pc2ZrTnhRX2lYUnRjMm51djFVUXFuSWpWdk9DVTFNOFlpcUtmbXF0bnJnTmVSTTh4dWcxQmo0aExCWTBFeWI5Rm1rWGF3QThtTG9Pei1zQmlzMUoxOVNB?oc=5
RSS_CBMiowFBVV95cUxOcW1oMXlDLTBWaWJKRFVNdWZfUkplc05Mb0xscWJMa3NBOUZweEFYLUUzZXh4MU4wQXBoam00NXg2WmVKZkJXVmZQUFkyUklEOWxYeVV0bndGN0pfTnU5UjlZVHlKV3FkTTk3SEN2NUlSZk1zODh3NHp0dEx1ZEhkU0gxTllrQU1ZZThlUHY3YTFjWVlqOFVKOWU3UDJzZ2lESi1J,r/HomeImprovement,Havells,Homebuilder / Designer,4,"Pipes froze, run right along foundation wall - Reddit",https://news.google.com/rss/articles/CBMiowFBVV95cUxOcW1oMXlDLTBWaWJKRFVNdWZfUkplc05Mb0xscWJMa3NBOUZweEFYLUUzZXh4MU4wQXBoam00NXg2WmVKZkJXVmZQUFkyUklEOWxYeVV0bndGN0pfTnU5UjlZVHlKV3FkTTk3SEN2NUlSZk1zODh3NHp0dEx1ZEhkU0gxTllrQU1ZZThlUHY3YTFjWVlqOFVKOWU3UDJzZ2lESi1J?oc=5
RSS_CBMioAFBVV95cUxOUFUxSG9SLTh4d1pUT3FxM3g4MnJPT2wwcEJMVnRzenJyeG9zMUl0dGd6WmFQd1Z3c2hWOFF5UVVfQlRZQVlBMmhEYXI3VC0ydlNqN3JicmlzUXhjdWFZcVlrbExKVU5mX3g2Zm15Z0hNcXpPV3cyNkgxY2VoNHNvX0RWTTR5UVoydjhMZzF0LVpSVEtWRDZ2THljdlNKV2JP,r/HomeImprovement,Havells,Homebuilder / Designer,4,How to disable Leviton auto-on lightswitch? - Reddit,https://news.google.com/rss/articles/CBMioAFBVV95cUxOUFUxSG9SLTh4d1pUT3FxM3g4MnJPT2wwcEJMVnRzenJyeG9zMUl0dGd6WmFQd1Z3c2hWOFF5UVVfQlRZQVlBMmhEYXI3VC0ydlNqN3JicmlzUXhjdWFZcVlrbExKVU5mX3g2Zm15Z0hNcXpPV3cyNkgxY2VoNHNvX0RWTTR5UVoydjhMZzF0LVpSVEtWRDZ2THljdlNKV2JP?oc=5
RSS_CBMifEFVX3lxTE9nX3lBTVFMRlNiOTBXZThFUlI4SC00eTc1OEVvOEdHUmlpelFoaTBNc2QxR2NnREp6SzB5dzlUcWxMV0RLY1E2Yzd6TEZJUlhDRmVHUkppa3JFeGdFMWJLZ2RMRUxzal9aNWRobUJ3bEhhTExBQTNzamZ0YkQ,r/HomeImprovement,Havells,Homebuilder / Designer,4,Wet sill plate - Reddit,https://news.google.com/rss/articles/CBMifEFVX3lxTE9nX3lBTVFMRlNiOTBXZThFUlI4SC00eTc1OEVvOEdHUmlpelFoaTBNc2QxR2NnREp6SzB5dzlUcWxMV0RLY1E2Yzd6TEZJUlhDRmVHUkppa3JFeGdFMWJLZ2RMRUxzal9aNWRobUJ3bEhhTExBQTNzamZ0YkQ?oc=5
RSS_CBMinwFBVV95cUxQcVNqeVpDU042RXB1OXc5RWszNmpqd0dsUENva2NETFc3NG9kZTBrNFRjZnFYbTc5YjFpdUVIWll0MXlDQ1Y1WDFFVnMwejZsYXgzWDVDOUVURUliUDVNaXZZazRzS0ZzenN6MnlWUnVZVWlSQUcwV1VBeWo0ODdFM1NCU3lBNmUyaDQ1a1FpR2pLU3ltYXIzekZCUWFTc28,r/HomeImprovement,Havells,Homebuilder / Designer,4,Updating kitchen. How do you move/run new electrical wiring without removing down to the studs? - Reddit,https://news.google.com/rss/articles/CBMinwFBVV95cUxQcVNqeVpDU042RXB1OXc5RWszNmpqd0dsUENva2NETFc3NG9kZTBrNFRjZnFYbTc5YjFpdUVIWll0MXlDQ1Y1WDFFVnMwejZsYXgzWDVDOUVURUliUDVNaXZZazRzS0ZzenN6MnlWUnVZVWlSQUcwV1VBeWo0ODdFM1NCU3lBNmUyaDQ1a1FpR2pLU3ltYXIzekZCUWFTc28?oc=5
RSS_CBMimwFBVV95cUxNVm1IeVBFR3FaNzB3anJ1b3FlcnhLemlvZkdIeExUOTJ0bl9GM3RQZ1BMZDJpa1hBOGsxanZmVnl5UF9XZVBjLVdlcVk1bEpzdzNKTU03dTJTY0tXMmI2MVJfOTNkV1o1czFSSjVZaldwZnZtdUVJQV9RNzRqSHBsbzBEN0dDUFd6U0RqbUhFdkU4aFhPY3FobEtFdw,r/HomeImprovement,GM,Homebuilder / Designer,4,200A panel upgrade: Aluminum vs Copper? - Reddit,https://news.google.com/rss/articles/CBMimwFBVV95cUxNVm1IeVBFR3FaNzB3anJ1b3FlcnhLemlvZkdIeExUOTJ0bl9GM3RQZ1BMZDJpa1hBOGsxanZmVnl5UF9XZVBjLVdlcVk1bEpzdzNKTU03dTJTY0tXMmI2MVJfOTNkV1o1czFSSjVZaldwZnZtdUVJQV9RNzRqSHBsbzBEN0dDUFd6U0RqbUhFdkU4aFhPY3FobEtFdw?oc=5
RSS_CBMiowFBVV95cUxOSm1XOThtM09YdnpiQWVzY1BFX3pYWWlMNVBaMnJhaC1wMVNHcERQV01fMi14SnVSSkRpYkZmcDJaSnpRYW9ycnFteXJzUi1fUG1UTlFCSDNFODZFM1NXWUk4V2tFRm9mYmlxTzhpY0RsWHduS3AtdFJ4LVBIM2hsN2N6dk93ZkU2RU5YdWNydml3dGV4VGR4cktNOXpGNXp4RUVR,r/HomeImprovement,Havells,Homebuilder / Designer,4,Office shed with portable battery generator - Reddit,https://news.google.com/rss/articles/CBMiowFBVV95cUxOSm1XOThtM09YdnpiQWVzY1BFX3pYWWlMNVBaMnJhaC1wMVNHcERQV01fMi14SnVSSkRpYkZmcDJaSnpRYW9ycnFteXJzUi1fUG1UTlFCSDNFODZFM1NXWUk4V2tFRm9mYmlxTzhpY0RsWHduS3AtdFJ4LVBIM2hsN2N6dk93ZkU2RU5YdWNydml3dGV4VGR4cktNOXpGNXp4RUVR?oc=5
RSS_CBMipgFBVV95cUxOZktXQlc4aUU2WlUxYW9RNThvNTZfU0ZEdTh0SXltLTNqdXprdFY0ZjQ3LUVpdWk4cU1NeFFPTzk3cFJzVjNXcFRlQm9PNDVMMXYxVlF6cUNKQ2J4aXRJcjNrLWo4LUF2c0l6Nk05TllveXNsVXVoNm1ESVB4bzhoa1dPUDk3cGFTOVZUblJJcHQ3OWZBbEpZNGszanNKUmtGODlRaW9R,r/HomeImprovement,Havells,Homebuilder / Designer,4,Ceiling fan with remote but also connected to wall switch - Reddit,https://news.google.com/rss/articles/CBMipgFBVV95cUxOZktXQlc4aUU2WlUxYW9RNThvNTZfU0ZEdTh0SXltLTNqdXprdFY0ZjQ3LUVpdWk4cU1NeFFPTzk3cFJzVjNXcFRlQm9PNDVMMXYxVlF6cUNKQ2J4aXRJcjNrLWo4LUF2c0l6Nk05TllveXNsVXVoNm1ESVB4bzhoa1dPUDk3cGFTOVZUblJJcHQ3OWZBbEpZNGszanNKUmtGODlRaW9R?oc=5
RSS_CBMihwFBVV95cUxOSDd0bE5KcWpKS0YxZTg1dEM4NzByTlFmNXRWNldOTVZLSHJVdlJteURVNmZ6ZkFmaEx0MXoyN05tbkNpdDFQODZkV0x4cU1oOUtKQjhCb3dkVGliSDdiRVFPem5hMDBpdFdLZHZSZDBjWDg3OXFjNTNna2FoTU9mUGdLRFJKbk0,r/HomeImprovement,Havells,Homebuilder / Designer,4,Tools for duct mapping? - Reddit,https://news.google.com/rss/articles/CBMihwFBVV95cUxOSDd0bE5KcWpKS0YxZTg1dEM4NzByTlFmNXRWNldOTVZLSHJVdlJteURVNmZ6ZkFmaEx0MXoyN05tbkNpdDFQODZkV0x4cU1oOUtKQjhCb3dkVGliSDdiRVFPem5hMDBpdFdLZHZSZDBjWDg3OXFjNTNna2FoTU9mUGdLRFJKbk0?oc=5
RSS_CBMinAFBVV95cUxNa3MzeGN2QkZzdGtMemFGR0NPeFJTdzV4NEpab0RwOXNxZ1ZMSXlNeC1qUFdobHY4V09LUl8tM2dfYmpVVmZkcGRkb3RFU01HWThoNjhBQ0c1cjh2eWFDcUt6UldGZzltN1FyRDJ5cXVBM29NY3JTdl93S1JQck8ycFRUd05namhnaW0tRFVFcFc5R0lTYS1aTnRjVGY,r/HomeImprovement,Havells,Homebuilder / Designer,4,Outdoor spigot ball valve stuck closed - Reddit,https://news.google.com/rss/articles/CBMinAFBVV95cUxNa3MzeGN2QkZzdGtMemFGR0NPeFJTdzV4NEpab0RwOXNxZ1ZMSXlNeC1qUFdobHY4V09LUl8tM2dfYmpVVmZkcGRkb3RFU01HWThoNjhBQ0c1cjh2eWFDcUt6UldGZzltN1FyRDJ5cXVBM29NY3JTdl93S1JQck8ycFRUd05namhnaW0tRFVFcFc5R0lTYS1aTnRjVGY?oc=5
RSS_CBMiowFBVV95cUxQOXlfdmtjcWl2Y3dkeWFfRVJpYjV1UGc5MUd3SkFwU2Iwa1lOc1c1LXRUcFkzVVhaMHBONWN2TVVCbnN6U3FWNkZxQWVENkhJVTE5dW9SaVphMUI1empYSW9xaUZYazBBbDM0ZjlrQjZnSU44N0ZPcjd3ZzhSNjRPXzR2TzdRRkVrQU5BdEtXcHJjUTBpWXVYNjB2OGpnRERpbnRN,r/HomeImprovement,Havells,Homebuilder / Designer,4,"Contractor said there are two electric main switch boards in the house, where is the second one usually? - Reddit",https://news.google.com/rss/articles/CBMiowFBVV95cUxQOXlfdmtjcWl2Y3dkeWFfRVJpYjV1UGc5MUd3SkFwU2Iwa1lOc1c1LXRUcFkzVVhaMHBONWN2TVVCbnN6U3FWNkZxQWVENkhJVTE5dW9SaVphMUI1empYSW9xaUZYazBBbDM0ZjlrQjZnSU44N0ZPcjd3ZzhSNjRPXzR2TzdRRkVrQU5BdEtXcHJjUTBpWXVYNjB2OGpnRERpbnRN?oc=5
RSS_CBMilgFBVV95cUxQRHFWWkVuVTdOdVF2SmFnM3lqUWJDX29ZUTg3YW5MZHNaaWZkRUd1UDJqNk9xZ2pVSkQ5a2RBOGpfanhHVUdUOGpKMENIZFNiS2VENzFLdzRmbG82WE5aMUhSbHpoVEJSU2lkTE9XQ0YzeFYwOXNYVGg3WElXRWVOaWpEZDFGaE1SdzB4NVJjcWsyZmpxQmc,r/HomeImprovement,Havells,Homebuilder / Designer,4,Replace oven control board or not? - Reddit,https://news.google.com/rss/articles/CBMilgFBVV95cUxQRHFWWkVuVTdOdVF2SmFnM3lqUWJDX29ZUTg3YW5MZHNaaWZkRUd1UDJqNk9xZ2pVSkQ5a2RBOGpfanhHVUdUOGpKMENIZFNiS2VENzFLdzRmbG82WE5aMUhSbHpoVEJSU2lkTE9XQ0YzeFYwOXNYVGg3WElXRWVOaWpEZDFGaE1SdzB4NVJjcWsyZmpxQmc?oc=5
RSS_CBMiqgFBVV95cUxNbTZVUGMwSUpaOHNmSVh1WmpHN0d2bzlqbDRESFBVazhoSExZcGpYcmNVVUFjOHREdXZIbloyMllRUFRWalE5VHd1MkJCVzdkOTE0c2dpUFVKZW5xQzdwY1J6YVoyaEM4SWhPajVjRzNTY1BKTlhxTkJzZnJhT1ZzTEFybmtVeUVRbzBabzVuenNjaHFVOXBUYmRnc0IwRVRYcm9ZQ0hSODVEUQ,r/HomeImprovement,GM,Homebuilder / Designer,4,Should I be concerned about a steel braided hose connected to an outdoor faucet freezing? - Reddit,https://news.google.com/rss/articles/CBMiqgFBVV95cUxNbTZVUGMwSUpaOHNmSVh1WmpHN0d2bzlqbDRESFBVazhoSExZcGpYcmNVVUFjOHREdXZIbloyMllRUFRWalE5VHd1MkJCVzdkOTE0c2dpUFVKZW5xQzdwY1J6YVoyaEM4SWhPajVjRzNTY1BKTlhxTkJzZnJhT1ZzTEFybmtVeUVRbzBabzVuenNjaHFVOXBUYmRnc0IwRVRYcm9ZQ0hSODVEUQ?oc=5
RSS_CBMiqAFBVV95cUxNX1FEUVJRcE9RaVNfMkZzRi0xQ0hGaGhYNGF1bGtxanBmaGJMUGtJNW9JbkIwSDU4Z01ERjc5bU9uQk9FUTBSR09FZENJa1lBMTEwbWFpczVyajJjUG1JU05rbDlHRHBrTGk0LUE0Q1BFVlZUaUVFUXcwSThrci10T0d5LU9kMWVYckhoWnFYYm1nYjlHMHVBamZzZzllR1Q2eVZxVDAtdGU,r/HomeImprovement,Havells,Homebuilder / Designer,4,How do I properly insulate around my main fuse panel? - Reddit,https://news.google.com/rss/articles/CBMiqAFBVV95cUxNX1FEUVJRcE9RaVNfMkZzRi0xQ0hGaGhYNGF1bGtxanBmaGJMUGtJNW9JbkIwSDU4Z01ERjc5bU9uQk9FUTBSR09FZENJa1lBMTEwbWFpczVyajJjUG1JU05rbDlHRHBrTGk0LUE0Q1BFVlZUaUVFUXcwSThrci10T0d5LU9kMWVYckhoWnFYYm1nYjlHMHVBamZzZzllR1Q2eVZxVDAtdGU?oc=5
RSS_CBMiqwFBVV95cUxPcGwtMHpZUjg2aTlGTVoxRWpLMTZPazFpbUhPdDVnVmVnelBGeWY3LXBtWks0X2hEZTVJQ0FKZUNfRjNRdElRVm1ZMG50VVRFRi1GTlZSOEUzLVZ1X19FY1dxVXg4RE1JYVBfbjFYYnVoSkdlNHNiUXBLVThCZDRNd1Y2U1QwT1prVWFsUFJBd3J4VUxKT0R2U0hqVk1TZWZ4MFVweDRXbGhBV3c,r/HomeImprovement,Havells,Homebuilder / Designer,4,How should I seal around an external switchboard - Reddit,https://news.google.com/rss/articles/CBMiqwFBVV95cUxPcGwtMHpZUjg2aTlGTVoxRWpLMTZPazFpbUhPdDVnVmVnelBGeWY3LXBtWks0X2hEZTVJQ0FKZUNfRjNRdElRVm1ZMG50VVRFRi1GTlZSOEUzLVZ1X19FY1dxVXg4RE1JYVBfbjFYYnVoSkdlNHNiUXBLVThCZDRNd1Y2U1QwT1prVWFsUFJBd3J4VUxKT0R2U0hqVk1TZWZ4MFVweDRXbGhBV3c?oc=5
RSS_CBMiigFBVV95cUxPalhtbXEwTmtJQnF1dXhnNjdLa2RlajdfZVpCcV9sZ3lBMWNiNE9QVlliRF82Qzc1MTRya0JWMmdZT1FTUGpVM2J5bmN6aUtyZFg5dmwwWFpwMS1LNUx2MERNcWRiZkJTQmxlcU5xWS1CNUhsZWRGQ3kwX25OU19GcUhuLVhhUll3RUE,r/HomeImprovement,Havells,Homebuilder / Designer,4,How to cut an escutcheon? - Reddit,https://news.google.com/rss/articles/CBMiigFBVV95cUxPalhtbXEwTmtJQnF1dXhnNjdLa2RlajdfZVpCcV9sZ3lBMWNiNE9QVlliRF82Qzc1MTRya0JWMmdZT1FTUGpVM2J5bmN6aUtyZFg5dmwwWFpwMS1LNUx2MERNcWRiZkJTQmxlcU5xWS1CNUhsZWRGQ3kwX25OU19GcUhuLVhhUll3RUE?oc=5
RSS_CBMipwFBVV95cUxPZXI2ODBOQjRUbEw0bERzR055TGxCTF9ZZ195RmlPMTh1T21uZlhLbjJza3kwUlZWLUM0R3RTV05pRUxzR2R1NzExTFBmb2VNUEUyTGJxa3dRRUplTW5mWkJtNkpRWHRoZi1CNHQ1dFBWbTZ2cW16YzBsdTQwc0xjU2FIT191SlZUTWZ2djczdW5yY25GZUFvMHFuRlVKc0V0Qk9DQVk0RQ,r/HomeImprovement,Havells,Homebuilder / Designer,4,Smart thermostat blows fuse on furnace control board - Reddit,https://news.google.com/rss/articles/CBMipwFBVV95cUxPZXI2ODBOQjRUbEw0bERzR055TGxCTF9ZZ195RmlPMTh1T21uZlhLbjJza3kwUlZWLUM0R3RTV05pRUxzR2R1NzExTFBmb2VNUEUyTGJxa3dRRUplTW5mWkJtNkpRWHRoZi1CNHQ1dFBWbTZ2cW16YzBsdTQwc0xjU2FIT191SlZUTWZ2djczdW5yY25GZUFvMHFuRlVKc0V0Qk9DQVk0RQ?oc=5
RSS_CBMipwFBVV95cUxNamFNcXpfbTlaNXBkUUZEcFRuZFgzQlBKcXN0VUwtZ3hNcmpOZ1c3ejNPakFNczdOUndUaU5GUnpaalFtUThnSTNUOWNVdF92XzdYTVRCZXpHaDhocldnSXNqdjJMOV9PR0hBeXpCMi1OZm9xV3ZTbEZzbzhTNnQwamdjaEJkeDJRSWVzUC1mUGpWNE5qZjN2TEtGNl9ONWtsY1BUSW5WSQ,r/HomeImprovement,Havells,Homebuilder / Designer,4,Should I replace stove control board ($340CAD) or buy a new stove? - Reddit,https://news.google.com/rss/articles/CBMipwFBVV95cUxNamFNcXpfbTlaNXBkUUZEcFRuZFgzQlBKcXN0VUwtZ3hNcmpOZ1c3ejNPakFNczdOUndUaU5GUnpaalFtUThnSTNUOWNVdF92XzdYTVRCZXpHaDhocldnSXNqdjJMOV9PR0hBeXpCMi1OZm9xV3ZTbEZzbzhTNnQwamdjaEJkeDJRSWVzUC1mUGpWNE5qZjN2TEtGNl9ONWtsY1BUSW5WSQ?oc=5
RSS_CBMirAFBVV95cUxNTHV2SDMzS0YzcG5ZOTVRTXJZUXNnb0hwWHZmUTR2ZjFXbjNLczF2My1KY2RNWUlYUXVxSlpsNml6ay1aNDN5V0daVGwzYWd0dTRvczVQZDktQ2QtT044R3REVENRZC1jZjM0RW94NldxQnA0dGk2WFVJTE9tc1RYTnU0OTJnNU9jdWFlVWtuUzk4ZzlXb2ZvaTFISHFMQUFmV3lDRHp5M0tKUVNl,r/HomeImprovement,Havells,Homebuilder / Designer,4,Replacing front door with double doors. Is there a rule of thumb dor LH or RH? - Reddit,https://news.google.com/rss/articles/CBMirAFBVV95cUxNTHV2SDMzS0YzcG5ZOTVRTXJZUXNnb0hwWHZmUTR2ZjFXbjNLczF2My1KY2RNWUlYUXVxSlpsNml6ay1aNDN5V0daVGwzYWd0dTRvczVQZDktQ2QtT044R3REVENRZC1jZjM0RW94NldxQnA0dGk2WFVJTE9tc1RYTnU0OTJnNU9jdWFlVWtuUzk4ZzlXb2ZvaTFISHFMQUFmV3lDRHp5M0tKUVNl?oc=5
RSS_CBMilAFBVV95cUxPSkt2X211VGlyWlFwYU9yNWZjclRPWU12ZUxySVd6YlZNX1FOZEJQLXQ0OXZLeXBrMGNYYkw3bkhqdXUtNUkyRkZ1SUJWZ0NwYWZoNXgyUEZ6ZGN2dHM3VzdNX3I1QnExcWdsT0lOZHplQmFmR3NUbmx0dUxuWVJpNDdBVGJHbldQMlF2aFBmLWFmR092,r/HomeImprovement,Anchor,Homebuilder / Designer,4,Plastic Concrete Anchor Spinning - Reddit,https://news.google.com/rss/articles/CBMilAFBVV95cUxPSkt2X211VGlyWlFwYU9yNWZjclRPWU12ZUxySVd6YlZNX1FOZEJQLXQ0OXZLeXBrMGNYYkw3bkhqdXUtNUkyRkZ1SUJWZ0NwYWZoNXgyUEZ6ZGN2dHM3VzdNX3I1QnExcWdsT0lOZHplQmFmR3NUbmx0dUxuWVJpNDdBVGJHbldQMlF2aFBmLWFmR092?oc=5
RSS_CBMiqwFBVV95cUxQUXEwM3RTallZQ2VJbklhMldYVk1mNXRKRWpSSnNoVmQ4VXpFREZBZHh2bUxXb2VGcnVlVFo3cFBzUm8xRncxY0lzX0toMzF5MERCMGUxM0pURmtuaXV3NjFlVXNvVEdtR1M3NktPUmQ1T2ZaRnQzd3M1NUR6ZWpYUU1GOEY2dnZpOTJkWlhSWFkxSmNOLXVjc3FObWY0SzNXMTRpeWlfS0RoT2c,r/HomeImprovement,Havells,Homebuilder / Designer,4,Can't find breaker switch for wired smoke detector - Reddit,https://news.google.com/rss/articles/CBMiqwFBVV95cUxQUXEwM3RTallZQ2VJbklhMldYVk1mNXRKRWpSSnNoVmQ4VXpFREZBZHh2bUxXb2VGcnVlVFo3cFBzUm8xRncxY0lzX0toMzF5MERCMGUxM0pURmtuaXV3NjFlVXNvVEdtR1M3NktPUmQ1T2ZaRnQzd3M1NUR6ZWpYUU1GOEY2dnZpOTJkWlhSWFkxSmNOLXVjc3FObWY0SzNXMTRpeWlfS0RoT2c?oc=5
RSS_CBMiogFBVV95cUxNczNHYjl4OWUzYjZ0LS1PSDJrMjkyZU9XVE1zVFBocHpxSnUtQTNldnN1Q0FXam94eW1GSWdEVUV0Qm5LRDdhZ3dlN3R4c3hscElKam5fT2JWVVJNUnBCZUY4RDZ5eGJ0M0dpakptM2ItZmxqMGhscEFCdE1KRzVwdlhMZmk5UUJhUzhpQW1DTkpERUgyUUpJbWIxTFV2RUFDU3c,r/HomeImprovement,Havells,Homebuilder / Designer,4,Adding a sprinkler control box to existing electrical circuit - Reddit,https://news.google.com/rss/articles/CBMiogFBVV95cUxNczNHYjl4OWUzYjZ0LS1PSDJrMjkyZU9XVE1zVFBocHpxSnUtQTNldnN1Q0FXam94eW1GSWdEVUV0Qm5LRDdhZ3dlN3R4c3hscElKam5fT2JWVVJNUnBCZUY4RDZ5eGJ0M0dpakptM2ItZmxqMGhscEFCdE1KRzVwdlhMZmk5UUJhUzhpQW1DTkpERUgyUUpJbWIxTFV2RUFDU3c?oc=5
RSS_CBMirAFBVV95cUxNMlBzbXBLb210WVA2SXRtS2ctVTNCTXF5OEFWX0pmTTRQN0hYUmpPVk9Odko2bkhUTGVVanVOYnU5TEc5cEQxUjBsYnFJSjA3Z05UNXBqcmpZUm0yZFExVkVtY3JHV2s1WDcxc2MtQUY1bUVZQVVkcExDQ1NrY1EwQlNRWE5vNWhRS3Zab3REZmQwTVd6bXI3M3hnalZ2MXAtc25telFkNzVsZUxt,r/HomeImprovement,Havells,Homebuilder / Designer,4,Easy to use coupler for unthreaded galvanized pipe. - Reddit,https://news.google.com/rss/articles/CBMirAFBVV95cUxNMlBzbXBLb210WVA2SXRtS2ctVTNCTXF5OEFWX0pmTTRQN0hYUmpPVk9Odko2bkhUTGVVanVOYnU5TEc5cEQxUjBsYnFJSjA3Z05UNXBqcmpZUm0yZFExVkVtY3JHV2s1WDcxc2MtQUY1bUVZQVVkcExDQ1NrY1EwQlNRWE5vNWhRS3Zab3REZmQwTVd6bXI3M3hnalZ2MXAtc25telFkNzVsZUxt?oc=5
RSS_CBMinwFBVV95cUxQOGVWYmoySE5rMHU3d1JLLUV0V01FSFpYSExmNkdHVmhuNTlUZTBYYWVlNk5rSDV4amlzd3FQaFBBUlU3YzZUcTViaHBsa1Y2SjhhTjlCaHBlWjJoUHZ6MVJyenhnSnZvRzduNGpkZjlGVFNWcTVMYUxmZWNuSHhHRUlJcjhuYTVCVW1seEpZTHZoWXJiMHQxcVl3MjdRTFU,r/HomeImprovement,Havells,Homebuilder / Designer,4,Black stuff on outside of pipe...what is it? - Reddit,https://news.google.com/rss/articles/CBMinwFBVV95cUxQOGVWYmoySE5rMHU3d1JLLUV0V01FSFpYSExmNkdHVmhuNTlUZTBYYWVlNk5rSDV4amlzd3FQaFBBUlU3YzZUcTViaHBsa1Y2SjhhTjlCaHBlWjJoUHZ6MVJyenhnSnZvRzduNGpkZjlGVFNWcTVMYUxmZWNuSHhHRUlJcjhuYTVCVW1seEpZTHZoWXJiMHQxcVl3MjdRTFU?oc=5
RSS_CBMioAFBVV95cUxNX0dpdWVueHI5MjY0bmFrbjNDM1liWFpJcGh4U2g5bVBReWFOM2Y5M0Q1aEZDci1vRC1yeUJYcnIwSFRWTGV6VFE1XzU2eEhKUlVZWFVfckV2RW8xbUJwV08ycDI4WE1feEF0MmNuU21XQWk1Y3ZMVjh3ZnV5WVVDTEZnTmFLUW1fbEdkWlpYdnVUSGpPU0hCMUVaYUdHTjZp,r/HomeImprovement,Havells,Homebuilder / Designer,4,"House has a box on the outside, what is it? - Reddit",https://news.google.com/rss/articles/CBMioAFBVV95cUxNX0dpdWVueHI5MjY0bmFrbjNDM1liWFpJcGh4U2g5bVBReWFOM2Y5M0Q1aEZDci1vRC1yeUJYcnIwSFRWTGV6VFE1XzU2eEhKUlVZWFVfckV2RW8xbUJwV08ycDI4WE1feEF0MmNuU21XQWk1Y3ZMVjh3ZnV5WVVDTEZnTmFLUW1fbEdkWlpYdnVUSGpPU0hCMUVaYUdHTjZp?oc=5
RSS_CBMilgFBVV95cUxNeHBadHNlOVBwNnVvZUgwbWhWZkZOZ0JJcTBHQXI1aVB3VF85Qnd0cjU4SllyS1ctVFcwRFB5T204Ylpkc0dqZlBaZF84bm9wTzJYUmNlcmtWQjVDaXFaTloycHZZbE9Tb2JRYlNSZ19EZ1BJbUU1NC0tV0FPbE5tei05U1FBVDNsblR1VlpYcTNiZ1dtTVE,r/HomeImprovement,Havells,Homebuilder / Designer,4,Pipe Burst and Can’t Find Shutoff - Reddit,https://news.google.com/rss/articles/CBMilgFBVV95cUxNeHBadHNlOVBwNnVvZUgwbWhWZkZOZ0JJcTBHQXI1aVB3VF85Qnd0cjU4SllyS1ctVFcwRFB5T204Ylpkc0dqZlBaZF84bm9wTzJYUmNlcmtWQjVDaXFaTloycHZZbE9Tb2JRYlNSZ19EZ1BJbUU1NC0tV0FPbE5tei05U1FBVDNsblR1VlpYcTNiZ1dtTVE?oc=5
RSS_CBMijwFBVV95cUxQSjJCejAyYlh1cDMzdFFYcjNuSjhMX3FrYlhrbEhkMzU0NzRmQkJhZThHVUxURkk3WHo1SS1Wd3BNU0tRNDFNd3BuVWljVmQ1UzhQSk1XMDdXX2s2ZGpPdC1ieldIejJjanN6N19qNXA4czlGUTZsOUpHbnhKM1R4WlRrcTJlMU1Sb0VtNTAwYw,r/HomeImprovement,Havells,Homebuilder / Designer,4,Running pex through concrete - Reddit,https://news.google.com/rss/articles/CBMijwFBVV95cUxQSjJCejAyYlh1cDMzdFFYcjNuSjhMX3FrYlhrbEhkMzU0NzRmQkJhZThHVUxURkk3WHo1SS1Wd3BNU0tRNDFNd3BuVWljVmQ1UzhQSk1XMDdXX2s2ZGpPdC1ieldIejJjanN6N19qNXA4czlGUTZsOUpHbnhKM1R4WlRrcTJlMU1Sb0VtNTAwYw?oc=5
RSS_CBMimwFBVV95cUxPeWNmTWFlYWNJTnphNzJ6ajRCNmxFWUNXcUthd0J0QU1CaXdZdkpqMlRGTktoS1dHMzJPel9TMVdKNWFqYmpXWE1wTC1WRjFPaUpXNjI1QWhZWkkxMVhxWnNBUG4wRWFybEJsYktETWcwbkhuaERXa0tPMGgzRk9CSjdzaUFQQjZfZ3Z3Q1R0VVlGaTNGZ3d1akhZUQ,r/HomeImprovement,Havells,Homebuilder / Designer,4,Abandoning cast iron pipes under slab - Reddit,https://news.google.com/rss/articles/CBMimwFBVV95cUxPeWNmTWFlYWNJTnphNzJ6ajRCNmxFWUNXcUthd0J0QU1CaXdZdkpqMlRGTktoS1dHMzJPel9TMVdKNWFqYmpXWE1wTC1WRjFPaUpXNjI1QWhZWkkxMVhxWnNBUG4wRWFybEJsYktETWcwbkhuaERXa0tPMGgzRk9CSjdzaUFQQjZfZ3Z3Q1R0VVlGaTNGZ3d1akhZUQ?oc=5
RSS_CBMipgFBVV95cUxONGVxU2txcFMwajFsd2JidkI0bExfYmVranZqOUFkNlZ2Zk42OHJJX3V4eTRMNGZyZ3NhX3dPT0U3NHpaRTBac0Z4dDhJazZUQTU0anQycmdTUVk0Uk1IM0lqWFdtMWRrSk55ZDFOZHBxbXZ4VEkzbnRFd25JdXZLc3BVVFl5Nmp0MnlLek12Z3F1b0hiOEVLeVFZUk1MQVJ6QVg3Ym5B,r/HomeImprovement,Havells,Homebuilder / Designer,4,A bit of oil/resin on drill bit after drilling through drywall into a stud - Reddit,https://news.google.com/rss/articles/CBMipgFBVV95cUxONGVxU2txcFMwajFsd2JidkI0bExfYmVranZqOUFkNlZ2Zk42OHJJX3V4eTRMNGZyZ3NhX3dPT0U3NHpaRTBac0Z4dDhJazZUQTU0anQycmdTUVk0Uk1IM0lqWFdtMWRrSk55ZDFOZHBxbXZ4VEkzbnRFd25JdXZLc3BVVFl5Nmp0MnlLek12Z3F1b0hiOEVLeVFZUk1MQVJ6QVg3Ym5B?oc=5
RSS_CBMiqAFBVV95cUxPZVZVeXlJb1pybGkzMDJaSlNocUtNOHZGcTFMa3pXb0E0UlExb1hyd0ZEU1lyRm9kcHd2ZVhVV2tOTnNQQmdQdXd1X25OWjdLbExtYUc4UmxJTFN4NFU1MEtTbF9xaV96ZGxSTGczU1NIZTNIY3MtYnpFR0dKakVvdExUckFNVVFNSjRmbzdlRzg1c0UxaEwyelB0SE1aaWwtM28wSFZrd1A,r/HomeImprovement,Havells,Homebuilder / Designer,4,Removing a pellet stove exhaust running through my house wall. - Reddit,https://news.google.com/rss/articles/CBMiqAFBVV95cUxPZVZVeXlJb1pybGkzMDJaSlNocUtNOHZGcTFMa3pXb0E0UlExb1hyd0ZEU1lyRm9kcHd2ZVhVV2tOTnNQQmdQdXd1X25OWjdLbExtYUc4UmxJTFN4NFU1MEtTbF9xaV96ZGxSTGczU1NIZTNIY3MtYnpFR0dKakVvdExUckFNVVFNSjRmbzdlRzg1c0UxaEwyelB0SE1aaWwtM28wSFZrd1A?oc=5
RSS_CBMiqgFBVV95cUxQSU81RmpEc2VEVy1kWExfVFc5blI4VlVBaHh1cTZSUFJzX3Q4b3VLYS1JNDlXQnpSWGlwU2pEMWx1OXJzYTNybklhNHlvaHEyLUs1MmRqLXdod0RNS3RNSmx1a2VLOEpTRWhnWkw1Ykx0WnBkLWRZTncwZzR6S2luVjIyWnM5ZUxhNjZUbURkeUhJQkNfbFBQQWtiSGZwTVI3N21EY2o4ZHB4dw,r/HomeImprovement,Havells,Homebuilder / Designer,4,Help - Attaching conduit and outlets to stone wall - Reddit,https://news.google.com/rss/articles/CBMiqgFBVV95cUxQSU81RmpEc2VEVy1kWExfVFc5blI4VlVBaHh1cTZSUFJzX3Q4b3VLYS1JNDlXQnpSWGlwU2pEMWx1OXJzYTNybklhNHlvaHEyLUs1MmRqLXdod0RNS3RNSmx1a2VLOEpTRWhnWkw1Ykx0WnBkLWRZTncwZzR6S2luVjIyWnM5ZUxhNjZUbURkeUhJQkNfbFBQQWtiSGZwTVI3N21EY2o4ZHB4dw?oc=5
RSS_CBMingFBVV95cUxQWjZfYzNQLU90eV9Wajd4Q1phVl9wSk1pU01qcm8yOHBNY2M0ZkthdUdYNEp6RWNCZnlhUjk0TUxObHp2YVBLb3pnTU9HTXA2cEJBeTduOWlKVnF3a2NYcjFLOHNZSFl3QUJFSjEteU0wRU9QRnZ0UXE4alp6VWVIckQzNFgwczdwdzdyVzRGX1gyODdWSVNTX2hwUjc0QQ,r/HomeImprovement,Havells,Homebuilder / Designer,4,Stud finder for I joists or fire blocks? - Reddit,https://news.google.com/rss/articles/CBMingFBVV95cUxQWjZfYzNQLU90eV9Wajd4Q1phVl9wSk1pU01qcm8yOHBNY2M0ZkthdUdYNEp6RWNCZnlhUjk0TUxObHp2YVBLb3pnTU9HTXA2cEJBeTduOWlKVnF3a2NYcjFLOHNZSFl3QUJFSjEteU0wRU9QRnZ0UXE4alp6VWVIckQzNFgwczdwdzdyVzRGX1gyODdWSVNTX2hwUjc0QQ?oc=5
RSS_CBMilwFBVV95cUxPYWNURy1EVjlYQUhzeDQ1WFFORmlBY2IxZldfWGtlazBoc2JWZXloZ3p3WFFDaDdaLW9zb1ltWkVOdzlpbFRnMC1MNlZzR28yVmZFWWJQcmNSWFFTbXhFNmRZaVJVOG1QYV9nUGotd0ZZRllrbHhydldzRnZyclU5cVlBSDVlQXJSTm9mbkFta2NrYXVHNURv,r/HomeImprovement,Havells,Homebuilder / Designer,4,Copper pipes are green/blue colored? - Reddit,https://news.google.com/rss/articles/CBMilwFBVV95cUxPYWNURy1EVjlYQUhzeDQ1WFFORmlBY2IxZldfWGtlazBoc2JWZXloZ3p3WFFDaDdaLW9zb1ltWkVOdzlpbFRnMC1MNlZzR28yVmZFWWJQcmNSWFFTbXhFNmRZaVJVOG1QYV9nUGotd0ZZRllrbHhydldzRnZyclU5cVlBSDVlQXJSTm9mbkFta2NrYXVHNURv?oc=5
RSS_CBMirAFBVV95cUxNOXBESkdUUHZEUXBlWFlIWGZqc3FmSDVJdUo4Q09ScEJzNFRjamFFTzhpeld3N1VHcDU5dC1LQk5VMlpCMHJJa1Q3RmxKbl94dENMbUNjWkJFUnFYOGtUd0Q1N0liT1lWSGl1X0NuVERDX0J0WDd6YjR0cGtnR2c3RlRHdnJ2TjdTaGQzYzl1UkVFcktyM2FkWUhnWTRXTFF3eWxoVmxaNEZOZlN0,r/HomeImprovement,Havells,Homebuilder / Designer,4,What is this part called? It runs along the bottom of my bathtub and needs replaced. - Reddit,https://news.google.com/rss/articles/CBMirAFBVV95cUxNOXBESkdUUHZEUXBlWFlIWGZqc3FmSDVJdUo4Q09ScEJzNFRjamFFTzhpeld3N1VHcDU5dC1LQk5VMlpCMHJJa1Q3RmxKbl94dENMbUNjWkJFUnFYOGtUd0Q1N0liT1lWSGl1X0NuVERDX0J0WDd6YjR0cGtnR2c3RlRHdnJ2TjdTaGQzYzl1UkVFcktyM2FkWUhnWTRXTFF3eWxoVmxaNEZOZlN0?oc=5
RSS_CBMipwFBVV95cUxNclgzMEVJU2k5X0pRS0h3eTRZazZMOVh1OVI4OG52QUJZSmN0ZGx0b3JkNDkyOW1IQUJIWFI4RElVckFqRXh6S3d2elM4dlktSXB0V2lQM2ZxMExUZElrWkxjSXZMRTJINUhCLWg1N2hyMUMtc2J2c1NRQ2EtZm56YTU0NVQtYlpXQ0c1MmR6VXBGV2lJclZ1T2lPdGxMNmtBZEo2bVhPUQ,r/HomeImprovement,Anchor,Homebuilder / Designer,4,Anchor Bolt Missing from Foundation Sill Plate - Reddit,https://news.google.com/rss/articles/CBMipwFBVV95cUxNclgzMEVJU2k5X0pRS0h3eTRZazZMOVh1OVI4OG52QUJZSmN0ZGx0b3JkNDkyOW1IQUJIWFI4RElVckFqRXh6S3d2elM4dlktSXB0V2lQM2ZxMExUZElrWkxjSXZMRTJINUhCLWg1N2hyMUMtc2J2c1NRQ2EtZm56YTU0NVQtYlpXQ0c1MmR6VXBGV2lJclZ1T2lPdGxMNmtBZEo2bVhPUQ?oc=5
RSS_CBMipAFBVV95cUxPcXpETFBnX2xqMGpIUjVQbWxheFoxQTlORk9KbV9OUExlcm9kOFJ2X3hOQTdYQms4eWxjbXVmT2F4V1gyNVp5RWp6V1Z0SzZpUDNlOVNOVjVDaFp6VWhFVVZaQTFkczA5SFVLZEwtQzJwcV9YLWdTX0ltVHFjTk5vNnE2N3BLbnRzV0o4cDVIX0tacjJUWFRFRkNsVVNIdUc2TTZ2WQ,r/HomeImprovement,Havells,Homebuilder / Designer,4,"Burnham alpine boiler, outdoor sensor removed - Reddit",https://news.google.com/rss/articles/CBMipAFBVV95cUxPcXpETFBnX2xqMGpIUjVQbWxheFoxQTlORk9KbV9OUExlcm9kOFJ2X3hOQTdYQms4eWxjbXVmT2F4V1gyNVp5RWp6V1Z0SzZpUDNlOVNOVjVDaFp6VWhFVVZaQTFkczA5SFVLZEwtQzJwcV9YLWdTX0ltVHFjTk5vNnE2N3BLbnRzV0o4cDVIX0tacjJUWFRFRkNsVVNIdUc2TTZ2WQ?oc=5
RSS_CBMiigFBVV95cUxNclliNm9JTzlOM05DQXAyYUhISnlvelNpakxDc2FJS1g5ZjBwN3UzTFZ5RnhGaGEzb1JVLXFsaUtTTHFDZGt3d2pUeVZfR1VXT0dDYmpRWC1YVmNlN2JTcTRmN2xsS3NKaWNOZ0M4RUZtMnlJTHBaa05qbEIyaEl0QWE1UENQQnp0bFE,r/HomeImprovement,Havells,Homebuilder / Designer,4,Perpendicular gate latch? - Reddit,https://news.google.com/rss/articles/CBMiigFBVV95cUxNclliNm9JTzlOM05DQXAyYUhISnlvelNpakxDc2FJS1g5ZjBwN3UzTFZ5RnhGaGEzb1JVLXFsaUtTTHFDZGt3d2pUeVZfR1VXT0dDYmpRWC1YVmNlN2JTcTRmN2xsS3NKaWNOZ0M4RUZtMnlJTHBaa05qbEIyaEl0QWE1UENQQnp0bFE?oc=5
RSS_CBMipwFBVV95cUxNTmpSVk04NTQ1cGNPdmlNS0xwOVAzcXlTbTZRdlpqQ3J5d1VMd1RfTDFzaVhNQkMySE9sSHlUU1d6NTNKUkQzaXF6X1lDMkRJdl9maWt2alpkQXVobWt5dVpITGhYUDM0SkdmdDVWUEVCMGRqN3JRM21PZVBsMWhyUnN1eENrazVKOXZqQ1dwOHdqUmxuTW9RUUNjNmpkeHFhdUVQU2s2QQ,r/HomeImprovement,Havells,Homebuilder / Designer,4,What glue to use to bond the fiberglass panel back to the shower wall? - Reddit,https://news.google.com/rss/articles/CBMipwFBVV95cUxNTmpSVk04NTQ1cGNPdmlNS0xwOVAzcXlTbTZRdlpqQ3J5d1VMd1RfTDFzaVhNQkMySE9sSHlUU1d6NTNKUkQzaXF6X1lDMkRJdl9maWt2alpkQXVobWt5dVpITGhYUDM0SkdmdDVWUEVCMGRqN3JRM21PZVBsMWhyUnN1eENrazVKOXZqQ1dwOHdqUmxuTW9RUUNjNmpkeHFhdUVQU2s2QQ?oc=5
RSS_CBMiqAFBVV95cUxQYW5HWFgzYnlkbV96blRZbnpKRzdRMExzYXRBaTNzbWhpRFFnRnV2QVlvZVlSS194U2QtdlAxZ0x4WUNhX0hTWGhJOXdUNUg1aXhkeEN2NXNDM01lTnVvbnBRcjlmNGk5NklRQjBJVmdYNDlNYk1ST21uSEl1ZDhXOFJqTjI4UFI2aG10OXRHTVhYbHJab0NjdExHZS1nejFORklxZ25DWEs,r/HomeImprovement,Havells,Homebuilder / Designer,4,Electric conduit under entrance door threshold - Reddit,https://news.google.com/rss/articles/CBMiqAFBVV95cUxQYW5HWFgzYnlkbV96blRZbnpKRzdRMExzYXRBaTNzbWhpRFFnRnV2QVlvZVlSS194U2QtdlAxZ0x4WUNhX0hTWGhJOXdUNUg1aXhkeEN2NXNDM01lTnVvbnBRcjlmNGk5NklRQjBJVmdYNDlNYk1ST21uSEl1ZDhXOFJqTjI4UFI2aG10OXRHTVhYbHJab0NjdExHZS1nejFORklxZ25DWEs?oc=5
RSS_CBMikgFBVV95cUxNdTBjVG1IRi0wdFRhcEVpVGFYZHk2WGtSazNudC1nbTVLVmt6SGhTLUtSQ1FPOEhpd08wenZvRXk4UkZhMGlTY0tReGhHN2dZeHM5Y2pnMUlXVmJoWDZkLUpqaTZoVmRYcm1zM0RSVlZnNVlVcEE5TjZRRFhVN0FPQ0NOWkhpbG9ZU3RrSEpRMWZtZw,r/HomeImprovement,Havells,Homebuilder / Designer,4,Milwaukee orbital sander dies - Reddit,https://news.google.com/rss/articles/CBMikgFBVV95cUxNdTBjVG1IRi0wdFRhcEVpVGFYZHk2WGtSazNudC1nbTVLVmt6SGhTLUtSQ1FPOEhpd08wenZvRXk4UkZhMGlTY0tReGhHN2dZeHM5Y2pnMUlXVmJoWDZkLUpqaTZoVmRYcm1zM0RSVlZnNVlVcEE5TjZRRFhVN0FPQ0NOWkhpbG9ZU3RrSEpRMWZtZw?oc=5
RSS_CBMiqAFBVV95cUxOLVZDc2VaX0hrWjZ4ZDZxRXFSMjROZkFTcEl3OWY3MDlwNVJHY1MwVmFCNXhxZFNXODFTbEUxdU1iUjVpXzk2Tk5NMFpOc2pDMnM4Z3phaEtnS1hpaWRlZU83RTQwX0dUUF9LTzAybm9BSzY5SkRVWVhic1ktTzNYaWlhZ3RQOHdJVk5HWFBpNXJ2VnI1WXJIZ0FRblNONTR1TjRSSzVtQVc,r/HomeImprovement,Havells,Homebuilder / Designer,4,Having trouble deciding between 3000k and 4000k lighting for new home - Reddit,https://news.google.com/rss/articles/CBMiqAFBVV95cUxOLVZDc2VaX0hrWjZ4ZDZxRXFSMjROZkFTcEl3OWY3MDlwNVJHY1MwVmFCNXhxZFNXODFTbEUxdU1iUjVpXzk2Tk5NMFpOc2pDMnM4Z3phaEtnS1hpaWRlZU83RTQwX0dUUF9LTzAybm9BSzY5SkRVWVhic1ktTzNYaWlhZ3RQOHdJVk5HWFBpNXJ2VnI1WXJIZ0FRblNONTR1TjRSSzVtQVc?oc=5
RSS_CBMipwFBVV95cUxON2stZkNiOTN4MkpEbXF0UUpSb0RQWnJfcXZBdXR5LXI5OVNfN0NTdk9uenVkQnhpRkljdUtCTHhQZ3lmck1VSUpHUjJnNW9hb29XNHZpUHVWSTNadWJkcUdPZ0tVU2F2M3BkelZ1WHhQU2NpR0QwaGhYSDBSajFhdFdmejFMdE9ZLUVWbVpSMW9Zbm1SNE0xNVNHUjFpbzcyb2FqYUJpWQ,r/HomeImprovement,Havells,Homebuilder / Designer,4,Hot water doesn't last more than 9 minutes with new water heater. What are my options? - Reddit,https://news.google.com/rss/articles/CBMipwFBVV95cUxON2stZkNiOTN4MkpEbXF0UUpSb0RQWnJfcXZBdXR5LXI5OVNfN0NTdk9uenVkQnhpRkljdUtCTHhQZ3lmck1VSUpHUjJnNW9hb29XNHZpUHVWSTNadWJkcUdPZ0tVU2F2M3BkelZ1WHhQU2NpR0QwaGhYSDBSajFhdFdmejFMdE9ZLUVWbVpSMW9Zbm1SNE0xNVNHUjFpbzcyb2FqYUJpWQ?oc=5
RSS_CBMiqAFBVV95cUxQQVJhd0M1ZGE4aTFDT2NSelNuTnZ0UThUXzJrX3Jzd1NhOTVKRnkzUVY5ZHlyWmJnYlJjUUlWWTgtZnRLV3JvdWJuN0k3U1BXOHFxSE1BSUR0T2pDaHU3MGd4NlhHQkR0V1hsQ0JSd1ByenNuUXBuYm1GMnpPUUxIRkxtN2wzcld4cmszRHI5OTdaVzJuZnRXQU85X1lTaEFjTHNBNlNnRTE,r/HomeImprovement,GM,Homebuilder / Designer,4,Ceiling Fan Pull Chain Broke Off Inside Ceiling Fan Unit. Any ideas? - Reddit,https://news.google.com/rss/articles/CBMiqAFBVV95cUxQQVJhd0M1ZGE4aTFDT2NSelNuTnZ0UThUXzJrX3Jzd1NhOTVKRnkzUVY5ZHlyWmJnYlJjUUlWWTgtZnRLV3JvdWJuN0k3U1BXOHFxSE1BSUR0T2pDaHU3MGd4NlhHQkR0V1hsQ0JSd1ByenNuUXBuYm1GMnpPUUxIRkxtN2wzcld4cmszRHI5OTdaVzJuZnRXQU85X1lTaEFjTHNBNlNnRTE?oc=5
RSS_CBMiowFBVV95cUxQTy1QcFlXc29nTkh6U0sweTNSdnF2cEV3VDJFcWc5bDBGSjRpSFRHNF90Yk5mcHlvUERZckZWUEZZRTlqRWFrbEVHV2pCX21pT2tsY09zakdIcGVEbG1TemFFSC1ONUdpSzgxTlpBSjhUckZUYmZ0eTdWVWYtWEMwclNsUDRJVzNUS29wNkktWkRHaEMwNjFYTERGX09uWGUtZmhn,r/HomeImprovement,Havells,Homebuilder / Designer,4,Do temperature settings on oil filled space heaters only control at what point they shut off? - Reddit,https://news.google.com/rss/articles/CBMiowFBVV95cUxQTy1QcFlXc29nTkh6U0sweTNSdnF2cEV3VDJFcWc5bDBGSjRpSFRHNF90Yk5mcHlvUERZckZWUEZZRTlqRWFrbEVHV2pCX21pT2tsY09zakdIcGVEbG1TemFFSC1ONUdpSzgxTlpBSjhUckZUYmZ0eTdWVWYtWEMwclNsUDRJVzNUS29wNkktWkRHaEMwNjFYTERGX09uWGUtZmhn?oc=5
RSS_CBMilgFBVV95cUxNRWJ5VEVDOVF2YV9WSE9XUjFmOC1ucklrenlwR2lJMUNFSl90eTZ0Sk9FZDFmZnk5TVA3SjdBZzIxeGdjYzBJVkMxT2xRUmxjeGhEcC1qWFk0Y0VwSVFzNzdqNDFrNFhVVnZzZEFkWllpZ1JRUVpxVU5JSVh3ZUhxZG9yYzZCQ2VQcUdyTlJLanBkWTdpeHc,r/HomeImprovement,Havells,Homebuilder / Designer,4,Ceiling fan will turn on randomly. - Reddit,https://news.google.com/rss/articles/CBMilgFBVV95cUxNRWJ5VEVDOVF2YV9WSE9XUjFmOC1ucklrenlwR2lJMUNFSl90eTZ0Sk9FZDFmZnk5TVA3SjdBZzIxeGdjYzBJVkMxT2xRUmxjeGhEcC1qWFk0Y0VwSVFzNzdqNDFrNFhVVnZzZEFkWllpZ1JRUVpxVU5JSVh3ZUhxZG9yYzZCQ2VQcUdyTlJLanBkWTdpeHc?oc=5
RSS_CBMipwFBVV95cUxOak1uUVhVc0lZZ3JXWS1aNFFwOEtzdWExdVJ0Q1dORlpSWjc3QVFudTB6Z2tNd2MyOEZmRHFGd2NhUXRDZ3Bwb1ljU0xTZkROT2owQW9oWWI2VmtWbEhiOEpCRExzREc4ZERjTmJyOUpqQ0p0ZDhuWEVPbjBTNEZtMWQ2d2FIZERWQzRyNW9YWTFFajh1bzVZcjZBTi1iWlFIbDF5MkFEWQ,r/HomeImprovement,Havells,Homebuilder / Designer,4,Wall heater turns red and goes “full blast” when barely switched on - Reddit,https://news.google.com/rss/articles/CBMipwFBVV95cUxOak1uUVhVc0lZZ3JXWS1aNFFwOEtzdWExdVJ0Q1dORlpSWjc3QVFudTB6Z2tNd2MyOEZmRHFGd2NhUXRDZ3Bwb1ljU0xTZkROT2owQW9oWWI2VmtWbEhiOEpCRExzREc4ZERjTmJyOUpqQ0p0ZDhuWEVPbjBTNEZtMWQ2d2FIZERWQzRyNW9YWTFFajh1bzVZcjZBTi1iWlFIbDF5MkFEWQ?oc=5
RSS_CBMiqwFBVV95cUxPanJmdDg2XzF5VnN6Q3JJZFNWUlN1dzRWWnJXWG5FNTZlb1c4MG9hc3luRElhd3JKS1VTMmp3Y2dpVXM4bkZmazFNalFUZlQyTXQ0VkxXQ3dfWGE5LThRWmFBZ0pvb0xSdnFoSEVRT0hrQXFaRE91RXlwdkZUZG81am1ueHdneWlUWF9kcWVyNUJPblJmTUp2bTJpdDB0VWNpSkRhY1IwMG1aX1k,r/HomeImprovement,Havells,Homebuilder / Designer,4,How do I remove my ceiling fan canopy that doesn't have screws outside at the top? I'm trying to replace my ceiling fan - Reddit,https://news.google.com/rss/articles/CBMiqwFBVV95cUxPanJmdDg2XzF5VnN6Q3JJZFNWUlN1dzRWWnJXWG5FNTZlb1c4MG9hc3luRElhd3JKS1VTMmp3Y2dpVXM4bkZmazFNalFUZlQyTXQ0VkxXQ3dfWGE5LThRWmFBZ0pvb0xSdnFoSEVRT0hrQXFaRE91RXlwdkZUZG81am1ueHdneWlUWF9kcWVyNUJPblJmTUp2bTJpdDB0VWNpSkRhY1IwMG1aX1k?oc=5
RSS_CBMipwFBVV95cUxOeVMxQkJ6amVYV1NuT0xUR0kxVjh6cEZrM2dfaE5lUlhwb3JWQkl2bjhTXzNUQnk5RjVQZ0VSTDczTWpiZFo3UkVRVEViXzh2WW9ycFhVZEZ3LWVRRzhkRTZEa2FTS09hMG44SWhZUndPNkU0SGJadkhVXzcxdHA5bm9jTjFCc0p5UlF3YTVycHVpVHA2WDlSY2VuZklWbkloU3lra1ViSQ,r/HomeImprovement,Havells,Homebuilder / Designer,4,Bathroom exhaust fan not strong enough to open damper - Reddit,https://news.google.com/rss/articles/CBMipwFBVV95cUxOeVMxQkJ6amVYV1NuT0xUR0kxVjh6cEZrM2dfaE5lUlhwb3JWQkl2bjhTXzNUQnk5RjVQZ0VSTDczTWpiZFo3UkVRVEViXzh2WW9ycFhVZEZ3LWVRRzhkRTZEa2FTS09hMG44SWhZUndPNkU0SGJadkhVXzcxdHA5bm9jTjFCc0p5UlF3YTVycHVpVHA2WDlSY2VuZklWbkloU3lra1ViSQ?oc=5
RSS_CBMirAFBVV95cUxNNWl3NkZLWUxHc2JZY1J2aXJoTHBkR2pTLVV5LWNUNXJRTzZYTjJDOE52S3N5WDhwWXJrYUdob3BocHRKaEdaQUpKakgyNTY2UDJLeUtGTUJ2TUpwVjExeXNTYjJUeG81MTNMTmhIbmhtc1RJN0ZfWEl6WDVGS3dzY0x6RTZWeG43ZTdlWENpRDdTRGNHaXplc2FuTWZDMHEzWXlLeklBMElCTk54,r/HomeImprovement,Havells,Homebuilder / Designer,4,Is it normal for radiator to be constantly making noise when heating up? - Reddit,https://news.google.com/rss/articles/CBMirAFBVV95cUxNNWl3NkZLWUxHc2JZY1J2aXJoTHBkR2pTLVV5LWNUNXJRTzZYTjJDOE52S3N5WDhwWXJrYUdob3BocHRKaEdaQUpKakgyNTY2UDJLeUtGTUJ2TUpwVjExeXNTYjJUeG81MTNMTmhIbmhtc1RJN0ZfWEl6WDVGS3dzY0x6RTZWeG43ZTdlWENpRDdTRGNHaXplc2FuTWZDMHEzWXlLeklBMElCTk54?oc=5
RSS_CBMiowFBVV95cUxQd1BBUEtEWU8yLTVkaEZUTHJ1Z241VXk3bnptS1JfN0hFVW5ZZzdTaFFId21qUUUwR2U2SFNLclVtQ3JkLVF5VEhBVGFaOTJZQXNzM0xDUDJ0RDMwdEluQ0pVdDBLalN5ZXpTXzZVMkUxM3lMczBOMnVzckFUZjRlYzUyYkRtalctbkpSS0Jwekp3X1FsVXlXTU1OUlM3aTZHSmNn,r/HomeImprovement,Havells,Homebuilder / Designer,4,Ceiling fan randomly slows down/turning off - Reddit,https://news.google.com/rss/articles/CBMiowFBVV95cUxQd1BBUEtEWU8yLTVkaEZUTHJ1Z241VXk3bnptS1JfN0hFVW5ZZzdTaFFId21qUUUwR2U2SFNLclVtQ3JkLVF5VEhBVGFaOTJZQXNzM0xDUDJ0RDMwdEluQ0pVdDBLalN5ZXpTXzZVMkUxM3lMczBOMnVzckFUZjRlYzUyYkRtalctbkpSS0Jwekp3X1FsVXlXTU1OUlM3aTZHSmNn?oc=5
RSS_CBMiqAFBVV95cUxNSUx6azl5blp5anIwWl80Z1NaaUZRSGs4QzBIUDBKT1FEdzJRN3B1Q0hkbGlHTEpCNnBzNFVCWHZQdXNfTGpydWhiWE5uQlJFVGVuVm92X0Rwd0hHUlZmQ1RXQ2RtRzJ3MExOUWdqRktWbGRIXzVEZGYzc2E1Y2d4aWtDTTN3czZHb0Fzc0FCUjlPNmFvSGFLWEpoUWpVekVYLUdYLXQ0cEs,r/HomeImprovement,Havells,Homebuilder / Designer,4,What is the purpose of designing an outlet like this? - Reddit,https://news.google.com/rss/articles/CBMiqAFBVV95cUxNSUx6azl5blp5anIwWl80Z1NaaUZRSGs4QzBIUDBKT1FEdzJRN3B1Q0hkbGlHTEpCNnBzNFVCWHZQdXNfTGpydWhiWE5uQlJFVGVuVm92X0Rwd0hHUlZmQ1RXQ2RtRzJ3MExOUWdqRktWbGRIXzVEZGYzc2E1Y2d4aWtDTTN3czZHb0Fzc0FCUjlPNmFvSGFLWEpoUWpVekVYLUdYLXQ0cEs?oc=5
RSS_CBMipwFBVV95cUxNQmVpa1lGOWZYcFI2bnlVTzBUU3otX2lIWkhfckFzdHkxYUFOQzJtdDJYOWxIdDZneEMxaEwzbDRkTTlLY1ZYVDRsRFBfdk9QVG5sUjBqUDVhd0tpVEVXTW1GWHpyclZKdks4UlU4MjhqWmt4YnpWUGN0bzR3bnBoRG02RTNzaTNMVFFFY3hGam9OUDNwVzNvVzRSTzkyUW5rQV9MaUJQdw,r/HomeImprovement,Legrand,Homebuilder / Designer,4,"Switching out the outlets in my home, are there any brands I should avoid? I'm seeing Legrand, Hubbell, Eaton, Leviton, and Bestten. - Reddit",https://news.google.com/rss/articles/CBMipwFBVV95cUxNQmVpa1lGOWZYcFI2bnlVTzBUU3otX2lIWkhfckFzdHkxYUFOQzJtdDJYOWxIdDZneEMxaEwzbDRkTTlLY1ZYVDRsRFBfdk9QVG5sUjBqUDVhd0tpVEVXTW1GWHpyclZKdks4UlU4MjhqWmt4YnpWUGN0bzR3bnBoRG02RTNzaTNMVFFFY3hGam9OUDNwVzNvVzRSTzkyUW5rQV9MaUJQdw?oc=5
RSS_CBMijAFBVV95cUxNeGg3MV95dE1rN05aRlJDSTNhR09lZTR1V0oyNWpOOUJyQUE0aTBzMkFiMURJSnVnanNqalp1QkdQcVd2VFYwR09rbXBNbzhsc3NSUGZuODRYSWUzckY5M0hINlk1ZVBzYlZiM21ZdlJkLVR6WHItd2dJZmpORlJDUFYwTzFyWWpMV2NURQ,r/HomeImprovement,Legrand,Homebuilder / Designer,4,"Leviton, Lutron and Legrand - Reddit",https://news.google.com/rss/articles/CBMijAFBVV95cUxNeGg3MV95dE1rN05aRlJDSTNhR09lZTR1V0oyNWpOOUJyQUE0aTBzMkFiMURJSnVnanNqalp1QkdQcVd2VFYwR09rbXBNbzhsc3NSUGZuODRYSWUzckY5M0hINlk1ZVBzYlZiM21ZdlJkLVR6WHItd2dJZmpORlJDUFYwTzFyWWpMV2NURQ?oc=5
RSS_CBMiqAFBVV95cUxNWjRLV1h6SFp5Y0w3SXU2Z015SVhGck1JQ0ptOWpEUVVBZHJpd3ZWTjhaS0JiN2FzeHpXVllObFpxSTVfYTB2MmdGcl9neDZJMVJTWjlDTG1LdlU0ZE9Gdi1JQTQ4dkc1RWFPR2tNaGo0LVpuNjhnRVhHYmNqYmJJQ1pXOGI2N1ZPTVc3LVVjUnNRbXdLZEpwcWRCWnNjVXZTYjdTUTNBNG4,r/HomeImprovement,Legrand,Homebuilder / Designer,4,Legrand radiant Motion Sensor Light Switch - 3-WAY HELP - Reddit,https://news.google.com/rss/articles/CBMiqAFBVV95cUxNWjRLV1h6SFp5Y0w3SXU2Z015SVhGck1JQ0ptOWpEUVVBZHJpd3ZWTjhaS0JiN2FzeHpXVllObFpxSTVfYTB2MmdGcl9neDZJMVJTWjlDTG1LdlU0ZE9Gdi1JQTQ4dkc1RWFPR2tNaGo0LVpuNjhnRVhHYmNqYmJJQ1pXOGI2N1ZPTVc3LVVjUnNRbXdLZEpwcWRCWnNjVXZTYjdTUTNBNG4?oc=5
RSS_CBMipwFBVV95cUxPVXJRMDU1R0kwb2E3TzNYOXN1TFEwRUhEbVE3T1Y4MHF1LTRoalZxWkdoV3FSZ0JpakEwaTlqa2d0Q1YtUDVGV3Z6bGljX1RuV3ZsYTdJU00yZnFlRjhKZlIta1ZJbE9LVE1URy1WaHdxTWpvZjZ4VXgyekRsQWRsdDkzbzJxdHNBdWV6WW51WW1hN0h6QTF2TVBfS2d4UXBiWU9Jc1owQQ,r/HomeImprovement,Legrand,Homebuilder / Designer,4,Experiences with the Legrand Adorne collection? - Reddit,https://news.google.com/rss/articles/CBMipwFBVV95cUxPVXJRMDU1R0kwb2E3TzNYOXN1TFEwRUhEbVE3T1Y4MHF1LTRoalZxWkdoV3FSZ0JpakEwaTlqa2d0Q1YtUDVGV3Z6bGljX1RuV3ZsYTdJU00yZnFlRjhKZlIta1ZJbE9LVE1URy1WaHdxTWpvZjZ4VXgyekRsQWRsdDkzbzJxdHNBdWV6WW51WW1hN0h6QTF2TVBfS2d4UXBiWU9Jc1owQQ?oc=5
RSS_CBMihgFBVV95cUxOX1BuazZGdVotbFh5TnZESDJCTklzM0syaW0xaTlfX2I0bDg3WGJrdG9nUGphazlOZURYTGhuaHBJdjhEUjNjWHcxM1puamNoaERWMzYwa2lmYnV3Z01tZHJPdzFkYUdmdjA2bVkzbTVZRUFWdmNwVGtidUNCMzl1enBzbTNqZw,r/HomeImprovement,Legrand,Homebuilder / Designer,4,Mixing Lutron / Legrand - Reddit,https://news.google.com/rss/articles/CBMihgFBVV95cUxOX1BuazZGdVotbFh5TnZESDJCTklzM0syaW0xaTlfX2I0bDg3WGJrdG9nUGphazlOZURYTGhuaHBJdjhEUjNjWHcxM1puamNoaERWMzYwa2lmYnV3Z01tZHJPdzFkYUdmdjA2bVkzbTVZRUFWdmNwVGtidUNCMzl1enBzbTNqZw?oc=5
RSS_CBMikAFBVV95cUxObjVrOGpkOU50Q2k0N3I4TXZpZXh6eXV0dVdHVGZmWUkyb205TDYzTDNkcktacDdidEZ4WXViYXJxalR6RjQ3WTZzNWx2c0t6X1laTnVWZ2hiZ1JNbk50QWNzZ2l1cWFMS2RRQnMtQVUzM0Fjd05jUEhkWUdFRDZWb1VwYk5NNTlDZzRXcHM3MWs,r/HomeImprovement,Havells,Homebuilder / Designer,4,GFCI USB outlet manufacturers? - Reddit,https://news.google.com/rss/articles/CBMikAFBVV95cUxObjVrOGpkOU50Q2k0N3I4TXZpZXh6eXV0dVdHVGZmWUkyb205TDYzTDNkcktacDdidEZ4WXViYXJxalR6RjQ3WTZzNWx2c0t6X1laTnVWZ2hiZ1JNbk50QWNzZ2l1cWFMS2RRQnMtQVUzM0Fjd05jUEhkWUdFRDZWb1VwYk5NNTlDZzRXcHM3MWs?oc=5
RSS_CBMiogFBVV95cUxPeXVWZlRET25TTzF4N3dlSUFvOEhkcXk3Sl9oRzBRN0htWGNrUnQ0RW1vUEJvQy1TNnk3RUNlejU0czV4WDVuQ0hkVHp0aHIzLXkzS2N0ZENnZC1zZ1hvcUhYdVZPSk1JcjdQcloxb1pfdWwyZm42RmFPX3I1Y01xam1MYURWaUVacENDSHFodHI5OEFKYktvYkJpd054N3M3RlE,r/HomeImprovement,Havells,Homebuilder / Designer,4,GFCI outlet solid red even after replacing - Reddit,https://news.google.com/rss/articles/CBMiogFBVV95cUxPeXVWZlRET25TTzF4N3dlSUFvOEhkcXk3Sl9oRzBRN0htWGNrUnQ0RW1vUEJvQy1TNnk3RUNlejU0czV4WDVuQ0hkVHp0aHIzLXkzS2N0ZENnZC1zZ1hvcUhYdVZPSk1JcjdQcloxb1pfdWwyZm42RmFPX3I1Y01xam1MYURWaUVacENDSHFodHI5OEFKYktvYkJpd054N3M3RlE?oc=5
RSS_CBMiqAFBVV95cUxPSFRsZ2hmSkpmLUtqbW9pRUVnRzk2S2xYMEFWQ3lGUUh6TTlvWXE5YTBHbmwycUlSdTNfa2xLM3J6by1LclFOR0VxZVlCdnkzbEJaekgyR2lvMU5lUDBMYmRUQUtoei1VS2U5MG11TjI5VF84UlczcHppX0VyNzFwTXg0ZUZqVDZSSjJ2VmZMRUdjWTlkNUJndXpWOUhBcEt3aE04RUw1OTA,r/HomeImprovement,Havells,Homebuilder / Designer,4,Troubleshooting LED flicker/hum: Dimmer switch or bulbs? - Reddit,https://news.google.com/rss/articles/CBMiqAFBVV95cUxPSFRsZ2hmSkpmLUtqbW9pRUVnRzk2S2xYMEFWQ3lGUUh6TTlvWXE5YTBHbmwycUlSdTNfa2xLM3J6by1LclFOR0VxZVlCdnkzbEJaekgyR2lvMU5lUDBMYmRUQUtoei1VS2U5MG11TjI5VF84UlczcHppX0VyNzFwTXg0ZUZqVDZSSjJ2VmZMRUdjWTlkNUJndXpWOUhBcEt3aE04RUw1OTA?oc=5
RSS_CBMipgFBVV95cUxOTThxaVN3SWUtZG1GVXc1ZlhkRm12MmN6alcwM2RsMmdkRzJjY1VJcmtaNklpVUxBa2pEdVA1dXVEMDFkWkMxU28zS1QxOFAtVThrTWMybWE1TURabzFvMnhtMzJPNktlQjQxdUZzN2o1Wk1jNkV6RUxRNkJ3ZXVWcS1zRHZ4MDc5SEEyMGxLc251NGRIakdhOS0xYWlaUEJudHZiYmpn,r/HomeImprovement,Havells,Homebuilder / Designer,4,Any spec grade 15 amp decora tamper resistant receptacles? - Reddit,https://news.google.com/rss/articles/CBMipgFBVV95cUxOTThxaVN3SWUtZG1GVXc1ZlhkRm12MmN6alcwM2RsMmdkRzJjY1VJcmtaNklpVUxBa2pEdVA1dXVEMDFkWkMxU28zS1QxOFAtVThrTWMybWE1TURabzFvMnhtMzJPNktlQjQxdUZzN2o1Wk1jNkV6RUxRNkJ3ZXVWcS1zRHZ4MDc5SEEyMGxLc251NGRIakdhOS0xYWlaUEJudHZiYmpn?oc=5
RSS_CBMikAFBVV95cUxNUFVremFieHFyN3FqWkRxaGExQkVxdUZlSFRMcW1oQzktd0NHaXp3a0pHRlMwb0ZTVzJsam1ISDlqakdRemJUUDNWcnRrSEJfd0JCUFlRNGdfcVVLR2J3b3MzZkJrelFPYWJ0NzVwS3pEYXVQQTcydUlyY1hZeV81S2U3R0E4ZnlBcGR2VEpnTkQ,r/HomeImprovement,Havells,Homebuilder / Designer,4,Best Tamper Resistant outlets? - Reddit,https://news.google.com/rss/articles/CBMikAFBVV95cUxNUFVremFieHFyN3FqWkRxaGExQkVxdUZlSFRMcW1oQzktd0NHaXp3a0pHRlMwb0ZTVzJsam1ISDlqakdRemJUUDNWcnRrSEJfd0JCUFlRNGdfcVVLR2J3b3MzZkJrelFPYWJ0NzVwS3pEYXVQQTcydUlyY1hZeV81S2U3R0E4ZnlBcGR2VEpnTkQ?oc=5
RSS_CBMiqwFBVV95cUxQc0NLUWVNTldQRXVYMWUtYVVkMlBEaU1HclduTGJObUM4ZGdTQWJLMTY0VXBQT2JuWkpRS3RFUjE0RFlET0tfNlZXNUUwUDV0amlRTzNVY0FRNWpWOHVOUU9NV1RuRDVTTkRnNk94V1BMRWhfY1A3SHdEQTdFa0NVTExMd0RCS2lySk5MRVB1c00yUmI1Mzc4X0MyVXZ2bUxEbWFPdVhhVFlZdW8,r/HomeImprovement,Havells,Homebuilder / Designer,4,Has anyone tried using European light switches in the US? - Reddit,https://news.google.com/rss/articles/CBMiqwFBVV95cUxQc0NLUWVNTldQRXVYMWUtYVVkMlBEaU1HclduTGJObUM4ZGdTQWJLMTY0VXBQT2JuWkpRS3RFUjE0RFlET0tfNlZXNUUwUDV0amlRTzNVY0FRNWpWOHVOUU9NV1RuRDVTTkRnNk94V1BMRWhfY1A3SHdEQTdFa0NVTExMd0RCS2lySk5MRVB1c00yUmI1Mzc4X0MyVXZ2bUxEbWFPdVhhVFlZdW8?oc=5
RSS_CBMipAFBVV95cUxPaXFzdS1JTUdGS24wSjBWamh2RFVISE1lZVB2QnNobnZhUGxPdjZYQWUwZTg3U2lpTTBsYzJseHUyTFVuZFV0X3BEVlltbXJqYUVPSHJlTlJ3VWRNZElBMVB4SnlzYVFEclhFZWtEUzlibTJpLUl5cTh4OFp4UXRZWFZTYmZsZGg3aU1qVWpUeHJxbUNjUEU3MnIyb2RCM3lnTjBBNw,r/HomeImprovement,Havells,Homebuilder / Designer,4,Looking for electrical outlet recommendation - Reddit,https://news.google.com/rss/articles/CBMipAFBVV95cUxPaXFzdS1JTUdGS24wSjBWamh2RFVISE1lZVB2QnNobnZhUGxPdjZYQWUwZTg3U2lpTTBsYzJseHUyTFVuZFV0X3BEVlltbXJqYUVPSHJlTlJ3VWRNZElBMVB4SnlzYVFEclhFZWtEUzlibTJpLUl5cTh4OFp4UXRZWFZTYmZsZGg3aU1qVWpUeHJxbUNjUEU3MnIyb2RCM3lnTjBBNw?oc=5
RSS_CBMioAFBVV95cUxNZl9uVmVmOG1ZV3hHeVBuVDNrSjBXU3FCWUhsb3poYllqaElNclFvWHhMNHdOVDRDWHRYUzlpcXJjdlhBRlpxWl9mS2EycEMtOVAzd2JNb2llbThYSXR6Q054U3k5THdOdUVhSzZOQ1dIRzVxUHROMGJrbDYyazBMZmpHcTFuQm9VQTFzOEtrcjRHOGNqZXNVcTF4RG1xNHFy,r/HomeImprovement,Havells,Homebuilder / Designer,4,Surface Mount 2-gang box that’s not shallow? - Reddit,https://news.google.com/rss/articles/CBMioAFBVV95cUxNZl9uVmVmOG1ZV3hHeVBuVDNrSjBXU3FCWUhsb3poYllqaElNclFvWHhMNHdOVDRDWHRYUzlpcXJjdlhBRlpxWl9mS2EycEMtOVAzd2JNb2llbThYSXR6Q054U3k5THdOdUVhSzZOQ1dIRzVxUHROMGJrbDYyazBMZmpHcTFuQm9VQTFzOEtrcjRHOGNqZXNVcTF4RG1xNHFy?oc=5
RSS_CBMipwFBVV95cUxPaDNMOEk5dVNRT0JmVW1RLU0zdFFEMlR6cW04N2ZzeDVLc01pVU1BMUt1dUVBYU4zOUlEUS1iOEFhZHZxdERQanNmQ3pKbFV4eWZTcWZDTHZlWVBET0dELVR6Zk8xV3NJN29OOTU1Q2EzX1lDRmFkYjRZYTI1aGFzT0FKRVdjQUtlcG9xSktzbmhrcEU0NDJUeGVOa0x3Qmd4bG56TXlpMA,r/HomeImprovement,Havells,Homebuilder / Designer,4,TV power kit seems like it may be against code? - Reddit,https://news.google.com/rss/articles/CBMipwFBVV95cUxPaDNMOEk5dVNRT0JmVW1RLU0zdFFEMlR6cW04N2ZzeDVLc01pVU1BMUt1dUVBYU4zOUlEUS1iOEFhZHZxdERQanNmQ3pKbFV4eWZTcWZDTHZlWVBET0dELVR6Zk8xV3NJN29OOTU1Q2EzX1lDRmFkYjRZYTI1aGFzT0FKRVdjQUtlcG9xSktzbmhrcEU0NDJUeGVOa0x3Qmd4bG56TXlpMA?oc=5
RSS_CBMiowFBVV95cUxQQ29KT2JkZTl5eEpyZEZ0ekpGMlY0eG9BcnBTOV9KWG4wRk5NVE96bUFlV0M5dmx2UWlrUDA3V2FHeDRXMjBRdUlxQXlKUXVYU2FWeGF2aXQ5d0pHRlVLZktYY09handQemE3R2RBTEF2WWY1NDFVQVM3Yi0yUzFjVE51Rm5fN1F2QWJucnJ0U0Y3V3lvbkFhM2Fqei1BcXN2VHRr,r/HomeImprovement,GM,Homebuilder / Designer,4,Bathroom exhaust fan with built in humidity sensor vs in-wall humidity sensor switch - Reddit,https://news.google.com/rss/articles/CBMiowFBVV95cUxQQ29KT2JkZTl5eEpyZEZ0ekpGMlY0eG9BcnBTOV9KWG4wRk5NVE96bUFlV0M5dmx2UWlrUDA3V2FHeDRXMjBRdUlxQXlKUXVYU2FWeGF2aXQ5d0pHRlVLZktYY09handQemE3R2RBTEF2WWY1NDFVQVM3Yi0yUzFjVE51Rm5fN1F2QWJucnJ0U0Y3V3lvbkFhM2Fqei1BcXN2VHRr?oc=5
RSS_CBMiqgFBVV95cUxNNFpYWXRiWjFIZGpjbi1sSjg2bFFfZEZuM3RiRHJabkFzME5ScWhBWl9FaEdmaVFlU0JFZHlFM2Vra1dEOEZOeDV2NHhQa2dJWXlnbmxNR1RCc052em1uRXFrX0FvNTlZcm45WHN1RGc3MGJoSWg1bDFQMExHdTZOTGhxMHNybG9JbmlfQjRTejRHc2ZrMHgxcFNrNTEtbVMwN3g5b3BiN3V0dw,r/HomeImprovement,Havells,Homebuilder / Designer,4,Under cabinet outlet strip. Would you do it again? - Reddit,https://news.google.com/rss/articles/CBMiqgFBVV95cUxNNFpYWXRiWjFIZGpjbi1sSjg2bFFfZEZuM3RiRHJabkFzME5ScWhBWl9FaEdmaVFlU0JFZHlFM2Vra1dEOEZOeDV2NHhQa2dJWXlnbmxNR1RCc052em1uRXFrX0FvNTlZcm45WHN1RGc3MGJoSWg1bDFQMExHdTZOTGhxMHNybG9JbmlfQjRTejRHc2ZrMHgxcFNrNTEtbVMwN3g5b3BiN3V0dw?oc=5
RSS_CBMijwFBVV95cUxPU0V1OEh2cEVTS0doT0VPTEZkalhuVzBqbElHVXZiTk5sNG1nVnpkRWRvT2VTRlNnWnZGd1BQbFZDR3o0aXBJanZGTUVNQlJwSzVQNnZ5ZXBhTUU4VnpaWkM0YWRPN2NQMWYxUWt0Z0YzYXhEQ0JEd1hMTUVPcmNXa3plS25HR2VhMnB2MFY3NA,r/HomeImprovement,Havells,Homebuilder / Designer,4,Dimmer causing stove to buzz - Reddit,https://news.google.com/rss/articles/CBMijwFBVV95cUxPU0V1OEh2cEVTS0doT0VPTEZkalhuVzBqbElHVXZiTk5sNG1nVnpkRWRvT2VTRlNnWnZGd1BQbFZDR3o0aXBJanZGTUVNQlJwSzVQNnZ5ZXBhTUU4VnpaWkM0YWRPN2NQMWYxUWt0Z0YzYXhEQ0JEd1hMTUVPcmNXa3plS25HR2VhMnB2MFY3NA?oc=5
RSS_CBMinAFBVV95cUxOd3ZIUjRKUWVTUGdlUmdVdUU1bXlUNmtFYkRCS3dLeG1uc3pSdC11WGZwSTdSaklvSWFveXFfQ1J5RkJNbUxHd3o1emZtWU9xWkdZcUlWMmlLQkNyMDVEeGpncTloZGY1cGNEWUtOMHo1dUxfZG9oU1g4RDVrSlBlSUtaeGpfUU9SQl9EVWV3OVdVU25xYl9CeHd5aWg,r/HomeImprovement,Havells,Homebuilder / Designer,4,Looking for Nightlight/ USB Wall Outlet - Reddit,https://news.google.com/rss/articles/CBMinAFBVV95cUxOd3ZIUjRKUWVTUGdlUmdVdUU1bXlUNmtFYkRCS3dLeG1uc3pSdC11WGZwSTdSaklvSWFveXFfQ1J5RkJNbUxHd3o1emZtWU9xWkdZcUlWMmlLQkNyMDVEeGpncTloZGY1cGNEWUtOMHo1dUxfZG9oU1g4RDVrSlBlSUtaeGpfUU9SQl9EVWV3OVdVU25xYl9CeHd5aWg?oc=5
RSS_CBMipgFBVV95cUxNWUJZUVllcC1xVE5vSWdYOGJTaHd0dm1tdnZxdjRYQzZiRmxTNVpHaDJhbHFxXzdtdGNVejNQRmllYnZUbkY5MjdyMVNoUVNfaUNHdlRCX1l6b1ZncUhsVFhQUHZ4RWNWeWR5UGhCZUp0djB2R2lxYk16enZHV0hsQTctWF9TZy03YnFaZDFkNGkyakN5MkRkQ0FENm5GaTIwVG5HOEln,r/HomeImprovement,Havells,Homebuilder / Designer,4,Is this electrical box and mount adequate for installing a ceiling fan? - Reddit,https://news.google.com/rss/articles/CBMipgFBVV95cUxNWUJZUVllcC1xVE5vSWdYOGJTaHd0dm1tdnZxdjRYQzZiRmxTNVpHaDJhbHFxXzdtdGNVejNQRmllYnZUbkY5MjdyMVNoUVNfaUNHdlRCX1l6b1ZncUhsVFhQUHZ4RWNWeWR5UGhCZUp0djB2R2lxYk16enZHV0hsQTctWF9TZy03YnFaZDFkNGkyakN5MkRkQ0FENm5GaTIwVG5HOEln?oc=5
RSS_CBMimAFBVV95cUxOWnAyRWpSRkp0QnV2SEQ0RDU3YzdZTEdBQ1FkcUNieXZXZGpzMFpzWC12TXpadmZyS3VjeVFUM3RXLTJXYlNDXzlHS09Za05DcHViTTExYVU3dUQ4TEFtZEdzUnhBdUNSc2ZsSHpTNEcyYTg2dnhOaGE2bGxHWk82bTdjd25fNDlubDBsY2dWYnBsYTNyVm5oNg,r/HomeImprovement,Havells,Homebuilder / Designer,4,Installed dimmer - LED delays + buzzing - Reddit,https://news.google.com/rss/articles/CBMimAFBVV95cUxOWnAyRWpSRkp0QnV2SEQ0RDU3YzdZTEdBQ1FkcUNieXZXZGpzMFpzWC12TXpadmZyS3VjeVFUM3RXLTJXYlNDXzlHS09Za05DcHViTTExYVU3dUQ4TEFtZEdzUnhBdUNSc2ZsSHpTNEcyYTg2dnhOaGE2bGxHWk82bTdjd25fNDlubDBsY2dWYnBsYTNyVm5oNg?oc=5
RSS_CBMiogFBVV95cUxOZTZNRXhsYjZ5Zm5WcjhHZ0NQY2Z3TnM3dTcwbmtlSGRJVFVib1p0WlJBS0FPX0VRSlBoWTRuZjBIdWVNaXhlZXlLWTBjeUwwVExWLVdyQ1M3X3E1SjJxaUdaXzdQOFBIaGxoSnBKd21DQjZnNG9ubVcwWV8tRTBYN0lIX0hwX1dZejlwLWFoaVNtN0loaENrVVRQQVlmMFRTc1E,r/HomeImprovement,Legrand,Homebuilder / Designer,4,Installing Legrand plugmold under cabinets - Reddit,https://news.google.com/rss/articles/CBMiogFBVV95cUxOZTZNRXhsYjZ5Zm5WcjhHZ0NQY2Z3TnM3dTcwbmtlSGRJVFVib1p0WlJBS0FPX0VRSlBoWTRuZjBIdWVNaXhlZXlLWTBjeUwwVExWLVdyQ1M3X3E1SjJxaUdaXzdQOFBIaGxoSnBKd21DQjZnNG9ubVcwWV8tRTBYN0lIX0hwX1dZejlwLWFoaVNtN0loaENrVVRQQVlmMFRTc1E?oc=5
RSS_CBMinAFBVV95cUxNaTlaUW5HYkdRdEswUzJVX2hQSHc5ZFAxYTlfZUNNc3kyeTN4TWR5SXNKUDViaTNsdmRlMnlEa2VRMllDaDRlMXlHUExnbk9SYTFlWENWWTk1S3Z0RW0wMkR1alBSUUJ0SkdkNDdZVmVZTldLeXFnc1F3NzFPZElSazVVTkNGS2otcVhyXy1FbGxaQzRWMDBiek93ZlU,r/HomeImprovement,Havells,Homebuilder / Designer,4,Utilitech retrofit led recessed lights - Reddit,https://news.google.com/rss/articles/CBMinAFBVV95cUxNaTlaUW5HYkdRdEswUzJVX2hQSHc5ZFAxYTlfZUNNc3kyeTN4TWR5SXNKUDViaTNsdmRlMnlEa2VRMllDaDRlMXlHUExnbk9SYTFlWENWWTk1S3Z0RW0wMkR1alBSUUJ0SkdkNDdZVmVZTldLeXFnc1F3NzFPZElSazVVTkNGS2otcVhyXy1FbGxaQzRWMDBiek93ZlU?oc=5
RSS_CBMiqAFBVV95cUxOMlVYanhVWHlyd280cE5fX1NVZnZvSV9CUHM4SWFlTXhpdFZVR3V6MDhiTFdUTnU3WkVQdkpweGRkd19PMGZHcFBWMFZnOFhid3h1MDFCeHJqZlJDZWs2LXo0cnd4LU9ubkdOZExDYzFRY3puMWU4TFNNSXBVeTV5VXRBcFFWRDFSYVo1blQwTkludkhRVDhoQ1c5Tm5VcnFUTFBzbDhMeDc,r/HomeImprovement,Havells,Homebuilder / Designer,4,"Adhesive from my Wiremold Cable Management isn't sticking to my walls permanently, any suggestions? - Reddit",https://news.google.com/rss/articles/CBMiqAFBVV95cUxOMlVYanhVWHlyd280cE5fX1NVZnZvSV9CUHM4SWFlTXhpdFZVR3V6MDhiTFdUTnU3WkVQdkpweGRkd19PMGZHcFBWMFZnOFhid3h1MDFCeHJqZlJDZWs2LXo0cnd4LU9ubkdOZExDYzFRY3puMWU4TFNNSXBVeTV5VXRBcFFWRDFSYVo1blQwTkludkhRVDhoQ1c5Tm5VcnFUTFBzbDhMeDc?oc=5
RSS_CBMingFBVV95cUxNaVVhR3hKd0FWY0hxRWMtV2xMcUxtYUpJWlg2ZThkNmlqZG5ITDJnMFNlWVBtWE45dWhic0RZUVo4SzF1MW82cGRKckxxSFhzWWRIN05BdE5GdXNUb1R5dUVLY1R1OGhDa0c1SGVMYV9heDBWUGM4dHZJeUdWS2lZY3AxUGw5LWk0QWp0VVc5ZHBiQ2lYWXM5NWlNa3BSUQ,r/HomeImprovement,GM,Homebuilder / Designer,4,How hard is it to change a light switch ? - Reddit,https://news.google.com/rss/articles/CBMingFBVV95cUxNaVVhR3hKd0FWY0hxRWMtV2xMcUxtYUpJWlg2ZThkNmlqZG5ITDJnMFNlWVBtWE45dWhic0RZUVo4SzF1MW82cGRKckxxSFhzWWRIN05BdE5GdXNUb1R5dUVLY1R1OGhDa0c1SGVMYV9heDBWUGM4dHZJeUdWS2lZY3AxUGw5LWk0QWp0VVc5ZHBiQ2lYWXM5NWlNa3BSUQ?oc=5
RSS_CBMiqwFBVV95cUxPWWRlRUtVaFZkLWlGMWE4SWhlcjBxX2NlYktYbjhuNXpjNlRKcWFiYktBTndJcVpqX0ZLYVBCQ0taTGNabm1tMDBUaDlZVFZJbERCMDhyYTVIdkt2UXZXd0h6Wkl0dU1xSXkwY1dQSVprU1hoR3VzMVVnTjROdEtxSVNzQjI0UWJCMml2T2ExYU9GRFJHcU5JUDk5QVZTdkFrR1poYWFUWV9aSlk,r/HomeImprovement,Legrand,Homebuilder / Designer,4,"Kitchen Remodel. Undercabinet LED: Strip? Or Fixture? And, Legrand Wiremold type undercabinet plugs - Reddit",https://news.google.com/rss/articles/CBMiqwFBVV95cUxPWWRlRUtVaFZkLWlGMWE4SWhlcjBxX2NlYktYbjhuNXpjNlRKcWFiYktBTndJcVpqX0ZLYVBCQ0taTGNabm1tMDBUaDlZVFZJbERCMDhyYTVIdkt2UXZXd0h6Wkl0dU1xSXkwY1dQSVprU1hoR3VzMVVnTjROdEtxSVNzQjI0UWJCMml2T2ExYU9GRFJHcU5JUDk5QVZTdkFrR1poYWFUWV9aSlk?oc=5
RSS_CBMioAFBVV95cUxNUm5HOEVyYVlqTXNnbWt5Wjl2d0p5eUlIeFZ5anUtdTc4MTFzMFhlSVNkUFFtQkhwa2xVUnJabkkza3N6ajM3bFdoX25oNjF1cVlrTVl2UEdkT2FuR0pPeEp0cGNsMUJTZmZNd0ZyeHl5c0h0bDNVQ0VONEFlekRIbHpxQ1FsTEVCaEFVLVJhZE53MV9GMmp6Z3p5c3Y4WVZs,r/HomeImprovement,GM,Homebuilder / Designer,4,"Can I add a hardwire to an outlet? (US, 110v) - Reddit",https://news.google.com/rss/articles/CBMioAFBVV95cUxNUm5HOEVyYVlqTXNnbWt5Wjl2d0p5eUlIeFZ5anUtdTc4MTFzMFhlSVNkUFFtQkhwa2xVUnJabkkza3N6ajM3bFdoX25oNjF1cVlrTVl2UEdkT2FuR0pPeEp0cGNsMUJTZmZNd0ZyeHl5c0h0bDNVQ0VONEFlekRIbHpxQ1FsTEVCaEFVLVJhZE53MV9GMmp6Z3p5c3Y4WVZs?oc=5
RSS_CBMijAFBVV95cUxOXzJvaUVtaHVDbU50bnU1Yjg5bzlUbDhGVnNNeFktYmtsVnI2NEhSYmVxSDlKNThJVlJQWktjaXRkdHFQZl9IcjNVekFFYk5zVXluU21mbUMxSUZ2aTl2cm5tYjY3aFJxNExpYTY1WG5odGN0NzUxN09DaEpTODY2UjkxZDlaRHdiaDYtVQ,r/HomeImprovement,Havells,Homebuilder / Designer,4,outlet on brick wall ideas? - Reddit,https://news.google.com/rss/articles/CBMijAFBVV95cUxOXzJvaUVtaHVDbU50bnU1Yjg5bzlUbDhGVnNNeFktYmtsVnI2NEhSYmVxSDlKNThJVlJQWktjaXRkdHFQZl9IcjNVekFFYk5zVXluU21mbUMxSUZ2aTl2cm5tYjY3aFJxNExpYTY1WG5odGN0NzUxN09DaEpTODY2UjkxZDlaRHdiaDYtVQ?oc=5
RSS_CBMilwFBVV95cUxPQlAwQnVra0tsejZpS25DOG1nRkhPUEVZV0JlWUdTdmFSR01JUy02N251dkZ6d1oxVk5NWXluY3ZmXzdIYVpYVm5tbTFWdlVnQ0lRMlFNelpUMFVBRWdjSjRaREV5Wkk4MG52SHI1VGZ6amRSQi1DcnlSM2JockZFT21JM2FvN1BvWUVKRUJKSDBKQkl3a19n,r/HomeImprovement,Havells,Homebuilder / Designer,4,GFCI plugs test red but have power - Reddit,https://news.google.com/rss/articles/CBMilwFBVV95cUxPQlAwQnVra0tsejZpS25DOG1nRkhPUEVZV0JlWUdTdmFSR01JUy02N251dkZ6d1oxVk5NWXluY3ZmXzdIYVpYVm5tbTFWdlVnQ0lRMlFNelpUMFVBRWdjSjRaREV5Wkk4MG52SHI1VGZ6amRSQi1DcnlSM2JockZFT21JM2FvN1BvWUVKRUJKSDBKQkl3a19n?oc=5
RSS_CBMipwFBVV95cUxNb0M4UW9tZDhVclRYZk1KRE1XbmlkNWhfY2FyTGpoUjJ4LWdQRndoelpBTUpWM1NQSEFXSXZtRFpldVV3RmR0QXhTZUNLcDcwWXQxR1pQN2k3RXJmM3dPYlFLZERETUxQVkZER21hdm03UHdjVDhsbkItUGxLNDI4RXg2VEFGUVk0dU16N2VWdGdzYzFHRWdyOE5PdGs0ZGNzQmY1dTRFVQ,r/HomeImprovement,Havells,Homebuilder / Designer,4,How to run ethernet cable through vinyl siding? - Reddit,https://news.google.com/rss/articles/CBMipwFBVV95cUxNb0M4UW9tZDhVclRYZk1KRE1XbmlkNWhfY2FyTGpoUjJ4LWdQRndoelpBTUpWM1NQSEFXSXZtRFpldVV3RmR0QXhTZUNLcDcwWXQxR1pQN2k3RXJmM3dPYlFLZERETUxQVkZER21hdm03UHdjVDhsbkItUGxLNDI4RXg2VEFGUVk0dU16N2VWdGdzYzFHRWdyOE5PdGs0ZGNzQmY1dTRFVQ?oc=5
RSS_CBMilwFBVV95cUxOb3FYYWxrakZpU3EtRkQ2b1hyaEo3OHFQdEozS0x1eHpHbFk0MXVDQTF1SEktWlZuc0hsWmJxdFNGOS1QTzBNX1pvdXkwWW9RdDJkTGwtZVlORHRsM2t5R1ZyOWhFREZfY2ZGN0ZsUGlPblZ1R0tLTFFnNUJaRkZjOUlmWXUxbHN6LUgzdHloREhyYVBSaW9r,r/HomeImprovement,Havells,Homebuilder / Designer,4,Putting live wires back into wall - Reddit,https://news.google.com/rss/articles/CBMilwFBVV95cUxOb3FYYWxrakZpU3EtRkQ2b1hyaEo3OHFQdEozS0x1eHpHbFk0MXVDQTF1SEktWlZuc0hsWmJxdFNGOS1QTzBNX1pvdXkwWW9RdDJkTGwtZVlORHRsM2t5R1ZyOWhFREZfY2ZGN0ZsUGlPblZ1R0tLTFFnNUJaRkZjOUlmWXUxbHN6LUgzdHloREhyYVBSaW9r?oc=5
RSS_CBMilgFBVV95cUxQY3ZBQjE2OTN4dktqN0FsdUwyVzUyS0EzTkpsV3RZM1RDaFNuOFI4b3ljOW1ycGVrSks3bWVVMHpzM2dMOWpHWmxQNGdJQTBvd0kwdERlT1JFa3lYSF9mcWhYaXUyZ290RXNVdUJ0TVhHMDUyQXAwN2VkWFo0bUF0ODRKVFV5MFZlMk1PWnp3VTJHZ01vRkE,r/HomeImprovement,Havells,Homebuilder / Designer,4,How to choose replacement outlets? - Reddit,https://news.google.com/rss/articles/CBMilgFBVV95cUxQY3ZBQjE2OTN4dktqN0FsdUwyVzUyS0EzTkpsV3RZM1RDaFNuOFI4b3ljOW1ycGVrSks3bWVVMHpzM2dMOWpHWmxQNGdJQTBvd0kwdERlT1JFa3lYSF9mcWhYaXUyZ290RXNVdUJ0TVhHMDUyQXAwN2VkWFo0bUF0ODRKVFV5MFZlMk1PWnp3VTJHZ01vRkE?oc=5
RSS_CBMioAFBVV95cUxQWnhoekdQSWJzcTR0RmxtNXpycU44WHJfaE44dzl4TEtWSlZEUDE1ckRXVGJDclY2VzN4T1B6YUNvblpjV3ZNUXFocUYyZ2R3UG14dHRUaVNiVE5LUnNlTkpzNG5hakJ0OVFqYzZfV0ZaMGo4VUc1Z0dXb29XX1hDSHJVaU9Oc1NGd2lFZ1RUMGZoQ05iOU02b29uaER0Qk1h,r/HomeImprovement,Havells,Homebuilder / Designer,4,Leviton lighted switches -- very early fail? - Reddit,https://news.google.com/rss/articles/CBMioAFBVV95cUxQWnhoekdQSWJzcTR0RmxtNXpycU44WHJfaE44dzl4TEtWSlZEUDE1ckRXVGJDclY2VzN4T1B6YUNvblpjV3ZNUXFocUYyZ2R3UG14dHRUaVNiVE5LUnNlTkpzNG5hakJ0OVFqYzZfV0ZaMGo4VUc1Z0dXb29XX1hDSHJVaU9Oc1NGd2lFZ1RUMGZoQ05iOU02b29uaER0Qk1h?oc=5
RSS_CBMiqAFBVV95cUxNbmRkNnA3cHZsU2QwUlE2Z01qUnF0SVQ5WFNMa1FLX0VoYmhqYWcxc1JuR3Q4SFVNazA2c3FVLVVWRXJNTHZTQy1zbU1jTi15cDh6Z216UW9hQlQwZHlPX1ZBeFpCekp4OHgya0tLRk9OM3pINjR3UGpSX2tibURkVS00TGJtTFpXaFluUVpTaWpjU05LSmxIdkVQNFBCUU43WUl2X3NOSU0,r/HomeImprovement,Havells,Homebuilder / Designer,4,Thoughts on Gold and Silver colored outlets and switches? - Reddit,https://news.google.com/rss/articles/CBMiqAFBVV95cUxNbmRkNnA3cHZsU2QwUlE2Z01qUnF0SVQ5WFNMa1FLX0VoYmhqYWcxc1JuR3Q4SFVNazA2c3FVLVVWRXJNTHZTQy1zbU1jTi15cDh6Z216UW9hQlQwZHlPX1ZBeFpCekp4OHgya0tLRk9OM3pINjR3UGpSX2tibURkVS00TGJtTFpXaFluUVpTaWpjU05LSmxIdkVQNFBCUU43WUl2X3NOSU0?oc=5
RSS_CBMiqgFBVV95cUxOeDFwR0djTWxHd20zc3FfWURPVGZxelZuTVRkY0JJZDE1Wk1GcWY4M25qSkZHRW9SM1ZLRUlVZ0Z3RG1fT0l2dVNUQ1BFdHJWbkFqWUptUk1KTWJBVUk4Z19rQUdsTXZsSkNualhhNV9nUVJ5eFhXNlJIRTlQN2lRTjAxQUsxOGpPUlR6N3Z0RnAtemRoZ1dSdlhlR0RYVk1EdWVkbGp5V2pQZw,r/HomeImprovement,Havells,Homebuilder / Designer,4,Looking for super high quality outlets/ switches. - Reddit,https://news.google.com/rss/articles/CBMiqgFBVV95cUxOeDFwR0djTWxHd20zc3FfWURPVGZxelZuTVRkY0JJZDE1Wk1GcWY4M25qSkZHRW9SM1ZLRUlVZ0Z3RG1fT0l2dVNUQ1BFdHJWbkFqWUptUk1KTWJBVUk4Z19rQUdsTXZsSkNualhhNV9nUVJ5eFhXNlJIRTlQN2lRTjAxQUsxOGpPUlR6N3Z0RnAtemRoZ1dSdlhlR0RYVk1EdWVkbGp5V2pQZw?oc=5
RSS_CBMioAFBVV95cUxOcFBfa0tBYms1UGRfUlR1TWtzZEFLVlh2VURLSkF1VGF5bWVkYjVpU2VHcU5tMUFnNzBYWjFkOFZ6UWdHMnBRQ1JWMFdwV3BuVllkU2tHclFYOXV4bnBDWlRITU1ESVA1bjRSbjdzUnZFZmNfd1AtcDBnRUctWnBORE1xQzhHcjNGU2RVVE1EWjVGY3VWY1VGaEQ3VTRfNF9F,r/HomeImprovement,Havells,Homebuilder / Designer,4,Do they make a surface mount ceiling fan relocation kit? - Reddit,https://news.google.com/rss/articles/CBMioAFBVV95cUxOcFBfa0tBYms1UGRfUlR1TWtzZEFLVlh2VURLSkF1VGF5bWVkYjVpU2VHcU5tMUFnNzBYWjFkOFZ6UWdHMnBRQ1JWMFdwV3BuVllkU2tHclFYOXV4bnBDWlRITU1ESVA1bjRSbjdzUnZFZmNfd1AtcDBnRUctWnBORE1xQzhHcjNGU2RVVE1EWjVGY3VWY1VGaEQ3VTRfNF9F?oc=5
RSS_CBMiogFBVV95cUxORnRrSE5BRVBJVHY0Y2NCMUp1M0JnM0lmTW05bEhOVzJEWTl5STBXeFpXS0ZiMUEwY3B2MThrbGtmRVdVWmVpSE1qX21CaW9OdTBNaHdERjk3MWNHTGVyX19xdGhlNkJEN3MxZFc2ME0xdmh6UmFOTlNRSVZ2eXZmYmw2UG1BTTJuNzBaYldJb1hjR0tlcWloLS1Bd0UtLWFSNmc,r/HomeImprovement,Havells,Homebuilder / Designer,4,When did Rocker Light Switches became Junk - Reddit,https://news.google.com/rss/articles/CBMiogFBVV95cUxORnRrSE5BRVBJVHY0Y2NCMUp1M0JnM0lmTW05bEhOVzJEWTl5STBXeFpXS0ZiMUEwY3B2MThrbGtmRVdVWmVpSE1qX21CaW9OdTBNaHdERjk3MWNHTGVyX19xdGhlNkJEN3MxZFc2ME0xdmh6UmFOTlNRSVZ2eXZmYmw2UG1BTTJuNzBaYldJb1hjR0tlcWloLS1Bd0UtLWFSNmc?oc=5
RSS_CBMipAFBVV95cUxOOExxMjVQa1ZxVDFoNndTT1hJVFdNQmY4blBYQXJfc1NnN3Q1NDgyZDBtckpBTWxrREdJZnp1SENxSGVrbGNFVDdQWjh1NURwWGoweUFFOVZlSzdQWFZWWTNRUlZlMUJwZnhmdnNiTWkxNTdzbHEzY0ZtSkVCY1ozYmZMLXNNYWNPMXNWRjZKRmdrdlVzYXk3MjhTVzRZVnVOZ2tGbw,r/HomeImprovement,Legrand,Homebuilder / Designer,4,How to cover gaps in Legrand wiremold track - angled ceiling? - Reddit,https://news.google.com/rss/articles/CBMipAFBVV95cUxOOExxMjVQa1ZxVDFoNndTT1hJVFdNQmY4blBYQXJfc1NnN3Q1NDgyZDBtckpBTWxrREdJZnp1SENxSGVrbGNFVDdQWjh1NURwWGoweUFFOVZlSzdQWFZWWTNRUlZlMUJwZnhmdnNiTWkxNTdzbHEzY0ZtSkVCY1ozYmZMLXNNYWNPMXNWRjZKRmdrdlVzYXk3MjhTVzRZVnVOZ2tGbw?oc=5
RSS_CBMiqwFBVV95cUxObWlBd0o0eHBLLWxKbnFEazhKb3hZN0xfOG56TVJhSDJmdXdNRTBqLThyY285V003WS1xcU1pT0QxZ0tHOEhmQ3g1bkl6TTZVNWgzTXZtMDFIQldFd3I0NWtzc19yZWt1YkJpNHYxNkFLYlYyRzJSZWJIbDgxemh3RjROeUNFdUgwaWJEcjFqTEwzRDZFa0d4azdFdWxoYnlDQ2JRME5IRG5hMGM,r/HomeImprovement,GM,Homebuilder / Designer,4,Trying to get a motion sensor switch to work with no ground wire. - Reddit,https://news.google.com/rss/articles/CBMiqwFBVV95cUxObWlBd0o0eHBLLWxKbnFEazhKb3hZN0xfOG56TVJhSDJmdXdNRTBqLThyY285V003WS1xcU1pT0QxZ0tHOEhmQ3g1bkl6TTZVNWgzTXZtMDFIQldFd3I0NWtzc19yZWt1YkJpNHYxNkFLYlYyRzJSZWJIbDgxemh3RjROeUNFdUgwaWJEcjFqTEwzRDZFa0d4azdFdWxoYnlDQ2JRME5IRG5hMGM?oc=5
RSS_CBMipwFBVV95cUxQN2NzVEdBNGl6WWRRZFFFcDEzcmZtZjhhQTBiN3ZIbVE3RzRESVhPbDRYVTNkdGNIVkdUdmtFaU1zTm1WWWp0bFUxd1RSUVR0aWRWa1NhcTF6dDF5czN5MVhPQ3hTOTA4V2s5TVU1djVtNkVuaWkwd2ZUNjByNVVFa09iNGRwaDJLbjhTMkdHcUVmLWxnbHdXX1pBVzVLOTQxc3BiYkZkUQ,r/HomeImprovement,Havells,Homebuilder / Designer,4,Light switch is popping out. Is this normal for one that’s not even 2 years old. - Reddit,https://news.google.com/rss/articles/CBMipwFBVV95cUxQN2NzVEdBNGl6WWRRZFFFcDEzcmZtZjhhQTBiN3ZIbVE3RzRESVhPbDRYVTNkdGNIVkdUdmtFaU1zTm1WWWp0bFUxd1RSUVR0aWRWa1NhcTF6dDF5czN5MVhPQ3hTOTA4V2s5TVU1djVtNkVuaWkwd2ZUNjByNVVFa09iNGRwaDJLbjhTMkdHcUVmLWxnbHdXX1pBVzVLOTQxc3BiYkZkUQ?oc=5
RSS_CBMingFBVV95cUxPT25lTm51ZXhYZUF0Z1JyNU9pc0hnUldRWEpoOUJmYWVEejU0Y19vWWMzTkh2bUV0MkVpNjYyWUF6VThVOWVRNWE5bi1KX0Z2LTFtM1hmRDN4ZzJIRzd4eXlJU0FZck0td2FKczl1aHNhRl9QQXZYcEZVWkhYZW1fYzRZQTNqbXdla1ZaQS1GTUdVZHZabnF3bV92OF9hdw,r/HomeImprovement,Anchor,Homebuilder / Designer,4,Very hard for me to use drywall anchors - Reddit,https://news.google.com/rss/articles/CBMingFBVV95cUxPT25lTm51ZXhYZUF0Z1JyNU9pc0hnUldRWEpoOUJmYWVEejU0Y19vWWMzTkh2bUV0MkVpNjYyWUF6VThVOWVRNWE5bi1KX0Z2LTFtM1hmRDN4ZzJIRzd4eXlJU0FZck0td2FKczl1aHNhRl9QQXZYcEZVWkhYZW1fYzRZQTNqbXdla1ZaQS1GTUdVZHZabnF3bV92OF9hdw?oc=5
RSS_CBMiqwFBVV95cUxPMmZjc0pHRXBNeGI2bnUwcWlTazU2dEE3Z3p0MU5jQzI4aDdUWk5qN1hpcVFNMUdxWXVRc0RzdVphQlp4R0xmUEhDWHFLX3FuWk9FYW5IS2lMNWtoTmlSanZEY3VvNVdGYTMzcU1xMG9QbWsyRUVteVdHei1CNWNweHQtQ21GVU5Nam5oVF9ET3RIeEI2R3FUZXlLampiWUNjclo2OEVtSlQxcDg,r/HomeImprovement,Anchor,Homebuilder / Designer,4,"First time spackling and was curious how to best fill these anchor holes. I applied a coat and they didn't fill the anchor holes in all the way. Did some light prepping to smooth out the area, but didn't get the spackle all the way into the hole. What should I do next? - Reddit",https://news.google.com/rss/articles/CBMiqwFBVV95cUxPMmZjc0pHRXBNeGI2bnUwcWlTazU2dEE3Z3p0MU5jQzI4aDdUWk5qN1hpcVFNMUdxWXVRc0RzdVphQlp4R0xmUEhDWHFLX3FuWk9FYW5IS2lMNWtoTmlSanZEY3VvNVdGYTMzcU1xMG9QbWsyRUVteVdHei1CNWNweHQtQ21GVU5Nam5oVF9ET3RIeEI2R3FUZXlLampiWUNjclo2OEVtSlQxcDg?oc=5
RSS_CBMipgFBVV95cUxPUGxTR09OWnVsVVRYdDk2Ni00UzhBYV80YmxWN0JOVmJJa29IeUFNUEJUaVZsTzhiVlUxS3hKOU1fX0g5VHBOc1ZETDNqM1dTUy1uV216Y3ROblJvUVRhQmx1UkdFc1cxU016cllyZ2dfTFB2QmZXcTRlb0t3UmhfVnBZWmhPZWxnTW5PbENaR1RyUW5fR0t4MTVXV0RpallmTWJPejV3,r/HomeImprovement,Anchor,Homebuilder / Designer,4,How to install drywall anchor on drywall with wood beam? - Reddit,https://news.google.com/rss/articles/CBMipgFBVV95cUxPUGxTR09OWnVsVVRYdDk2Ni00UzhBYV80YmxWN0JOVmJJa29IeUFNUEJUaVZsTzhiVlUxS3hKOU1fX0g5VHBOc1ZETDNqM1dTUy1uV216Y3ROblJvUVRhQmx1UkdFc1cxU016cllyZ2dfTFB2QmZXcTRlb0t3UmhfVnBZWmhPZWxnTW5PbENaR1RyUW5fR0t4MTVXV0RpallmTWJPejV3?oc=5
RSS_CBMiqwFBVV95cUxQY0VDdzY1V0dNeHEtZHA3TDRjNWVUWnIzS2M3Y01oc2NRMVZURkpnQlZnMExKQUIwLWdsbFM3UUxCa2NRRnI0OGlfNW1uUkZrQzRxbUxGbE9na3RlV05pRGhraWRsUFVWYlktY2o3U1I4MEoxV3NRdTdJSk0wNU56bjN0Z2tkdkhzOTNOT1Z5T2lGQjJpekdTdXMtMWEwS1dob200bTAtbEJPYUk,r/HomeImprovement,Anchor,Homebuilder / Designer,4,Does anyone have experience in using those white screwdriver install drywall anchors? - Reddit,https://news.google.com/rss/articles/CBMiqwFBVV95cUxQY0VDdzY1V0dNeHEtZHA3TDRjNWVUWnIzS2M3Y01oc2NRMVZURkpnQlZnMExKQUIwLWdsbFM3UUxCa2NRRnI0OGlfNW1uUkZrQzRxbUxGbE9na3RlV05pRGhraWRsUFVWYlktY2o3U1I4MEoxV3NRdTdJSk0wNU56bjN0Z2tkdkhzOTNOT1Z5T2lGQjJpekdTdXMtMWEwS1dob200bTAtbEJPYUk?oc=5
RSS_CBMinwFBVV95cUxPWlFGam1iM3YtSnVsS2Nja1VxUXJVcFIzcFZFSmxvQ0dJWlY1VDJhX3d5TjBkc3ZiMWVCTFJKSy1DSVFvRGNKVUkzdjZOR0trdXR0NnctZWdmZEZrMTgyY0N3YUViY1AtRE5rY0pUREZYTjU1Y25PU09oSXhKU041Si00TlVmeWRyNlRoWmdoR2pjTkVnTTlzWmhPTzN0RG8,r/HomeImprovement,Anchor,Homebuilder / Designer,4,Drywall “anchors” didn’t hold towel bar up - Reddit,https://news.google.com/rss/articles/CBMinwFBVV95cUxPWlFGam1iM3YtSnVsS2Nja1VxUXJVcFIzcFZFSmxvQ0dJWlY1VDJhX3d5TjBkc3ZiMWVCTFJKSy1DSVFvRGNKVUkzdjZOR0trdXR0NnctZWdmZEZrMTgyY0N3YUViY1AtRE5rY0pUREZYTjU1Y25PU09oSXhKU041Si00TlVmeWRyNlRoWmdoR2pjTkVnTTlzWmhPTzN0RG8?oc=5
RSS_CBMipwFBVV95cUxOd2ZUaU1tSlVtU01KODcwb3ZoSDhReVlrNExQTE9aLUs2dm5KazlNTUlhZjVfNlAwQzZCWklsWFlSQmJZdU1vWVV5X3Fid1RjREVlSmZSQXBXX0FROFN0X0pMOWt2SHFKUEY0UXplbEpRVWhQbWxlZ0pOR3JNd0FweVEyWDdaYjZmc2RpOWU1YjRiUFBScnBkbkxTQTlOYXJvd2NLQUJDZw,r/HomeImprovement,Anchor,Homebuilder / Designer,4,How do I cover/remove this drywall anchor with minimal damage? - Reddit,https://news.google.com/rss/articles/CBMipwFBVV95cUxOd2ZUaU1tSlVtU01KODcwb3ZoSDhReVlrNExQTE9aLUs2dm5KazlNTUlhZjVfNlAwQzZCWklsWFlSQmJZdU1vWVV5X3Fid1RjREVlSmZSQXBXX0FROFN0X0pMOWt2SHFKUEY0UXplbEpRVWhQbWxlZ0pOR3JNd0FweVEyWDdaYjZmc2RpOWU1YjRiUFBScnBkbkxTQTlOYXJvd2NLQUJDZw?oc=5
RSS_CBMinAFBVV95cUxNUnFNVzN5YTdZNm4xMVJvWVZ1bnlpVUd2MEI3NG5FbjJwX2RCNmlkWTUtMEdpcVR0bFNTTHRibUk2TXFseHJzd0JtYVhIVWdwcnRpTVhIUHZTZWpManN6Q0x2SjdyY0FreE5ndnNqTlpEclpJcV96eDREclh6ZVdlU0pFdUlOaTdNV3JXby04YnBHRURXTTcxeHRqd0E,r/HomeImprovement,Anchor,Homebuilder / Designer,4,"Dry wall anchors, screws, or studs oh my - Reddit",https://news.google.com/rss/articles/CBMinAFBVV95cUxNUnFNVzN5YTdZNm4xMVJvWVZ1bnlpVUd2MEI3NG5FbjJwX2RCNmlkWTUtMEdpcVR0bFNTTHRibUk2TXFseHJzd0JtYVhIVWdwcnRpTVhIUHZTZWpManN6Q0x2SjdyY0FreE5ndnNqTlpEclpJcV96eDREclh6ZVdlU0pFdUlOaTdNV3JXby04YnBHRURXTTcxeHRqd0E?oc=5
RSS_CBMiowFBVV95cUxNM0k1dWpMV3FzN1hPMW0zTk1WXzh3cGlSWXdKNFBaNGdta3d4cWY1b3hKbXEycGh1YTVtZUJBVGR2LUFDR1ZBbDVyYTJKVnB4c0FZZDBfcGRXZkh2UEFvb3NXcFBUZDF6aVhyaVJWVjdPeWJPcjdNZnVvZ3g2eXNMLThfQ3NhcW50TDVGSzkwQzM3dlAtRWl3c0ZpSEh6b19aVVBR,r/HomeImprovement,Anchor,Homebuilder / Designer,4,Do I need to use drywall anchor if drilling directly into stud ? - Reddit,https://news.google.com/rss/articles/CBMiowFBVV95cUxNM0k1dWpMV3FzN1hPMW0zTk1WXzh3cGlSWXdKNFBaNGdta3d4cWY1b3hKbXEycGh1YTVtZUJBVGR2LUFDR1ZBbDVyYTJKVnB4c0FZZDBfcGRXZkh2UEFvb3NXcFBUZDF6aVhyaVJWVjdPeWJPcjdNZnVvZ3g2eXNMLThfQ3NhcW50TDVGSzkwQzM3dlAtRWl3c0ZpSEh6b19aVVBR?oc=5
RSS_CBMipwFBVV95cUxPdjJ4cENhaTJOSFhObGk5TVV0dGxDRGxpakZwZm9RUkc1OHY0RWNQOU1zdVVzWEo2LWRvOUhId3ppeUd6QW1WOFVPU2VQeEJ3TWNJNEtmSmJBZ0hjamRGVU9Zak9wWWF2V1NyX2o1eWNCb09sbU5nT2pjTnd6S3ZTUE13bTltemNzNnR0ekdmdU8zRjlxZ3NxN1l0MUdpODJ0NW1tLTVmZw,r/HomeImprovement,Anchor,Homebuilder / Designer,4,How to remove wall anchors that were plastered over? - Reddit,https://news.google.com/rss/articles/CBMipwFBVV95cUxPdjJ4cENhaTJOSFhObGk5TVV0dGxDRGxpakZwZm9RUkc1OHY0RWNQOU1zdVVzWEo2LWRvOUhId3ppeUd6QW1WOFVPU2VQeEJ3TWNJNEtmSmJBZ0hjamRGVU9Zak9wWWF2V1NyX2o1eWNCb09sbU5nT2pjTnd6S3ZTUE13bTltemNzNnR0ekdmdU8zRjlxZ3NxN1l0MUdpODJ0NW1tLTVmZw?oc=5
RSS_CBMikgFBVV95cUxPeEVlSk80UkRaeUNBbzZKWmx6VDZyY3VGR1dmUThSaURiMlVxRC1zRFBBck1tenBnQXJmcEF1NFV2dVlOZnZVYWw0TFh3OTM0NEVWcktVVjhoQlR4NWs1YmhhMFpUcHpGWkJIQ09HNnFwdC1waEM1MDUxQzVMaGlLcVhNTm8yVk56ZnowMFdIYTY1dw,r/HomeImprovement,Anchor,Homebuilder / Designer,4,Dry wall anchors not gripping - Reddit,https://news.google.com/rss/articles/CBMikgFBVV95cUxPeEVlSk80UkRaeUNBbzZKWmx6VDZyY3VGR1dmUThSaURiMlVxRC1zRFBBck1tenBnQXJmcEF1NFV2dVlOZnZVYWw0TFh3OTM0NEVWcktVVjhoQlR4NWs1YmhhMFpUcHpGWkJIQ09HNnFwdC1waEM1MDUxQzVMaGlLcVhNTm8yVk56ZnowMFdIYTY1dw?oc=5
RSS_CBMiqwFBVV95cUxPVkpZQVFBZVExclZPUkJiZW14TmJGdVJNZWFTMEthRU5uNkc5ZmFtM3BfVEZRZTR2T0Rnb0M4cFVzWmNtN21lVkE3c24td2hveXYwenkyMnB1X3dIUHVyT1lSZTZBTkZhYncwSUhlQml5dER0MUJMc19qaWs4U2FSRm9hODluVHNvMWJqRTJxLUxEMjJFM204M2tyT1lTTEpjcE9GVENBNFhmcXM,r/HomeImprovement,Anchor,Homebuilder / Designer,4,Plaster Walls from Hell: Secure anchors for screws? - Reddit,https://news.google.com/rss/articles/CBMiqwFBVV95cUxPVkpZQVFBZVExclZPUkJiZW14TmJGdVJNZWFTMEthRU5uNkc5ZmFtM3BfVEZRZTR2T0Rnb0M4cFVzWmNtN21lVkE3c24td2hveXYwenkyMnB1X3dIUHVyT1lSZTZBTkZhYncwSUhlQml5dER0MUJMc19qaWs4U2FSRm9hODluVHNvMWJqRTJxLUxEMjJFM204M2tyT1lTTEpjcE9GVENBNFhmcXM?oc=5
RSS_CBMiqgFBVV95cUxQQ243WEFZanYxZ3AtZ3ExaS1PVUV1UE5PUmxmVGhadkNfTVB5ZG1ONnZpdkdzamItSUFDV0c2Qk5jSHQyZVlwLXRMTFcxdlBhWWJIZnRUdzdvUFl6QkI5WktqZ0pRRnllS0xWTWdIMFBVak9VZXRNRUZJSXphVF80M1Y1OHRudU0zTzh6T1Q1dnVwdkZ2QmgyZzNkUUs3ZllPUHBzX0JUcE5EUQ,r/HomeImprovement,Anchor,Homebuilder / Designer,4,Can I use a 4x4 wood post vertically to anchor a sun shade sail to? - Reddit,https://news.google.com/rss/articles/CBMiqgFBVV95cUxQQ243WEFZanYxZ3AtZ3ExaS1PVUV1UE5PUmxmVGhadkNfTVB5ZG1ONnZpdkdzamItSUFDV0c2Qk5jSHQyZVlwLXRMTFcxdlBhWWJIZnRUdzdvUFl6QkI5WktqZ0pRRnllS0xWTWdIMFBVak9VZXRNRUZJSXphVF80M1Y1OHRudU0zTzh6T1Q1dnVwdkZ2QmgyZzNkUUs3ZllPUHBzX0JUcE5EUQ?oc=5
RSS_CBMipwFBVV95cUxQSGRzUEJsN0ZJc2VvdGZ3eWNiODF6bTljSFZFcWwtRTVtNXU0S25jNWxLNEF4ZllTTjB3U21Ga09BWEVDWktGa1ZSa0dRYVVJQ2dDMGs2Uk90Qk1FYVRKb250c2hCTEo5M3YyM3FQUXhabE5hMzNlNGtNYWJnYk9odHpnUWpjeGZscFUtZXpwdzVSUnhORDkyTllQTlZvVTYyTk52VVQ3WQ,r/HomeImprovement,Anchor,Homebuilder / Designer,4,Drywall Anchors - Pulled out of wall and need to rehang in exact same spot - Reddit,https://news.google.com/rss/articles/CBMipwFBVV95cUxQSGRzUEJsN0ZJc2VvdGZ3eWNiODF6bTljSFZFcWwtRTVtNXU0S25jNWxLNEF4ZllTTjB3U21Ga09BWEVDWktGa1ZSa0dRYVVJQ2dDMGs2Uk90Qk1FYVRKb250c2hCTEo5M3YyM3FQUXhabE5hMzNlNGtNYWJnYk9odHpnUWpjeGZscFUtZXpwdzVSUnhORDkyTllQTlZvVTYyTk52VVQ3WQ?oc=5
RSS_CBMioAFBVV95cUxQWjVIdUtvbm9lM09xMnYwdGhNQlNqTHV0Tmdzb1Z4RzlZbVRMUWVoNHotdjF6WWMzSGlfN2tTaG9NSVNnaDl4ZGd5RDZkNnBEcDRIcmVDM1p0czZVSElqOHZLaVpZcXI5dDZpcWRlMFkyVl95ZmdOUkpiMXRLeHlZdFpzcHFHV19kSDNWdlNSMjMtNEdnZnI1Ql9LNDR4RXhB,r/HomeImprovement,Anchor,Homebuilder / Designer,4,Drywall so thick and hard that it broke a self-screwing anchor? What is this? - Reddit,https://news.google.com/rss/articles/CBMioAFBVV95cUxQWjVIdUtvbm9lM09xMnYwdGhNQlNqTHV0Tmdzb1Z4RzlZbVRMUWVoNHotdjF6WWMzSGlfN2tTaG9NSVNnaDl4ZGd5RDZkNnBEcDRIcmVDM1p0czZVSElqOHZLaVpZcXI5dDZpcWRlMFkyVl95ZmdOUkpiMXRLeHlZdFpzcHFHV19kSDNWdlNSMjMtNEdnZnI1Ql9LNDR4RXhB?oc=5
RSS_CBMirAFBVV95cUxOcE9uSWV6WUxFbHdNX20zZHRlWnNKWmVqbFBJMmRMb2VuaThhR0RzdFpWM0lSd3RMOEgxNGhHVTF1RWlXaUtZLUtQMEcydUdsd0E4VDhDMENqTlpQMzB0bjEyTHd5TmVRM3JyUkpzUjFrUzMzZEpOQkRBaHd5UVNLYThucUpub1ZFOHJFVGlNV0w3WFJXbkFacFR3Nnk3RHo2WjdRTW5iQWVoS05h,r/HomeImprovement,Anchor,Homebuilder / Designer,4,Building a shed - foundation and anchoring required? - Reddit,https://news.google.com/rss/articles/CBMirAFBVV95cUxOcE9uSWV6WUxFbHdNX20zZHRlWnNKWmVqbFBJMmRMb2VuaThhR0RzdFpWM0lSd3RMOEgxNGhHVTF1RWlXaUtZLUtQMEcydUdsd0E4VDhDMENqTlpQMzB0bjEyTHd5TmVRM3JyUkpzUjFrUzMzZEpOQkRBaHd5UVNLYThucUpub1ZFOHJFVGlNV0w3WFJXbkFacFR3Nnk3RHo2WjdRTW5iQWVoS05h?oc=5
RSS_CBMiqgFBVV95cUxOSTdnOHd6Z1JiaW5IeEE3eldGZGRoWE9kT1Y2aFlteE0xblRfRXZUVW1uQU02a0hpZl9JUkNsRV9YZWVHZlZjLUxYdDBWOURPWmwtS3NBcHh6VUZfUGhWci1pNHdXRUttc0dmb2dHcnlyOFQ2aWsyXzNzTzFDZ3JSeDRFeWcxLURveE1EbkVvZnByUUw2M2N6aU9HX1JGalprd2o3N2dfLUdMdw,r/HomeImprovement,Anchor,Homebuilder / Designer,4,Can I use hollow wall toggle anchors to support floating shelf hardware? - Reddit,https://news.google.com/rss/articles/CBMiqgFBVV95cUxOSTdnOHd6Z1JiaW5IeEE3eldGZGRoWE9kT1Y2aFlteE0xblRfRXZUVW1uQU02a0hpZl9JUkNsRV9YZWVHZlZjLUxYdDBWOURPWmwtS3NBcHh6VUZfUGhWci1pNHdXRUttc0dmb2dHcnlyOFQ2aWsyXzNzTzFDZ3JSeDRFeWcxLURveE1EbkVvZnByUUw2M2N6aU9HX1JGalprd2o3N2dfLUdMdw?oc=5
RSS_CBMiowFBVV95cUxPR284N1hjRXAteU01RmM4SzNuV1RIUnlUZHAwSDhhNGRrRDZ6eEt6ZHJVSW5LVjlaYXpnSmhVU2pzaWpBUDVuelZrR0t1TWhCVFl5OUptMGtBejk1YmY5ZEFlOWtmTHNZNkNpcDBYcFhZUXVzOVZWYXBGTl84S1lqVkFqMV9mOHFSSE44cXpEaU1sOWVvTXlOa1k1QmJOWk1JOEEw,r/HomeImprovement,Havells,Homebuilder / Designer,4,Best method for attaching post to concrete? - Reddit,https://news.google.com/rss/articles/CBMiowFBVV95cUxPR284N1hjRXAteU01RmM4SzNuV1RIUnlUZHAwSDhhNGRrRDZ6eEt6ZHJVSW5LVjlaYXpnSmhVU2pzaWpBUDVuelZrR0t1TWhCVFl5OUptMGtBejk1YmY5ZEFlOWtmTHNZNkNpcDBYcFhZUXVzOVZWYXBGTl84S1lqVkFqMV9mOHFSSE44cXpEaU1sOWVvTXlOa1k1QmJOWk1JOEEw?oc=5
RSS_CBMipwFBVV95cUxPb1RVYndrdEhuY1NVaFVUUHpGdGRhczFCYmJwcWRTY3o3U0RUT2JKbGhTdERTb1c4eU9IbG52WTZxdHhaQzJINlpxelJYS3p3b1ZseEVTU2RMc3o1TktBQmYteHFsaE9pRWs4ODVsT1lqMTBER0hSMXZzaHFaQk5TS0h0UVhKNHNSbGg3LV95OXdPdWZ5eVVudVF0MVEyd3MzS1cxb3p1aw,r/HomeImprovement,Anchor,Homebuilder / Designer,4,"Question about drywall anchors what’s the best size 1/2”, 1/4” 5/8” i want sturdiness and will be mounting a tv and shelves to my drywall - Reddit",https://news.google.com/rss/articles/CBMipwFBVV95cUxPb1RVYndrdEhuY1NVaFVUUHpGdGRhczFCYmJwcWRTY3o3U0RUT2JKbGhTdERTb1c4eU9IbG52WTZxdHhaQzJINlpxelJYS3p3b1ZseEVTU2RMc3o1TktBQmYteHFsaE9pRWs4ODVsT1lqMTBER0hSMXZzaHFaQk5TS0h0UVhKNHNSbGg3LV95OXdPdWZ5eVVudVF0MVEyd3MzS1cxb3p1aw?oc=5
RSS_CBMipAFBVV95cUxNc0RDU3Vrbmp1SHBSWkYxRnZ0LXJnY3VpUGY4bWU5SmlqUE5JU3lDRjhmS3VxN25VTmk1U081Y1cxSEZUXzNkckVjaXlGX3FCNFFLa2hlRHlhSmMzR3hUZV9FdW8tcHA3eG94V0VUaERST3R0bTJoaUJKWUc4ck5XZG8yZXpMYUJLOURneUVrT3B4b2ZtMGV4bjhCWDB0bVZIQk1RMg,r/HomeImprovement,Anchor,Homebuilder / Designer,4,Is it worth getting any kind of wall anchors? - Reddit,https://news.google.com/rss/articles/CBMipAFBVV95cUxNc0RDU3Vrbmp1SHBSWkYxRnZ0LXJnY3VpUGY4bWU5SmlqUE5JU3lDRjhmS3VxN25VTmk1U081Y1cxSEZUXzNkckVjaXlGX3FCNFFLa2hlRHlhSmMzR3hUZV9FdW8tcHA3eG94V0VUaERST3R0bTJoaUJKWUc4ck5XZG8yZXpMYUJLOURneUVrT3B4b2ZtMGV4bjhCWDB0bVZIQk1RMg?oc=5
RSS_CBMipAFBVV95cUxQTEk2dG9OOFVVQ0VQZmtPVm80dnR6M2JlOVFndkl4NXJqTWhFOFJtYWNjYjFCVEdUbC1MSE56X2t1LUF6bGh1S0xKZzM1MzlFaExaaEFGZ3RNLWhWYi1BVUtNYzdPSnhpd1hmbDNYcVhLdTE2MGtkVjVtRXZPM29OT0JESE5OMDNsZDlHRTBYQTFILXFUVEhOaXJHUG9zQjdXM0REeA,r/HomeImprovement,Anchor,Homebuilder / Designer,4,How to keep drywall anchors from falling out? - Reddit,https://news.google.com/rss/articles/CBMipAFBVV95cUxQTEk2dG9OOFVVQ0VQZmtPVm80dnR6M2JlOVFndkl4NXJqTWhFOFJtYWNjYjFCVEdUbC1MSE56X2t1LUF6bGh1S0xKZzM1MzlFaExaaEFGZ3RNLWhWYi1BVUtNYzdPSnhpd1hmbDNYcVhLdTE2MGtkVjVtRXZPM29OT0JESE5OMDNsZDlHRTBYQTFILXFUVEhOaXJHUG9zQjdXM0REeA?oc=5
RSS_CBMipwFBVV95cUxQQ2VpMUJVVUNsanVrS3ZEQS00TWtRWDN0dE1VRVdoZ2ZvcUYybFZaLUd6M3IxU0RqSkNMNzlwZjhXQlh2R0Y2cU5uaUs3QkNGZ2EtTDlWcVFzTWo5amFULUhMVnpJZWg1OUxPLWdzbUhMVHdXSmEtU1VkWlZRUERnMXdjTlhveFY5RVhFMncxZXRqdkNPVUhsNXBwTTVZRE5vZFpzTjF6OA,r/HomeImprovement,Anchor,Homebuilder / Designer,4,What to do when drilling a drywall anchor hole and there's no other side? - Reddit,https://news.google.com/rss/articles/CBMipwFBVV95cUxQQ2VpMUJVVUNsanVrS3ZEQS00TWtRWDN0dE1VRVdoZ2ZvcUYybFZaLUd6M3IxU0RqSkNMNzlwZjhXQlh2R0Y2cU5uaUs3QkNGZ2EtTDlWcVFzTWo5amFULUhMVnpJZWg1OUxPLWdzbUhMVHdXSmEtU1VkWlZRUERnMXdjTlhveFY5RVhFMncxZXRqdkNPVUhsNXBwTTVZRE5vZFpzTjF6OA?oc=5
RSS_CBMie0FVX3lxTE81ZFNCRXk2UW1id2tidTRNQjUtempPMm1hODdDejh6T3dVX003bWFZUVFOS1RIaEtqUlhlekJVN21uWmxoLTM2MHViOXliN2p4eDBIZ3J4ZGFKNFdNZ0pYNzNmZWNESkJqRi03RXZpUHFpblc4ODVIUFB1UQ,r/HomeImprovement,Havells,Homebuilder / Designer,4,Thin drywall - Reddit,https://news.google.com/rss/articles/CBMie0FVX3lxTE81ZFNCRXk2UW1id2tidTRNQjUtempPMm1hODdDejh6T3dVX003bWFZUVFOS1RIaEtqUlhlekJVN21uWmxoLTM2MHViOXliN2p4eDBIZ3J4ZGFKNFdNZ0pYNzNmZWNESkJqRi03RXZpUHFpblc4ODVIUFB1UQ?oc=5
RSS_CBMirgFBVV95cUxNVEdxcGxNcDVQZ1REamtqRDJZdExjUG9fampVSnQzY1BreGduVnNWOVBrY1Y1TW1fN0JUX1V6ZU50aFJiTGJ1bEhuLWQ4TUxLdHBIZEc5M05tSXVvclFfLXNIWGM0RHdvbjhSUTVLbTlsdVN5eDNpQlU5VEQ5MTdRRFdNd0h6am10WVZ3ZmpVN1hsRlUzQWxGLXl0bzRMLUpQelByUHllbVRLdk9xclE,r/HomeImprovement,Anchor,Homebuilder / Designer,4,Okay for drywall anchor to not be completely flush? - Reddit,https://news.google.com/rss/articles/CBMirgFBVV95cUxNVEdxcGxNcDVQZ1REamtqRDJZdExjUG9fampVSnQzY1BreGduVnNWOVBrY1Y1TW1fN0JUX1V6ZU50aFJiTGJ1bEhuLWQ4TUxLdHBIZEc5M05tSXVvclFfLXNIWGM0RHdvbjhSUTVLbTlsdVN5eDNpQlU5VEQ5MTdRRFdNd0h6am10WVZ3ZmpVN1hsRlUzQWxGLXl0bzRMLUpQelByUHllbVRLdk9xclE?oc=5
RSS_CBMimwFBVV95cUxOSjBrTVZmZ2E5eVJJRmxtRzBpWm9nQ3J5MVNncmI2VEUxZThNVS1IVWg3NTQwcHJ4S2l1SkZfbEhoZExmVW9vZ2U3bTR3cDdLeXJGOHd0QWNTcWExRllnZUpBTS1HalVodXpMYTJVS0gyZUhtSEViSEJpYndBbUVmRVVoWHFRMTY1WjhnS2E3VVpyOFN4N2g3Z1pQQQ,r/HomeImprovement,Anchor,Homebuilder / Designer,4,Can I just spackle over these anchors? - Reddit,https://news.google.com/rss/articles/CBMimwFBVV95cUxOSjBrTVZmZ2E5eVJJRmxtRzBpWm9nQ3J5MVNncmI2VEUxZThNVS1IVWg3NTQwcHJ4S2l1SkZfbEhoZExmVW9vZ2U3bTR3cDdLeXJGOHd0QWNTcWExRllnZUpBTS1HalVodXpMYTJVS0gyZUhtSEViSEJpYndBbUVmRVVoWHFRMTY1WjhnS2E3VVpyOFN4N2g3Z1pQQQ?oc=5
RSS_CBMipAFBVV95cUxPcGNNZ1d1VTB2U3dVQzgzVnIxN2dnaWhOUkpqNUhTczRBVXR3X2tXTW5Hd25NSFVsUlJOUkdzQUV1VDlpWnVWNlA1YWVVelZOYW8xa3RtVk5XaFVmRWlVbXBJSGZpSTBjN0dQTnNFMVBSRW12NndxSzFULXlyMkIzamVVbkQ1MHJFZFFHVW5TNEZJa1Z5WDEwVF9oS2Q0OG5xMS12SA,r/HomeImprovement,Anchor,Homebuilder / Designer,4,Gluing anchors into masonry...just pumped $30 of epoxy into a void in my wall...oops. - Reddit,https://news.google.com/rss/articles/CBMipAFBVV95cUxPcGNNZ1d1VTB2U3dVQzgzVnIxN2dnaWhOUkpqNUhTczRBVXR3X2tXTW5Hd25NSFVsUlJOUkdzQUV1VDlpWnVWNlA1YWVVelZOYW8xa3RtVk5XaFVmRWlVbXBJSGZpSTBjN0dQTnNFMVBSRW12NndxSzFULXlyMkIzamVVbkQ1MHJFZFFHVW5TNEZJa1Z5WDEwVF9oS2Q0OG5xMS12SA?oc=5
RSS_CBMiqgFBVV95cUxNTFh2d1UzUXpnOVdacmtIX2MwdWh3ckx5dnJjYlJ4UWZ6eGN5OENuMWxDQUJDbzlOUElzSXp0aHlJVG00M3g1WF9MNGdCdjRZb1BSYndFOHpDR1NVbl8xSkdURUNxZllkVHJnTnBOWms3bGRUbXZFVUxVS0VjYXdnSlpZTjZMMUI5QktlNnptMlEyUE54QVhMRVliM2pabHg5aC1iSkdNVEFxQQ,r/HomeImprovement,Anchor,Homebuilder / Designer,4,Slim fit TV wall mount - One Drywall Anchor better than two when supported by nearby stud? - Reddit,https://news.google.com/rss/articles/CBMiqgFBVV95cUxNTFh2d1UzUXpnOVdacmtIX2MwdWh3ckx5dnJjYlJ4UWZ6eGN5OENuMWxDQUJDbzlOUElzSXp0aHlJVG00M3g1WF9MNGdCdjRZb1BSYndFOHpDR1NVbl8xSkdURUNxZllkVHJnTnBOWms3bGRUbXZFVUxVS0VjYXdnSlpZTjZMMUI5QktlNnptMlEyUE54QVhMRVliM2pabHg5aC1iSkdNVEFxQQ?oc=5
RSS_CBMiqgFBVV95cUxPLWZldHp1T2FEYU5rZ0VtWElLVHBWZ2RIWEU2blJBaDRxTUppV0RSdWxDUHkweGRVaU9GS0t6dVBSQmJMaWhSZlNUd0NwaHdDVjhleUNPaGRSUmpWVFVpdzA3SXZyaFdzcUlZUG1vR1NpS1I2dklBUDBicmUxM3ZNWFRLeDliZGp2aTdMRnk2d0FLTUpOb1Z0V2lKWVJTcjRmM3dXM0d4ckp0UQ,r/HomeImprovement,Anchor,Homebuilder / Designer,4,Used a plastic anchor in a stud. How bad is this? - Reddit,https://news.google.com/rss/articles/CBMiqgFBVV95cUxPLWZldHp1T2FEYU5rZ0VtWElLVHBWZ2RIWEU2blJBaDRxTUppV0RSdWxDUHkweGRVaU9GS0t6dVBSQmJMaWhSZlNUd0NwaHdDVjhleUNPaGRSUmpWVFVpdzA3SXZyaFdzcUlZUG1vR1NpS1I2dklBUDBicmUxM3ZNWFRLeDliZGp2aTdMRnk2d0FLTUpOb1Z0V2lKWVJTcjRmM3dXM0d4ckp0UQ?oc=5
RSS_CBMiqAFBVV95cUxPZXh6Zms1N1RsWDlwOERNRzBONWtoSjFZdG1qNElLWEl4SzltSjUyajR6bkpIc0xaZk0yXzgydW5JamlhcVFaVjVjY1lDNTBpS0tCZUMxRkc1ODhRazJQR0J1Y1lOSzVPSEhIcVNPX0dMZVJBbGFvZ05qQlktWFRsNjlFeC1paHZOR3paTUh0eGVGWlRJSlVReHpVZjE4dWsxVUhuUWNZQWs,r/HomeImprovement,Anchor,Homebuilder / Designer,4,Drywall Anchors when behind the wall is easily accessible - Reddit,https://news.google.com/rss/articles/CBMiqAFBVV95cUxPZXh6Zms1N1RsWDlwOERNRzBONWtoSjFZdG1qNElLWEl4SzltSjUyajR6bkpIc0xaZk0yXzgydW5JamlhcVFaVjVjY1lDNTBpS0tCZUMxRkc1ODhRazJQR0J1Y1lOSzVPSEhIcVNPX0dMZVJBbGFvZ05qQlktWFRsNjlFeC1paHZOR3paTUh0eGVGWlRJSlVReHpVZjE4dWsxVUhuUWNZQWs?oc=5
RSS_CBMipgFBVV95cUxPLUw4Tk45SXZuUU55Z1RqVEx3c1FWVHlxTy1VNl94QW1jRXNCU3RYcGJOR2lVMGViOUJxOFRfLUtfM2dSNEp5cElGblJjd0E4Vmx0NExBSEJzcjNub0o5d2xmNXh0Q1RoVUdIbHc2S1E2VFRwZ1h6TFczZkplUW84VGJKMkRkZmswTVJtV0tFZkt3dVUzUDR2TVNUMTllU0V6My11TzZn,r/HomeImprovement,Anchor,Homebuilder / Designer,4,What kind of drywall anchors do I need for a folding mirror in a bathroom? - Reddit,https://news.google.com/rss/articles/CBMipgFBVV95cUxPLUw4Tk45SXZuUU55Z1RqVEx3c1FWVHlxTy1VNl94QW1jRXNCU3RYcGJOR2lVMGViOUJxOFRfLUtfM2dSNEp5cElGblJjd0E4Vmx0NExBSEJzcjNub0o5d2xmNXh0Q1RoVUdIbHc2S1E2VFRwZ1h6TFczZkplUW84VGJKMkRkZmswTVJtV0tFZkt3dVUzUDR2TVNUMTllU0V6My11TzZn?oc=5
RSS_CBMiqAFBVV95cUxPMVZLcEI2TXlfR09YZU9DMnhTZlhJb0ZGekdHREdKNGdCTWczNUlDVmgzWm1NZ0VpRTdWQ0NtMkJFcnVHOHN4V2R0VDdua0Z2QldNT2M5MkhJV2oxRE1xS2V1U2pSRDVCY0RxaUdFZWM3Wm1NSGRSS1oyM2JpVkwxeGdMVnhZcUR1c2t6TTVmSEx1YUh2NWVucDNKSllwdEw1ZW1IZ29tNVg,r/HomeImprovement,Anchor,Homebuilder / Designer,4,Concrete Screws Vs Concrete Anchors for Putting up Shelves - Reddit,https://news.google.com/rss/articles/CBMiqAFBVV95cUxPMVZLcEI2TXlfR09YZU9DMnhTZlhJb0ZGekdHREdKNGdCTWczNUlDVmgzWm1NZ0VpRTdWQ0NtMkJFcnVHOHN4V2R0VDdua0Z2QldNT2M5MkhJV2oxRE1xS2V1U2pSRDVCY0RxaUdFZWM3Wm1NSGRSS1oyM2JpVkwxeGdMVnhZcUR1c2t6TTVmSEx1YUh2NWVucDNKSllwdEw1ZW1IZ29tNVg?oc=5
RSS_CBMirAFBVV95cUxQajVKUF9PMWg5dnowa3BRa3kzRm1iNjlITDB1Yi0yeG53SVdqRUUzY0s1NkhXWDlGMF9wNzBweE0tUURGaEpXNVZxSlhRd0VxeXhsYzF3aWdINDB2YVM4U0ppNDRsenNSdkRNdDNnT2VyVy1KUUc4NDBGazFVbURZY1RpNzdnQjFaeDFVTFBfT2s3MnlmVEhjSVladTN3NFNqbjdRZUc3OWRzRk5G,r/HomeImprovement,Anchor,Homebuilder / Designer,4,What is the best way to anchor these string light poles into the ground? - Reddit,https://news.google.com/rss/articles/CBMirAFBVV95cUxQajVKUF9PMWg5dnowa3BRa3kzRm1iNjlITDB1Yi0yeG53SVdqRUUzY0s1NkhXWDlGMF9wNzBweE0tUURGaEpXNVZxSlhRd0VxeXhsYzF3aWdINDB2YVM4U0ppNDRsenNSdkRNdDNnT2VyVy1KUUc4NDBGazFVbURZY1RpNzdnQjFaeDFVTFBfT2s3MnlmVEhjSVladTN3NFNqbjdRZUc3OWRzRk5G?oc=5
RSS_CBMiqAFBVV95cUxPMWdnVW84UllFbGhHRnVYU0dOWXRIQ290MVB3UU5fNmRSdjBsZmprUmxIXzQ5YVRyc2JxZlNLUXZ3NFhHS3QwTDROVUdTVzZBOG5HSEp4MFBLQks3TTF1RjhnVW1fSUN5bVhlY3NoTDNoZkJWMkR5a3hLRkR6dUlTUzlkQ1VWS3pNbU9UY3R3YWc3R1BKVXh3SHRxX3dYcmdpZ1dKOU84czU,r/HomeImprovement,Anchor,Homebuilder / Designer,4,"Can I use regular anchors on ceiling drywall to hang light pendant(1 lb)? It is for pool table, so I cannot hook it into a joist. - Reddit",https://news.google.com/rss/articles/CBMiqAFBVV95cUxPMWdnVW84UllFbGhHRnVYU0dOWXRIQ290MVB3UU5fNmRSdjBsZmprUmxIXzQ5YVRyc2JxZlNLUXZ3NFhHS3QwTDROVUdTVzZBOG5HSEp4MFBLQks3TTF1RjhnVW1fSUN5bVhlY3NoTDNoZkJWMkR5a3hLRkR6dUlTUzlkQ1VWS3pNbU9UY3R3YWc3R1BKVXh3SHRxX3dYcmdpZ1dKOU84czU?oc=5
RSS_CBMingFBVV95cUxPeldRU096cjR2Z295ZTVvMHZGc0g4d0M0d0JUbGw0Z1BUS2NWOFpjdElXb0hEVUdHbEZ4cTJDWjkwU21qUXU0UDJXOGRQRGFYLWota0N0QlFEVVZ0dkNyZktYUWJTRUhVem1RNENkX3lrZVFmWXJHLTNHajg2Ulp2a1Rja1JsTUN6bzBybDRtZXZJc2RwQU9VWEJHYjVJZw,r/HomeImprovement,Anchor,Homebuilder / Designer,4,hang curtain rods with anchor-screw only? - Reddit,https://news.google.com/rss/articles/CBMingFBVV95cUxPeldRU096cjR2Z295ZTVvMHZGc0g4d0M0d0JUbGw0Z1BUS2NWOFpjdElXb0hEVUdHbEZ4cTJDWjkwU21qUXU0UDJXOGRQRGFYLWota0N0QlFEVVZ0dkNyZktYUWJTRUhVem1RNENkX3lrZVFmWXJHLTNHajg2Ulp2a1Rja1JsTUN6bzBybDRtZXZJc2RwQU9VWEJHYjVJZw?oc=5
RSS_CBMipgFBVV95cUxPSjBmOWE4ZkttVl8zLUxXVDRMM0p1MEdEWmJZSjY5SHo4NjlGbk84cHhUaWZiLWliXzdkVmdOeVJnRXR3a0pOcDZGMmthTVQ4VjlsNnJvTXJoSG4ybk9zUW9XaFNnbXdOdjkzQkNpWHRyUWdTTXNrSUZNLVd1SlRscERaS1ZHdkZNcjlkdC0xMWZEaWEzT3FQUFpkZlBqM19ZSFNZREV3,r/HomeImprovement,Anchor,Homebuilder / Designer,4,Sleeve or wedge anchor vs tapcon for plywood holding water filtration setup? - Reddit,https://news.google.com/rss/articles/CBMipgFBVV95cUxPSjBmOWE4ZkttVl8zLUxXVDRMM0p1MEdEWmJZSjY5SHo4NjlGbk84cHhUaWZiLWliXzdkVmdOeVJnRXR3a0pOcDZGMmthTVQ4VjlsNnJvTXJoSG4ybk9zUW9XaFNnbXdOdjkzQkNpWHRyUWdTTXNrSUZNLVd1SlRscERaS1ZHdkZNcjlkdC0xMWZEaWEzT3FQUFpkZlBqM19ZSFNZREV3?oc=5
RSS_CBMipwFBVV95cUxPYWpEdW96bjNnRFdkUlAybk5XM1M2S0JhOVhLM25HZWlqbDE5Wjd1NTVPNnRvZm1UM2hjZTVLV0ZQRkluN0diNWx2RjA5a3hTUUNlcWM5RXJ0OFJhZTBsUlV1X2FHME1pQ1JRZERjWTYwRW9VQ1UybGkyMkExZ0c3S1dLZkJ4YXJoYzJqZFpyMzlFTmtuNFMzdnNFbE54S29DN25KaTI4OA,r/HomeImprovement,Anchor,Homebuilder / Designer,4,Self-drilling drywall anchors put a big hole in the ceiling - Reddit,https://news.google.com/rss/articles/CBMipwFBVV95cUxPYWpEdW96bjNnRFdkUlAybk5XM1M2S0JhOVhLM25HZWlqbDE5Wjd1NTVPNnRvZm1UM2hjZTVLV0ZQRkluN0diNWx2RjA5a3hTUUNlcWM5RXJ0OFJhZTBsUlV1X2FHME1pQ1JRZERjWTYwRW9VQ1UybGkyMkExZ0c3S1dLZkJ4YXJoYzJqZFpyMzlFTmtuNFMzdnNFbE54S29DN25KaTI4OA?oc=5
RSS_CBMiowFBVV95cUxQQjhDWlpPeXFoV2dyWDRaX3lEMVBUc1EwczM0cUxKd1hHMjVtZjhJRTNxY1NJTjNPWXozUWpBc2laVnBwbzhNUmIweW90QTB1THE4LTZscEtMX216S0RpZFVvMXNIYWhiVHhSRDRrMDJBQU1xYTkxMEFrb01TYUF4T0ZtcEhLajlYZy1oYVBHZklvUEpyb2FFRlRrWl9pZi16QXQw,r/HomeImprovement,Anchor,Homebuilder / Designer,4,Baby proofing help! What is strong enough to anchor furniture? - Reddit,https://news.google.com/rss/articles/CBMiowFBVV95cUxQQjhDWlpPeXFoV2dyWDRaX3lEMVBUc1EwczM0cUxKd1hHMjVtZjhJRTNxY1NJTjNPWXozUWpBc2laVnBwbzhNUmIweW90QTB1THE4LTZscEtMX216S0RpZFVvMXNIYWhiVHhSRDRrMDJBQU1xYTkxMEFrb01TYUF4T0ZtcEhLajlYZy1oYVBHZklvUEpyb2FFRlRrWl9pZi16QXQw?oc=5
RSS_CBMirAFBVV95cUxPQWFjdVVocGloekVicGVmUzZhRkVfVDVHbVNEeVVwSHBvcUxvRXRaM3p2TDhwUnliYUxJQVVxaHVveE5jWFZ2d2lIVEdKMUZNRHlvT3R4TnJnMHNLNFh0Zk15cWJvVnBDLXNhbUJlWnY1SG1lYjFGNDZxQmZzMUZra3JzUEtMMjlwX05FbkNQdDVld3EtLUtqaTYyczRCLUdFcUtuMDljYjVxR0hl,r/HomeImprovement,Anchor,Homebuilder / Designer,4,"Best anchors for installing Shelf on 1 1/4 "" drywall backed with seemingly impenetrable material - Reddit",https://news.google.com/rss/articles/CBMirAFBVV95cUxPQWFjdVVocGloekVicGVmUzZhRkVfVDVHbVNEeVVwSHBvcUxvRXRaM3p2TDhwUnliYUxJQVVxaHVveE5jWFZ2d2lIVEdKMUZNRHlvT3R4TnJnMHNLNFh0Zk15cWJvVnBDLXNhbUJlWnY1SG1lYjFGNDZxQmZzMUZra3JzUEtMMjlwX05FbkNQdDVld3EtLUtqaTYyczRCLUdFcUtuMDljYjVxR0hl?oc=5
RSS_CBMigAFBVV95cUxOWEktbXFidl8xb21oSVY2aU0xanV4ZUdLenpQMmhURUFPNlpncVR1Wk95QndwV05qalFnbHR4SUgzVld0OTVNeWtZdmFFTnFUYmxFY0VQWWNOUHQzTkFMX1lhUWx4aUs2bWR5c0VKbWRDQ0NRTDhBNWxxN0xzY2tKVQ,r/HomeImprovement,Anchor,Homebuilder / Designer,4,Anchors for Brick? - Reddit,https://news.google.com/rss/articles/CBMigAFBVV95cUxOWEktbXFidl8xb21oSVY2aU0xanV4ZUdLenpQMmhURUFPNlpncVR1Wk95QndwV05qalFnbHR4SUgzVld0OTVNeWtZdmFFTnFUYmxFY0VQWWNOUHQzTkFMX1lhUWx4aUs2bWR5c0VKbWRDQ0NRTDhBNWxxN0xzY2tKVQ?oc=5
RSS_CBMimgFBVV95cUxPN0Y4bndNbVo0WXZibG00SWZhNVpJR1VkWmdZZHotalphSEdCMlI0MWNJeEhGTGowX1lUT2ZYU2hTN1FtNmNnREp3cDQ5T3lITV9SSE1yYjVPNTBFQmpWVUZpSzF1d21maUVPZnFsc1lPWHhXTFBPOTVHTVBIZ3FMOEthVmNqcEtMMHZWTTM5MGFVNDEyc21EMmtB,r/HomeImprovement,Anchor,Homebuilder / Designer,4,How Do I Use This Metal Wall Anchor? - Reddit,https://news.google.com/rss/articles/CBMimgFBVV95cUxPN0Y4bndNbVo0WXZibG00SWZhNVpJR1VkWmdZZHotalphSEdCMlI0MWNJeEhGTGowX1lUT2ZYU2hTN1FtNmNnREp3cDQ5T3lITV9SSE1yYjVPNTBFQmpWVUZpSzF1d21maUVPZnFsc1lPWHhXTFBPOTVHTVBIZ3FMOEthVmNqcEtMMHZWTTM5MGFVNDEyc21EMmtB?oc=5
RSS_CBMimwFBVV95cUxNQUVBQU45YmEtd20wUG9CV0ZqQ2loMHlJdzFid3ZIOUxRbWxNeFhjamZJMmhGbTNOdmM5aEtqS3RMaE1DRW9yUlR5ZnY4cEpaZy1pQ0FfRHlwNWx6al80NTdlNHVsNDdfMU1iUkVaSVhDRGhXTy1EdlJTbjJyU0xnbU9NeUduRS05X2VYSmVBSEJrWXNCU3JYME9oRQ,r/HomeImprovement,Anchor,Homebuilder / Designer,4,Anchoring new wall to basement floor? - Reddit,https://news.google.com/rss/articles/CBMimwFBVV95cUxNQUVBQU45YmEtd20wUG9CV0ZqQ2loMHlJdzFid3ZIOUxRbWxNeFhjamZJMmhGbTNOdmM5aEtqS3RMaE1DRW9yUlR5ZnY4cEpaZy1pQ0FfRHlwNWx6al80NTdlNHVsNDdfMU1iUkVaSVhDRGhXTy1EdlJTbjJyU0xnbU9NeUduRS05X2VYSmVBSEJrWXNCU3JYME9oRQ?oc=5
RSS_CBMiogFBVV95cUxOVi1oR2RUeURPSnpoTDBhWnVFV3hVQTBid0JVVGxSQWg2eTFuN0ZLREQzeVNYc0RweEpBNjVTLUhUUEliLTB3SGRGOFBNM0Fra3V1c1k5dEdFRXh0UDBtMXFhbUhVSTlzSjd4ajY5d3RxZy1vM1NqVHhkUzFpQWwxbUdQYy1wajdXQU1xdkN3Znk3SHF4NU1mNGJzVTJYWmdCTkE,r/HomeImprovement,Anchor,Homebuilder / Designer,4,Can’t anchor my wardrobe to walls as it is plasterboard? - Reddit,https://news.google.com/rss/articles/CBMiogFBVV95cUxOVi1oR2RUeURPSnpoTDBhWnVFV3hVQTBid0JVVGxSQWg2eTFuN0ZLREQzeVNYc0RweEpBNjVTLUhUUEliLTB3SGRGOFBNM0Fra3V1c1k5dEdFRXh0UDBtMXFhbUhVSTlzSjd4ajY5d3RxZy1vM1NqVHhkUzFpQWwxbUdQYy1wajdXQU1xdkN3Znk3SHF4NU1mNGJzVTJYWmdCTkE?oc=5
RSS_CBMirAFBVV95cUxQaWVjOHp1c01HdVdJc1hWc2hBV3REYmpvQ0h0a1ZJOWtkYmZScVdwNFpoUmVlOU9kWXlLck9WUFZLdzZ1VHk1NVNsNV9Ickhkck1hWFh6TmZJYUg3WWprdzAzWXhIVGFBZm5USm9lUWVLN25vbTJYOUE5Nmg5cWpBeFBfWEpGampqZVg4aV96X3JudkZIUUhRZ0lMUUhranBFN1RNMjJkR25kUHlm,r/HomeImprovement,Anchor,Homebuilder / Designer,4,"For anchors in a concrete slab, do I need to worry about how close they are to the edge? - Reddit",https://news.google.com/rss/articles/CBMirAFBVV95cUxQaWVjOHp1c01HdVdJc1hWc2hBV3REYmpvQ0h0a1ZJOWtkYmZScVdwNFpoUmVlOU9kWXlLck9WUFZLdzZ1VHk1NVNsNV9Ickhkck1hWFh6TmZJYUg3WWprdzAzWXhIVGFBZm5USm9lUWVLN25vbTJYOUE5Nmg5cWpBeFBfWEpGampqZVg4aV96X3JudkZIUUhRZ0lMUUhranBFN1RNMjJkR25kUHlm?oc=5
RSS_CBMirgFBVV95cUxQNnZyY3Ntb3lIby1vZ0RhYmxPRjVlOW14dk55SGxIcHJWSjdFbW84WGFEWUswVnFMN1liVXJHazNIYW9pdzZHRmw1aFZCMm9QblFDRWNNZzhyNF8xUF9DRWt3cHZDR0xOa3dvVjk3NkZ3SDQxdFBMaHdWOVhxNzBZZUJzOVZXYlAzYmZoMmVlTHd2NVQ3cXJKVk5lOXZSQzFYWWU3UmlZRHJaOTd0UWc,r/HomeImprovement,Anchor,Homebuilder / Designer,4,Self Drilling Drywall anchors breaking into pieces. - Reddit,https://news.google.com/rss/articles/CBMirgFBVV95cUxQNnZyY3Ntb3lIby1vZ0RhYmxPRjVlOW14dk55SGxIcHJWSjdFbW84WGFEWUswVnFMN1liVXJHazNIYW9pdzZHRmw1aFZCMm9QblFDRWNNZzhyNF8xUF9DRWt3cHZDR0xOa3dvVjk3NkZ3SDQxdFBMaHdWOVhxNzBZZUJzOVZXYlAzYmZoMmVlTHd2NVQ3cXJKVk5lOXZSQzFYWWU3UmlZRHJaOTd0UWc?oc=5
RSS_CBMiqgFBVV95cUxQNlJpWWJfR2M2TklDZTZNZVBQZ1hhMGMyYXhnMUpBWEF6aEtEalR2ejN2eVI3c1N3Ym5nN3RHcDJ4MGpnRTJhSUU2azlEUmxsd2xSd1luaHNmVUwxaTZSaVZUVWMyUjdBT0ZFemdyMEN2b19YSkllZkJDaUxWQTNwUnRQckdwbk4tS2JMak5DbHotVFdqWWRELUZIbGcyTGVibTN2SFh6VTFYdw,r/HomeImprovement,Anchor,Homebuilder / Designer,4,Drywall anchors destroying the dry wall. 1/4” pilot but the drywall anchor as is quite a bit larger than that. What am I doing wrong? - Reddit,https://news.google.com/rss/articles/CBMiqgFBVV95cUxQNlJpWWJfR2M2TklDZTZNZVBQZ1hhMGMyYXhnMUpBWEF6aEtEalR2ejN2eVI3c1N3Ym5nN3RHcDJ4MGpnRTJhSUU2azlEUmxsd2xSd1luaHNmVUwxaTZSaVZUVWMyUjdBT0ZFemdyMEN2b19YSkllZkJDaUxWQTNwUnRQckdwbk4tS2JMak5DbHotVFdqWWRELUZIbGcyTGVibTN2SFh6VTFYdw?oc=5
RSS_CBMijAFBVV95cUxPMmN0aUV3MndDaU83djh2QVBzNlN1Y1BtdnJnRjZESXUyNVQzeXBUaGtxNTFFMklEWVU4SGJuekNMbmFJOVF0dDR4NWhxSWd1ZmhEMkZpbkYtbURwSEw1eE96djlaT2pqanc0c3hrZ1BpQjlPX3VHczlXLVlrdlNuendXZkhlWFdyeU9DWQ,r/HomeImprovement,Anchor,Homebuilder / Designer,4,Do I need drywall anchors? - Reddit,https://news.google.com/rss/articles/CBMijAFBVV95cUxPMmN0aUV3MndDaU83djh2QVBzNlN1Y1BtdnJnRjZESXUyNVQzeXBUaGtxNTFFMklEWVU4SGJuekNMbmFJOVF0dDR4NWhxSWd1ZmhEMkZpbkYtbURwSEw1eE96djlaT2pqanc0c3hrZ1BpQjlPX3VHczlXLVlrdlNuendXZkhlWFdyeU9DWQ?oc=5
RSS_CBMihgFBVV95cUxNU0RuU0hON2ZYTEFNUEkydlZKb1VkN1NORHFmY2lVVjZMNFpWbU1UaEw0dTVaTFNXZWVfdWw1anVtdkdHVlkxQ0N3ZF8xLWlfdjQ4aXc0eXdPLVhFZVdRWnVfN3Z0ZUVmVzRCajVuNl9Qa3BwSWltWk53b2MwRDJfUVFyVHJSdw,r/HomeImprovement,Anchor,Homebuilder / Designer,4,Dry Wall Anchor Help - Reddit,https://news.google.com/rss/articles/CBMihgFBVV95cUxNU0RuU0hON2ZYTEFNUEkydlZKb1VkN1NORHFmY2lVVjZMNFpWbU1UaEw0dTVaTFNXZWVfdWw1anVtdkdHVlkxQ0N3ZF8xLWlfdjQ4aXc0eXdPLVhFZVdRWnVfN3Z0ZUVmVzRCajVuNl9Qa3BwSWltWk53b2MwRDJfUVFyVHJSdw?oc=5
RSS_CBMiowFBVV95cUxNeTdCREZpejJxNldKUnE1d1BQb1BZTzZCQ0diXzB6S0NNMnUyOTcyZldjLThDeU1fZXRkcEdWVUkyWGpfVGhQLVpTenBUT0ZXRGt4dU4taU81YVhrOFE4YTNKQm0wNHU1bHVkaUNoOEh5UGRHUFNWaXJwU3lSQzEtbzdOTzlKQm5nb0ZhNW5MUjBZSGJiSUdiSEowaWFfaVVwa3lN,r/HomeImprovement,Anchor,Homebuilder / Designer,4,Do I need to anchor an outdoor grill island? - Reddit,https://news.google.com/rss/articles/CBMiowFBVV95cUxNeTdCREZpejJxNldKUnE1d1BQb1BZTzZCQ0diXzB6S0NNMnUyOTcyZldjLThDeU1fZXRkcEdWVUkyWGpfVGhQLVpTenBUT0ZXRGt4dU4taU81YVhrOFE4YTNKQm0wNHU1bHVkaUNoOEh5UGRHUFNWaXJwU3lSQzEtbzdOTzlKQm5nb0ZhNW5MUjBZSGJiSUdiSEowaWFfaVVwa3lN?oc=5
RSS_CBMie0FVX3lxTE4tUzZLeF9NMDdWczFKUXRra2tNbW5fOS1ERmRhNjJnU1FlVWI3RDB6cl9zUlZBVk5YUWIxSmlxaDlRbUxDY0NJRkplSWVBd213c29rRmFMYi1tSHZPbFZfaWFuZXFoYVg1amptd01QYVluanVJRm1uZFRhTQ,r/HomeImprovement,Anchor,Homebuilder / Designer,4,Shed Anchors - Reddit,https://news.google.com/rss/articles/CBMie0FVX3lxTE4tUzZLeF9NMDdWczFKUXRra2tNbW5fOS1ERmRhNjJnU1FlVWI3RDB6cl9zUlZBVk5YUWIxSmlxaDlRbUxDY0NJRkplSWVBd213c29rRmFMYi1tSHZPbFZfaWFuZXFoYVg1amptd01QYVluanVJRm1uZFRhTQ?oc=5
RSS_CBMikAFBVV95cUxQNGVYX2xYZ3NPaXVpVU9jd2RlQlhhdkJPb053R1hXc0lnNkVVZTJKZzlUR2hHaXFCall4WF96SkhUcnhTVktzRTc1RzJkNmVTQzVsRUlqS2JvbFA3VEhES3dRRjJNR2xRNXg4YVNGbThoUkx2ZUxFR2JrcnBwcWhxMk9KOUQza25ULTBEMDNJOTI,r/HomeImprovement,Anchor,Homebuilder / Designer,4,Wall anchors for 20-25 pounds - Reddit,https://news.google.com/rss/articles/CBMikAFBVV95cUxQNGVYX2xYZ3NPaXVpVU9jd2RlQlhhdkJPb053R1hXc0lnNkVVZTJKZzlUR2hHaXFCall4WF96SkhUcnhTVktzRTc1RzJkNmVTQzVsRUlqS2JvbFA3VEhES3dRRjJNR2xRNXg4YVNGbThoUkx2ZUxFR2JrcnBwcWhxMk9KOUQza25ULTBEMDNJOTI?oc=5
RSS_CBMikwFBVV95cUxNZGI3RmdLaXFldjJnSUNfdlJreXhsbE81Nld3Z2V3eTlvd210dER6NjNyckFkYXJBU0UyR3V3UmJrNG5PdVI3V3JzdVBheG5WSDVjejNkTEc5OGhoRHNxNnJhek8yZnBKYjc4NDJPejlRZlZ3Y29RTDZ1dkw1ZDJCOUFESnFqMnpkQXNJLWZxdTBwWlE,r/HomeImprovement,Anchor,Homebuilder / Designer,4,Are dry wall anchors universal? - Reddit,https://news.google.com/rss/articles/CBMikwFBVV95cUxNZGI3RmdLaXFldjJnSUNfdlJreXhsbE81Nld3Z2V3eTlvd210dER6NjNyckFkYXJBU0UyR3V3UmJrNG5PdVI3V3JzdVBheG5WSDVjejNkTEc5OGhoRHNxNnJhek8yZnBKYjc4NDJPejlRZlZ3Y29RTDZ1dkw1ZDJCOUFESnFqMnpkQXNJLWZxdTBwWlE?oc=5
RSS_CBMiiAFBVV95cUxNTkhreHZTelJSajRLcno0d2RXU0dhd2ZoOThudkRyZkJtaWpZTnlqV3pOYXV0enJqTWNQM2FCc1JkM1M2Q3JMVWNRVDUtLWJndk1QeWI0Ui1TdWhlN191ZHNCcGNuNlQ2SnFCdlU1SkFXV2hMMUxjTFZLNHZZeG1wcDl1eUQ3YWx5,r/HomeImprovement,Anchor,Homebuilder / Designer,4,Anchors for hollow door - Reddit,https://news.google.com/rss/articles/CBMiiAFBVV95cUxNTkhreHZTelJSajRLcno0d2RXU0dhd2ZoOThudkRyZkJtaWpZTnlqV3pOYXV0enJqTWNQM2FCc1JkM1M2Q3JMVWNRVDUtLWJndk1QeWI0Ui1TdWhlN191ZHNCcGNuNlQ2SnFCdlU1SkFXV2hMMUxjTFZLNHZZeG1wcDl1eUQ3YWx5?oc=5
RSS_CBMiqgFBVV95cUxNTElMb1lDLUg5WU1hekhTdENxTVRhd2Q1WjRGVV9JX2Z6dnhMbDZ3YnVtbjNZUGhtY2xtRjFYYjhCRTJ3b09SYnB3ekNEbkxGQmtjT1Y1bkk0SXFhSzR1ZXZ2TDFhRzd6aDJjbGtpUTRHTXB1dWZEZUpjWWlsTFpCaEtEY0ktb1RCTVlzamQwVjdnWm94VVUzNVJrUEliRVVWTC1ZREZFZlZwUQ,r/HomeImprovement,Anchor,Homebuilder / Designer,4,Newbie here. I think I made a mistake: I screwed a drywall plastic anchor into a stud. - Reddit,https://news.google.com/rss/articles/CBMiqgFBVV95cUxNTElMb1lDLUg5WU1hekhTdENxTVRhd2Q1WjRGVV9JX2Z6dnhMbDZ3YnVtbjNZUGhtY2xtRjFYYjhCRTJ3b09SYnB3ekNEbkxGQmtjT1Y1bkk0SXFhSzR1ZXZ2TDFhRzd6aDJjbGtpUTRHTXB1dWZEZUpjWWlsTFpCaEtEY0ktb1RCTVlzamQwVjdnWm94VVUzNVJrUEliRVVWTC1ZREZFZlZwUQ?oc=5
RSS_CBMiqAFBVV95cUxQOGVuMVNvbW82RHhYR2JnUHBzeFBZMDlyal9PTXNrbDBfa2RReFprdmF5R3I2NFF3eXRNWEZ6YmgzUV9pRFB3REZzSWxEcktXUlk4V1ZsejRNUGUtZEVTSFQybUJLR19GdjZWUHF1dDcydmFJenFjRlBrTVBKUDdTai1mektJZEdjcVNuNW9VMW9ydVRLMlNzTkRMT3Z6aHdDQngxRFd0azI,r/HomeImprovement,Anchor,Homebuilder / Designer,4,"I am installing blinds, but the drywall anchors wouldn’t screw in past about 1/2”. I decided to drill a 3/8” hole and install toggle bolts… but I think I hit a stud. What do I do now? - Reddit",https://news.google.com/rss/articles/CBMiqAFBVV95cUxQOGVuMVNvbW82RHhYR2JnUHBzeFBZMDlyal9PTXNrbDBfa2RReFprdmF5R3I2NFF3eXRNWEZ6YmgzUV9pRFB3REZzSWxEcktXUlk4V1ZsejRNUGUtZEVTSFQybUJLR19GdjZWUHF1dDcydmFJenFjRlBrTVBKUDdTai1mektJZEdjcVNuNW9VMW9ydVRLMlNzTkRMT3Z6aHdDQngxRFd0azI?oc=5
RSS_CBMirAFBVV95cUxPdnFUVWFXeEdnMlBQc0MtN3N5UVk2aDZ6VHNhcWFDRFUxZmRCMl9NZWk4ZTVoVUZnVlVMODhTRjNjMnc5bkY5eHNaRl9ON2Z3MGc5R3ZOSjd5S3VvSWkyNlpnWElIOWpJNk5nZi15amNPeGhMY0NGTkswQU9fdkU0Wmo0X1ItUzdqTmt6NC1GYjk0YmhPUGtDMFFVZDZJUXQ5endJOUt4UTNrNUxY,r/HomeImprovement,Anchor,Homebuilder / Designer,4,1/2inch concrete anchor with 5/8inch drill bit. What am I doing wrong? - Reddit,https://news.google.com/rss/articles/CBMirAFBVV95cUxPdnFUVWFXeEdnMlBQc0MtN3N5UVk2aDZ6VHNhcWFDRFUxZmRCMl9NZWk4ZTVoVUZnVlVMODhTRjNjMnc5bkY5eHNaRl9ON2Z3MGc5R3ZOSjd5S3VvSWkyNlpnWElIOWpJNk5nZi15amNPeGhMY0NGTkswQU9fdkU0Wmo0X1ItUzdqTmt6NC1GYjk0YmhPUGtDMFFVZDZJUXQ5endJOUt4UTNrNUxY?oc=5
RSS_CBMiqwFBVV95cUxPUndncG5FMGN6eGUtQWtCd0JpUDVrTTMxblhzWVFRQU56T0o3V3JoMXJhblEwOFJCYk5fenJGVUZkc3pfdnREVlNBSExrRG9JNklZakUxcTFIU1lOSmZUZTNEN2RGczg3NTVqUnVha0l1SG9GeHk0Tkl1cG9lbmpycEQwZTJudHpJc09Hb1VUXzR0M2ZDNjlfSWd5RUVQOVJlLTdOOWVGVlJaRDQ,r/HomeImprovement,Anchor,Homebuilder / Designer,4,How much weight using anchors on drywall? Placing a hanging clothing rack under a wall mounted cabinet - Reddit,https://news.google.com/rss/articles/CBMiqwFBVV95cUxPUndncG5FMGN6eGUtQWtCd0JpUDVrTTMxblhzWVFRQU56T0o3V3JoMXJhblEwOFJCYk5fenJGVUZkc3pfdnREVlNBSExrRG9JNklZakUxcTFIU1lOSmZUZTNEN2RGczg3NTVqUnVha0l1SG9GeHk0Tkl1cG9lbmpycEQwZTJudHpJc09Hb1VUXzR0M2ZDNjlfSWd5RUVQOVJlLTdOOWVGVlJaRDQ?oc=5
RSS_CBMijwFBVV95cUxNc0V6LU9FOXFMMlVmUy05TEZUNW1SNEtoNS1wSU9Nb0N0X3RkaWNSeHNnazRzRHZfU25Cb3hvdUpqOERrMS1RdjhSVnd1TWlJOEZIU0Z1TFEyUGlMUjBvcU9VM0llSUxLaEszeEM2M2lfcGhlM05NbjJuMFNhOV9JSmcyWjhjX3pBWEx4aEd1QQ,r/HomeImprovement,Anchor,Homebuilder / Designer,4,Tapcon or Expansion Anchors? - Reddit,https://news.google.com/rss/articles/CBMijwFBVV95cUxNc0V6LU9FOXFMMlVmUy05TEZUNW1SNEtoNS1wSU9Nb0N0X3RkaWNSeHNnazRzRHZfU25Cb3hvdUpqOERrMS1RdjhSVnd1TWlJOEZIU0Z1TFEyUGlMUjBvcU9VM0llSUxLaEszeEM2M2lfcGhlM05NbjJuMFNhOV9JSmcyWjhjX3pBWEx4aEd1QQ?oc=5
RSS_CBMiqgFBVV95cUxPbW5Ra3FiNW5sRWF3Rmcyaklfa3pJbmhEQ1Y2Q05mR2ZZVEtURXdocW5TejBZZ1drUUFyd2x0OTM0UUg4bDBUdGZRLVJDOEtwM2p5V2lOUllFN0ZoX0hjVHM3WTJIYmtsdklqRC1KdVFWTmk2a0RtZzVFRWJnQzRydHpLM2xrZzdCV1BMNUJZNDNIZjVIekNvTVhGcUlUWVR2a0JMLTJFTTBwUQ,r/HomeImprovement,Anchor,Homebuilder / Designer,4,How to remove drywall anchor type things from my shower tile - Reddit,https://news.google.com/rss/articles/CBMiqgFBVV95cUxPbW5Ra3FiNW5sRWF3Rmcyaklfa3pJbmhEQ1Y2Q05mR2ZZVEtURXdocW5TejBZZ1drUUFyd2x0OTM0UUg4bDBUdGZRLVJDOEtwM2p5V2lOUllFN0ZoX0hjVHM3WTJIYmtsdklqRC1KdVFWTmk2a0RtZzVFRWJnQzRydHpLM2xrZzdCV1BMNUJZNDNIZjVIekNvTVhGcUlUWVR2a0JMLTJFTTBwUQ?oc=5
RSS_CBMipwFBVV95cUxPVkxpRWdCeG5vOWtCSGlQYWhOci1COFlQeXJjNjFnaVJrZFVDZ0N5VXVJZXNKT1o4bHlEZ0oyU0hHT3lfeHlGNXFOSmswb2tQRTBBd0dsNXpkUngzOEpQRzlySVpDcmlOSHdsZ2tKUTJHcGduN3AtempIRUl5NVNxOUdCaEYzaFUyOGhqYWJjVjJJd1ljMFJ3djF3WVBOb3hwa0RiVFBRWQ,r/HomeImprovement,Anchor,Homebuilder / Designer,4,Help with plastic expansion anchors being too loose - Reddit,https://news.google.com/rss/articles/CBMipwFBVV95cUxPVkxpRWdCeG5vOWtCSGlQYWhOci1COFlQeXJjNjFnaVJrZFVDZ0N5VXVJZXNKT1o4bHlEZ0oyU0hHT3lfeHlGNXFOSmswb2tQRTBBd0dsNXpkUngzOEpQRzlySVpDcmlOSHdsZ2tKUTJHcGduN3AtempIRUl5NVNxOUdCaEYzaFUyOGhqYWJjVjJJd1ljMFJ3djF3WVBOb3hwa0RiVFBRWQ?oc=5
RSS_CBMinAFBVV95cUxPV0NhRDFtRlpCZGxOaFlxT2daM2N2WmtkZkhzU1I2TzVONkx2Q01hSG8ydFZuY3NsSW1FaXN1cWZ0TkEwOXNoVk5jajNSU3c0MUg0NC02YkhaYW5KcXVjTzBCOEdVbEtnMHZoMmhyVndkVFVMd0tIdEQ2QldzdzlLc0NmY0Z6MmhpUDdaVzFzMnhjR3pYMEtRbFhzdlk,r/HomeImprovement,Anchor,Homebuilder / Designer,4,Screw size relative to its wall anchor? - Reddit,https://news.google.com/rss/articles/CBMinAFBVV95cUxPV0NhRDFtRlpCZGxOaFlxT2daM2N2WmtkZkhzU1I2TzVONkx2Q01hSG8ydFZuY3NsSW1FaXN1cWZ0TkEwOXNoVk5jajNSU3c0MUg0NC02YkhaYW5KcXVjTzBCOEdVbEtnMHZoMmhyVndkVFVMd0tIdEQ2QldzdzlLc0NmY0Z6MmhpUDdaVzFzMnhjR3pYMEtRbFhzdlk?oc=5
RSS_CBMiowFBVV95cUxQRzRmNVlkenhMU2p4aTE0MlhoZDdoQ3VEVWNmMGMxbl9Na3U3WTJMTmJaT3lfSjctRnBQRmpsaUFRVDl0Vjl3bjExekU5RUlQQ3pTbDlJSXhHUWdHY0dtazR1VmQxbkItTDEtbDRWcDc5ekkwNVBaVnVYUFlpU1NvaWtHX01oWmlVdlQ4dVhfeVRtS2pkcms4c3F4US1zbENXZkkw,r/HomeImprovement,Anchor,Homebuilder / Designer,4,Can I anchor a bookshelf in a poured cement basement wall? - Reddit,https://news.google.com/rss/articles/CBMiowFBVV95cUxQRzRmNVlkenhMU2p4aTE0MlhoZDdoQ3VEVWNmMGMxbl9Na3U3WTJMTmJaT3lfSjctRnBQRmpsaUFRVDl0Vjl3bjExekU5RUlQQ3pTbDlJSXhHUWdHY0dtazR1VmQxbkItTDEtbDRWcDc5ekkwNVBaVnVYUFlpU1NvaWtHX01oWmlVdlQ4dVhfeVRtS2pkcms4c3F4US1zbENXZkkw?oc=5
RSS_CBMiowFBVV95cUxPeWx2U09PNlplbU9IRmxNTE5UNFdrTW5SR2o0Q0kwdlEzd19lRFYwY2pfTF9HUmRoXzZiMzhhc29pc3ZwRlVtcXRRNDZvMEtoTHEwSDNNVnlTVUxZMENhNVZvZGFQc1B3M2lMWk1ySXVscXgzMjEwODFibEZ0cU9LU21oWkFJTzZkZmZFaFpDOVg5a1ZJSWdWbmpBcFRCNEFHRmpV,r/HomeImprovement,Anchor,Homebuilder / Designer,4,Plasterboard anchor screws just won't go in! - Reddit,https://news.google.com/rss/articles/CBMiowFBVV95cUxPeWx2U09PNlplbU9IRmxNTE5UNFdrTW5SR2o0Q0kwdlEzd19lRFYwY2pfTF9HUmRoXzZiMzhhc29pc3ZwRlVtcXRRNDZvMEtoTHEwSDNNVnlTVUxZMENhNVZvZGFQc1B3M2lMWk1ySXVscXgzMjEwODFibEZ0cU9LU21oWkFJTzZkZmZFaFpDOVg5a1ZJSWdWbmpBcFRCNEFHRmpV?oc=5
RSS_CBMiqgFBVV95cUxObjIzamlPYnFXbTVnOW5Icmg0Qi1LdzUtWG9EYlhrNl9RaS1YVFo1YmJDTnotTWMyRzA1SHd1ZDlGRTdhMG41M3RDVlNBV0I2S3hXQmJhSHpob1h6QmE0SVNJdXJRdXhwS0ZNaFF4NzVTd2JES0pNdk9LeUZhZ3dmUGdVNjh3X0NyRi10SkdyOW5ycGRIVm1lYk82MmxkTy10aU5sNjlLeUxLdw,r/HomeImprovement,Anchor,Homebuilder / Designer,4,Installed a bifold door over porcelain tiles. How to anchor? - Reddit,https://news.google.com/rss/articles/CBMiqgFBVV95cUxObjIzamlPYnFXbTVnOW5Icmg0Qi1LdzUtWG9EYlhrNl9RaS1YVFo1YmJDTnotTWMyRzA1SHd1ZDlGRTdhMG41M3RDVlNBV0I2S3hXQmJhSHpob1h6QmE0SVNJdXJRdXhwS0ZNaFF4NzVTd2JES0pNdk9LeUZhZ3dmUGdVNjh3X0NyRi10SkdyOW5ycGRIVm1lYk82MmxkTy10aU5sNjlLeUxLdw?oc=5
RSS_CBMilAFBVV95cUxObWN5cWNCVTJYbml6a0xrWUc2dXVGd3lsVzlJUTRPblB4aVJvWFlpeVBhQ1ItUmhKMWM0WWpfZVVtS2pVZUZlYmo4NEhWTmZWZ01CY1U1TUJuNGdILTVOVnlyZndURUVVdmt4WFhLaGJSeE5uZnc0WDh4UVdaQkQ1QUFVRkxpT0VOV2RNTGJubXlSQmFf,r/HomeImprovement,Anchor,Homebuilder / Designer,4,Dry wall anchor spacing question... - Reddit,https://news.google.com/rss/articles/CBMilAFBVV95cUxObWN5cWNCVTJYbml6a0xrWUc2dXVGd3lsVzlJUTRPblB4aVJvWFlpeVBhQ1ItUmhKMWM0WWpfZVVtS2pVZUZlYmo4NEhWTmZWZ01CY1U1TUJuNGdILTVOVnlyZndURUVVdmt4WFhLaGJSeE5uZnc0WDh4UVdaQkQ1QUFVRkxpT0VOV2RNTGJubXlSQmFf?oc=5
RSS_CBMiqAFBVV95cUxOSWx5Ym9PNkJ5RUlHR2ZKWmNDdjlUT283NHdZeDYxTDJEMmp2UE52T3NpcTFWWTJZTTdFVlR4NW9mOUJtaGFWRlJGQWkxWF9CcVFvRkprenBxaVJlSXIzQkJJZ1doUHFVemFpeHRHZ015eTgza3hBLVYxSndBa2loeDd6Mkx2MUNRb1ZSVHNsOE9uQk1UMFhaWEtuUHRqTm5jbzNHR3NUZUY,r/HomeImprovement,Anchor,Homebuilder / Designer,4,"Best non-permanent way to anchor a kids playset, are deck blocks OK if they are buried? - Reddit",https://news.google.com/rss/articles/CBMiqAFBVV95cUxOSWx5Ym9PNkJ5RUlHR2ZKWmNDdjlUT283NHdZeDYxTDJEMmp2UE52T3NpcTFWWTJZTTdFVlR4NW9mOUJtaGFWRlJGQWkxWF9CcVFvRkprenBxaVJlSXIzQkJJZ1doUHFVemFpeHRHZ015eTgza3hBLVYxSndBa2loeDd6Mkx2MUNRb1ZSVHNsOE9uQk1UMFhaWEtuUHRqTm5jbzNHR3NUZUY?oc=5
RSS_CBMipgFBVV95cUxNWEZBcEFMcW1RbFI3a01ZeTBPeWh0SGhiTTFUMUtOQWJlUVFLdVNDd2tvTEhZX0hHMjdUREhNR1phWmxQSVNtakZjUmtTRm12TGtLRi1yV1ZmdTFLdVlOZ0ZXaTdsbXFMSW0xRE1XM0hBYVl6czRrdGFuMzJWQlVEUjVFdlZTZXVjQzVUVl9HQmFyM21VRGlPWW50SXdYLXRPU18wbDV3,r/HomeImprovement,Anchor,Homebuilder / Designer,4,Bifold door anchors on laminate over concrete subfloor - Reddit,https://news.google.com/rss/articles/CBMipgFBVV95cUxNWEZBcEFMcW1RbFI3a01ZeTBPeWh0SGhiTTFUMUtOQWJlUVFLdVNDd2tvTEhZX0hHMjdUREhNR1phWmxQSVNtakZjUmtTRm12TGtLRi1yV1ZmdTFLdVlOZ0ZXaTdsbXFMSW0xRE1XM0hBYVl6czRrdGFuMzJWQlVEUjVFdlZTZXVjQzVUVl9HQmFyM21VRGlPWW50SXdYLXRPU18wbDV3?oc=5
RSS_CBMipgFBVV95cUxOVjlhaHJPcjdPV2h2QkdsRlIxdUJ3TFJpV1ZXQkJHY1ltWTVyVzh1R1dTV2ZzSGhxRThCMjlLTHRqbm5zWG9ITjliSHQwaU1kZnhBRVJZVFBkTmNHVGNVQ2Z2NHpZVVNhUXU4eXJWQkMwV3dMOHJvME5lZ1NjRUROamtCei1oYU9jXzBQTXE3RVQ4OFdKa2NwSFE3SUNfQjVMQURkR1pB,r/HomeImprovement,Anchor,Homebuilder / Designer,4,Which drywall anchor leaves the tiniest hole behind? - Reddit,https://news.google.com/rss/articles/CBMipgFBVV95cUxOVjlhaHJPcjdPV2h2QkdsRlIxdUJ3TFJpV1ZXQkJHY1ltWTVyVzh1R1dTV2ZzSGhxRThCMjlLTHRqbm5zWG9ITjliSHQwaU1kZnhBRVJZVFBkTmNHVGNVQ2Z2NHpZVVNhUXU4eXJWQkMwV3dMOHJvME5lZ1NjRUROamtCei1oYU9jXzBQTXE3RVQ4OFdKa2NwSFE3SUNfQjVMQURkR1pB?oc=5
RSS_CBMipwFBVV95cUxQakc2a0MyWnVyVWEyZjVQMjdoUDVMVnVGZ0tyLVJrVnh2REtVOWxZUzk5bFE2TUpJOGVoN3RaRmFJN3psZTQzbXBJN2I3R1dQdXVQWmxqM0Voel9nU2gxcnNVc1Jhbnp5Sktyck0xdC1WSDVzczZUT1d5Ums5X2gyMVAwUGRTVm5Ba01XT3gzYVNVWHUtUVA4YjBGWlprY2NTcTRMOWN6WQ,r/HomeImprovement,Anchor,Homebuilder / Designer,4,Mounting TV on drywall over brick. Best anchor? - Reddit,https://news.google.com/rss/articles/CBMipwFBVV95cUxQakc2a0MyWnVyVWEyZjVQMjdoUDVMVnVGZ0tyLVJrVnh2REtVOWxZUzk5bFE2TUpJOGVoN3RaRmFJN3psZTQzbXBJN2I3R1dQdXVQWmxqM0Voel9nU2gxcnNVc1Jhbnp5Sktyck0xdC1WSDVzczZUT1d5Ums5X2gyMVAwUGRTVm5Ba01XT3gzYVNVWHUtUVA4YjBGWlprY2NTcTRMOWN6WQ?oc=5
RSS_CBMikwFBVV95cUxOalpRY3p0eUtNQ2NSZ2hRY1l0Z3pKMVBHUUU0bEVsVzRpOG02c3FVdXZQQ2xldTFNMXVPYkxjSDJVeU5ka3ZoRi10RlpLcUE5TVF1ZGtwbTBfc2NNSURpd1h5ZzJWZEc5OFBHT3R6WmhsdHJDeWFQb3FaTngyZmdESjRkRnJ1Z19DdXpaYU5qbWhwSHc,r/HomeImprovement,Anchor,Homebuilder / Designer,4,Can I cut drywall anchors down? - Reddit,https://news.google.com/rss/articles/CBMikwFBVV95cUxOalpRY3p0eUtNQ2NSZ2hRY1l0Z3pKMVBHUUU0bEVsVzRpOG02c3FVdXZQQ2xldTFNMXVPYkxjSDJVeU5ka3ZoRi10RlpLcUE5TVF1ZGtwbTBfc2NNSURpd1h5ZzJWZEc5OFBHT3R6WmhsdHJDeWFQb3FaTngyZmdESjRkRnJ1Z19DdXpaYU5qbWhwSHc?oc=5
RSS_CBMilwFBVV95cUxNeDVPeWVjYzlRVHFBYjFuR2NDaHA3eGFvMkc4aUtxOVo5NXhGUGlYNk5lUG8yNThWRFZ2MnQyckgyMG1PYUh6UnM0cGRSeWVTYUM3WDlXeVk1V1hPSXFwQ3RlZW94UGZJWF9qNDUtcGhvRzV6V3RkTDZBMVBGTFh3VTdYbGdITTJnN2VFdWl0Um9lQmxzXzZN,r/HomeImprovement,Anchor,Homebuilder / Designer,4,Drywall anchors keeps falling off - Reddit,https://news.google.com/rss/articles/CBMilwFBVV95cUxNeDVPeWVjYzlRVHFBYjFuR2NDaHA3eGFvMkc4aUtxOVo5NXhGUGlYNk5lUG8yNThWRFZ2MnQyckgyMG1PYUh6UnM0cGRSeWVTYUM3WDlXeVk1V1hPSXFwQ3RlZW94UGZJWF9qNDUtcGhvRzV6V3RkTDZBMVBGTFh3VTdYbGdITTJnN2VFdWl0Um9lQmxzXzZN?oc=5
RSS_CBMimAFBVV95cUxPU3BuUHJFOXBpNTVremNGMDJJMklUSVFveXFuN250WUxRNUE4aFozSWl3dkhtLVhraXQyUUUzVWxpMDV4cHB0VUtrTEpBaEtucTZQSkt3Nk1WbGEtQi1URm1fb0NkWkVBazFKRjVyTUh5YlNrN3RUSmhwZjZGRjZiQ1g4UEdHRXY5d3BxMk5PRXhBbDFhLWJ2cg,r/HomeImprovement,Anchor,Homebuilder / Designer,4,Drywall Anchor with Screw stick out? - Reddit,https://news.google.com/rss/articles/CBMimAFBVV95cUxPU3BuUHJFOXBpNTVremNGMDJJMklUSVFveXFuN250WUxRNUE4aFozSWl3dkhtLVhraXQyUUUzVWxpMDV4cHB0VUtrTEpBaEtucTZQSkt3Nk1WbGEtQi1URm1fb0NkWkVBazFKRjVyTUh5YlNrN3RUSmhwZjZGRjZiQ1g4UEdHRXY5d3BxMk5PRXhBbDFhLWJ2cg?oc=5
RSS_CBMinAFBVV95cUxOYkZVRHd3SlJDX3RkZ3JwUE56OGFGb0ttdFdMTnY4ZEEtZUtGSlF3cmNpU1FfYVkxM25LV3VMVG1LcFVYNlBaZk9EYkVSMDZnMG11dGhXTUZvN1FocmNjTmtwSHlhSkw4eTZSMUZlSGF0SU10REYxR1FVR1l0VVc1ZTYyVE5HdnFLeDNsQlBBaVpRVTVlQmZzWndETGg,r/HomeImprovement,Anchor,Homebuilder / Designer,4,Screws/Anchors for cabinets in drywall - Reddit,https://news.google.com/rss/articles/CBMinAFBVV95cUxOYkZVRHd3SlJDX3RkZ3JwUE56OGFGb0ttdFdMTnY4ZEEtZUtGSlF3cmNpU1FfYVkxM25LV3VMVG1LcFVYNlBaZk9EYkVSMDZnMG11dGhXTUZvN1FocmNjTmtwSHlhSkw4eTZSMUZlSGF0SU10REYxR1FVR1l0VVc1ZTYyVE5HdnFLeDNsQlBBaVpRVTVlQmZzWndETGg?oc=5
RSS_CBMiogFBVV95cUxQLVd4MGtlOVAyMF9UVjdGQXBaNnBHRVlQdWVEMlVWNEItMFAybVgtZ1ZGV09fc2ZCeHpyZ19ORk5FNy1tX3h3dU5PSlhwWE1lVDhWUjQ2LWNqOGpvaEN6enBJZEk3Nk5seGl0RjZXdXk5MmMzY21XSktPZGtNRkloUXdoTUsxSjM5Z2JCNHZnQjEwajdQeW1XYWViOW5xM2xoSlE,r/HomeImprovement,Anchor,Homebuilder / Designer,4,"I installed two drywall anchors too close together, but they are the kind you lock in place with a screwdriver. They locked in snug. Am I safe? - Reddit",https://news.google.com/rss/articles/CBMiogFBVV95cUxQLVd4MGtlOVAyMF9UVjdGQXBaNnBHRVlQdWVEMlVWNEItMFAybVgtZ1ZGV09fc2ZCeHpyZ19ORk5FNy1tX3h3dU5PSlhwWE1lVDhWUjQ2LWNqOGpvaEN6enBJZEk3Nk5seGl0RjZXdXk5MmMzY21XSktPZGtNRkloUXdoTUsxSjM5Z2JCNHZnQjEwajdQeW1XYWViOW5xM2xoSlE?oc=5
RSS_CBMiowFBVV95cUxNMVdXVWszN1ZEZHgweE5NSXViaFNRR0lRQmtOQ2JnZXJEOEZ0eElLdUxOblZoVllKRWRvX2hBcFZ4MGVQSF9wYTBhVWxlcGJkakU2UlNqeV9acUtSdTVzYUlFSk5LQmhuTFdPRXhBYWctWml0Y3JlemFyYU5GNUs2b2lPY2xuZ1BmTzNwLWdOMEJLbTJVY0duVjk0a1N6eHhvMzV3,r/HomeImprovement,Anchor,Homebuilder / Designer,4,How to reinstall curtains after pulling out drywall anchor - Reddit,https://news.google.com/rss/articles/CBMiowFBVV95cUxNMVdXVWszN1ZEZHgweE5NSXViaFNRR0lRQmtOQ2JnZXJEOEZ0eElLdUxOblZoVllKRWRvX2hBcFZ4MGVQSF9wYTBhVWxlcGJkakU2UlNqeV9acUtSdTVzYUlFSk5LQmhuTFdPRXhBYWctWml0Y3JlemFyYU5GNUs2b2lPY2xuZ1BmTzNwLWdOMEJLbTJVY0duVjk0a1N6eHhvMzV3?oc=5
RSS_CBMiqAFBVV95cUxPV0xxS1RpcjNfU0g5MGtPeXR1bUlLMlFEYWtHYzF5RzVUcmt0cjRIRlVsS0hleVc3ejNHcTEtUDZTY3Z4QThaR1pMR1VwV210dTdvWmtLR2dERE84cEpzUF84dEVkNExPcTJMd2htbGYxZ0htZzQxWERuSHNZSW1jZlVQclVpbmVkYlFWYldaQ0Z5WlhWZEdPOU0tNEs2OTdYOXg2QXVZZXo,r/HomeImprovement,Anchor,Homebuilder / Designer,4,Need to find a 10x55 wall anchor for my Onn TV Wall Mount - Reddit,https://news.google.com/rss/articles/CBMiqAFBVV95cUxPV0xxS1RpcjNfU0g5MGtPeXR1bUlLMlFEYWtHYzF5RzVUcmt0cjRIRlVsS0hleVc3ejNHcTEtUDZTY3Z4QThaR1pMR1VwV210dTdvWmtLR2dERE84cEpzUF84dEVkNExPcTJMd2htbGYxZ0htZzQxWERuSHNZSW1jZlVQclVpbmVkYlFWYldaQ0Z5WlhWZEdPOU0tNEs2OTdYOXg2QXVZZXo?oc=5
RSS_CBMihAFBVV95cUxPSTRHdU9wUFBWSE42TENYSldUNHhCbzBuNTFBeEhFWkRYdHAxVFp3ckl1eTktbm5EaXlrQVNXVlp0RThON2VyTFNtWUQxZEw3VFJrazdkTjU1RFBsTS1mRXhvNFBRbFI4WGVmeHl0Z3p0a1dkUmxzbmhtRVVlTTk4emFzeUc,r/HomeImprovement,Anchor,Homebuilder / Designer,4,Anchoring Swing set? - Reddit,https://news.google.com/rss/articles/CBMihAFBVV95cUxPSTRHdU9wUFBWSE42TENYSldUNHhCbzBuNTFBeEhFWkRYdHAxVFp3ckl1eTktbm5EaXlrQVNXVlp0RThON2VyTFNtWUQxZEw3VFJrazdkTjU1RFBsTS1mRXhvNFBRbFI4WGVmeHl0Z3p0a1dkUmxzbmhtRVVlTTk4emFzeUc?oc=5
RSS_CBMijwFBVV95cUxOc1BmaDVwVi1jckJmeVVKY0h2VUh6N2htZWROMW15d2dvUzhjZ0M3ODZUZlpDVF9kbmhDczdTOXBaeS1uUTJPRmF3bWJXeGNUejF3MnhKTHJCMElOck1sVlZscWk1MXBNdVpQYTUwR3R2elF0Z0xobXpPdW5pNUVYbFJxMGxWQnJtaEVvZUlFVQ,r/HomeImprovement,Anchor,Homebuilder / Designer,4,Drywall Anchors Pushing Out - Reddit,https://news.google.com/rss/articles/CBMijwFBVV95cUxOc1BmaDVwVi1jckJmeVVKY0h2VUh6N2htZWROMW15d2dvUzhjZ0M3ODZUZlpDVF9kbmhDczdTOXBaeS1uUTJPRmF3bWJXeGNUejF3MnhKTHJCMElOck1sVlZscWk1MXBNdVpQYTUwR3R2elF0Z0xobXpPdW5pNUVYbFJxMGxWQnJtaEVvZUlFVQ?oc=5
RSS_CBMinwFBVV95cUxPU0xjazA4SlN5LU5wVjYwTDMxWTJwT0haNl9JXzRGdmtzU3lXYnAxdENSSnBEek1LZVdCZDBxZWcyejAwZGxMVlFLbWhFSDRXT2hQaHU0VjU4Yl9ISEExbjFGdVBrYWtvX1FldDg2c3JVaHRpT2VOTUZGMHFKNzI1SGxlVVhxak1FSUVSOEJVNV9McnBYeXpGSHJYbFVHcUk,r/HomeImprovement,Anchor,Homebuilder / Designer,4,Closet rod installation- do I use anchors? - Reddit,https://news.google.com/rss/articles/CBMinwFBVV95cUxPU0xjazA4SlN5LU5wVjYwTDMxWTJwT0haNl9JXzRGdmtzU3lXYnAxdENSSnBEek1LZVdCZDBxZWcyejAwZGxMVlFLbWhFSDRXT2hQaHU0VjU4Yl9ISEExbjFGdVBrYWtvX1FldDg2c3JVaHRpT2VOTUZGMHFKNzI1SGxlVVhxak1FSUVSOEJVNV9McnBYeXpGSHJYbFVHcUk?oc=5
RSS_CBMiiAFBVV95cUxQMnRnUU5SOXZnWEM3SV9NNnBSSl9YRFVBQm5rYjdEYlZFcmtrd29vWXVpNjZKd3hVNGtCR1dPN3lKcEVfYzhMRWdMN011UzJaaS01bUdlelM2YllVUUo3UEhEM2VPU0J2SjU1RVBqaXFQOUpkZ3RwR2I0bnRHNG5jcUU5R1N5RUtE,r/HomeImprovement,Anchor,Homebuilder / Designer,4,Moving drywall anchors - Reddit,https://news.google.com/rss/articles/CBMiiAFBVV95cUxQMnRnUU5SOXZnWEM3SV9NNnBSSl9YRFVBQm5rYjdEYlZFcmtrd29vWXVpNjZKd3hVNGtCR1dPN3lKcEVfYzhMRWdMN011UzJaaS01bUdlelM2YllVUUo3UEhEM2VPU0J2SjU1RVBqaXFQOUpkZ3RwR2I0bnRHNG5jcUU5R1N5RUtE?oc=5
RSS_CBMijAFBVV95cUxNbEFIZUJLbEM2N3BzRmR3Y0xEQ3lfaDRpb1ZmMXN6cjZPSFpnbk5IRG1DR2cwT2FvazVkZ1NoMU5ObUEtNkd4MHItd2dvUnpFTElJc1JDUmVqTGVLSlpheXhpUDk5LXRFem9kb2QxUEtCU2V4WWF5YWNWb25Nc25hb3pHeTdfV2haZUJXZQ,r/HomeImprovement,Anchor,Homebuilder / Designer,4,Help #4 screws need anchors?! - Reddit,https://news.google.com/rss/articles/CBMijAFBVV95cUxNbEFIZUJLbEM2N3BzRmR3Y0xEQ3lfaDRpb1ZmMXN6cjZPSFpnbk5IRG1DR2cwT2FvazVkZ1NoMU5ObUEtNkd4MHItd2dvUnpFTElJc1JDUmVqTGVLSlpheXhpUDk5LXRFem9kb2QxUEtCU2V4WWF5YWNWb25Nc25hb3pHeTdfV2haZUJXZQ?oc=5
RSS_CBMingFBVV95cUxNREtYWUtyNjJhSU5meGpQUkpXd3BmZTBIQ2xYaWFrU1k3d242a0w2THRldmg3YWI3V29KTEFZV04waUZjV3ZlYi03d01DOTQyTjg1aGlvWUg3eXo3cW13a0tPSFFUeGoyaklTUXprR2luNjV6NE5tYTcxcG5HdkFfQXVMQ21pYXBPTHo0a0U3R0ltbU90ODg1OGh0NG84UQ,r/HomeImprovement,Anchor,Homebuilder / Designer,4,Anchor furniture into wall with molding? - Reddit,https://news.google.com/rss/articles/CBMingFBVV95cUxNREtYWUtyNjJhSU5meGpQUkpXd3BmZTBIQ2xYaWFrU1k3d242a0w2THRldmg3YWI3V29KTEFZV04waUZjV3ZlYi03d01DOTQyTjg1aGlvWUg3eXo3cW13a0tPSFFUeGoyaklTUXprR2luNjV6NE5tYTcxcG5HdkFfQXVMQ21pYXBPTHo0a0U3R0ltbU90ODg1OGh0NG84UQ?oc=5
RSS_CBMiqgFBVV95cUxPN0picXZGZlRtdlJ3UERTN3FXU0JjcTNyWEFIUlYxTTFrcE5HOWg3RHZpUmI5TUpjU2UwR19uUWpQeEVjcko3N0tXT2VleUE5cFZ6cEF1dXhUV2dKLUJWRm5oZkF2dmZWQ0xDb1dfZVVPb0pKQ3M0V1R0UnBtUC1qOTBoQlp1SGxfN2l3UWRNalNrNExGTEtaWlJXZEg2RFRHZE9zSjFHbVVEdw,r/HomeImprovement,Anchor,Homebuilder / Designer,4,Why won't my plasterboard anchors / Wallmates go in all the way? - Reddit,https://news.google.com/rss/articles/CBMiqgFBVV95cUxPN0picXZGZlRtdlJ3UERTN3FXU0JjcTNyWEFIUlYxTTFrcE5HOWg3RHZpUmI5TUpjU2UwR19uUWpQeEVjcko3N0tXT2VleUE5cFZ6cEF1dXhUV2dKLUJWRm5oZkF2dmZWQ0xDb1dfZVVPb0pKQ3M0V1R0UnBtUC1qOTBoQlp1SGxfN2l3UWRNalNrNExGTEtaWlJXZEg2RFRHZE9zSjFHbVVEdw?oc=5
RSS_CBMioAFBVV95cUxPclBmbW1TRl9jcFdiTERaMkExbXJqdWF0V29aUGdKRXZkejFkX1BqSkFqN0FoaENyc1hCdXlpZU56cjd2N3hYTE5VSE9OUUNtdE4yN2RBU2I3aXVkVkQyVUNWVXlyeldEb1dqSGs5VWU5SWdfaUlxR3liejNLMWY0VEdtMExsNjNOd2oxVmg0WF84ajJLVF9ZbHRNVUd0c3RG,r/HomeImprovement,Anchor,Homebuilder / Designer,4,Toggle anchor pulls out when screwing in - Reddit,https://news.google.com/rss/articles/CBMioAFBVV95cUxPclBmbW1TRl9jcFdiTERaMkExbXJqdWF0V29aUGdKRXZkejFkX1BqSkFqN0FoaENyc1hCdXlpZU56cjd2N3hYTE5VSE9OUUNtdE4yN2RBU2I3aXVkVkQyVUNWVXlyeldEb1dqSGs5VWU5SWdfaUlxR3liejNLMWY0VEdtMExsNjNOd2oxVmg0WF84ajJLVF9ZbHRNVUd0c3RG?oc=5
RSS_CBMioAFBVV95cUxPdWZtOTFmcjNfRjJkSThUWTZXcnR6S01kNGFFWUZJbzB6U1pTN3RyNGVqcTlWZXJWZnJYdkFNWTdiX21JQTY0Ti1DOWdmRF9FT1FIUzg4TVR4Uk9RQUUtVzRaaXFzVS01S1BtN095dm9QN2ZXb3o5aDNpUjRYOVF6M0JVVnFkdGU2eTBMWEN2Vzh1VWFheGJMV3o0d3o1cURE,r/HomeImprovement,Anchor,Homebuilder / Designer,4,Using the same holes for new wall anchors? - Reddit,https://news.google.com/rss/articles/CBMioAFBVV95cUxPdWZtOTFmcjNfRjJkSThUWTZXcnR6S01kNGFFWUZJbzB6U1pTN3RyNGVqcTlWZXJWZnJYdkFNWTdiX21JQTY0Ti1DOWdmRF9FT1FIUzg4TVR4Uk9RQUUtVzRaaXFzVS01S1BtN095dm9QN2ZXb3o5aDNpUjRYOVF6M0JVVnFkdGU2eTBMWEN2Vzh1VWFheGJMV3o0d3o1cURE?oc=5
RSS_CBMihwFBVV95cUxQQkxxMk1YRFAzcjBWeV9raWExbjRMZnZrMUE2blYwcGdadUU5OTV0bjdGSlNuNEhRa1owVmpNMkozYThTb1hkRko4WGY4VjNrVmhnQWZqcXppZURUUndVbHJBTEpmbF8zRUFuMWlZLXU0Wml4aU5aeTRqSVVNNC1GLXRUWmw3b0E,r/HomeImprovement,Anchor,Homebuilder / Designer,4,Rusted toilet anchors - Reddit,https://news.google.com/rss/articles/CBMihwFBVV95cUxQQkxxMk1YRFAzcjBWeV9raWExbjRMZnZrMUE2blYwcGdadUU5OTV0bjdGSlNuNEhRa1owVmpNMkozYThTb1hkRko4WGY4VjNrVmhnQWZqcXppZURUUndVbHJBTEpmbF8zRUFuMWlZLXU0Wml4aU5aeTRqSVVNNC1GLXRUWmw3b0E?oc=5
RSS_CBMiqwFBVV95cUxOUFo1NExCYUtxUUNFQ0t1OWN1MUNaMldwNlMwc2puYnhPQWhpX1ZSUmp4OUhjekJjd1l6SnJWX2d1TVBTc2hxc3hqaE1VRlpFaHdGTVBHRGRrUlJXMms3TG8xVDlFNFk2MHl2b04xa2lHajlnRFNlTFB3ZU1La3FKUjVPWWdGTlo5OUFZdDFoaUpFeVhXMldEejdGTFppVXNEQUNCb0w0cGhjLWs,r/HomeImprovement,Anchor,Homebuilder / Designer,4,Plastic Drywall Anchor won't penetrate anywhere in drywall - Reddit,https://news.google.com/rss/articles/CBMiqwFBVV95cUxOUFo1NExCYUtxUUNFQ0t1OWN1MUNaMldwNlMwc2puYnhPQWhpX1ZSUmp4OUhjekJjd1l6SnJWX2d1TVBTc2hxc3hqaE1VRlpFaHdGTVBHRGRrUlJXMms3TG8xVDlFNFk2MHl2b04xa2lHajlnRFNlTFB3ZU1La3FKUjVPWWdGTlo5OUFZdDFoaUpFeVhXMldEejdGTFppVXNEQUNCb0w0cGhjLWs?oc=5
RSS_CBMirAFBVV95cUxPUHkwMkg1M09TZHlzS0xfbjk5N2VnVXVYYTJtUXRUbVZXbnpxRndjQzBEaUtrRU9BNVduRDlJZVFNY0VmaW1kanZTMWNWM0tXbEgtbGNMWlFnZHF4NmN5VnAtUFFOcmpnclVPMEhwWGNGWmtFbXhYcDhscGotODYxb3J0czB5aU9HQUQzZ3hnbElnMGp6WW9MOGhqd0JoYVBaV3plc05oWTdkT2ct,r/HomeImprovement,Anchor,Homebuilder / Designer,4,Plastic concrete anchors for drywall guitar mount - Reddit,https://news.google.com/rss/articles/CBMirAFBVV95cUxPUHkwMkg1M09TZHlzS0xfbjk5N2VnVXVYYTJtUXRUbVZXbnpxRndjQzBEaUtrRU9BNVduRDlJZVFNY0VmaW1kanZTMWNWM0tXbEgtbGNMWlFnZHF4NmN5VnAtUFFOcmpnclVPMEhwWGNGWmtFbXhYcDhscGotODYxb3J0czB5aU9HQUQzZ3hnbElnMGp6WW9MOGhqd0JoYVBaV3plc05oWTdkT2ct?oc=5
RSS_CBMipwFBVV95cUxPMWl1ekJPaWV3SUZnSTQ0QnMxMnN6a0l2WXhUTEdRNzB0cDhSdjFHNG9UalRHbkRDbk41QkxsRzNfdmFWcUpma3RXclBiTGd3M2l6UUNJRlAzR2M4NWhVUjY2WHRod0NpTmVwdldPRDUyTlQzVnlpaW1GbXM2LW5tcEF5LXFSaVNRcm42N2d3TEhDT0hzRkhLM2Y0QmxoaVM0ZDc0bXNTOA,r/HomeImprovement,Anchor,Homebuilder / Designer,4,Home Depot curtain rod hardware didn't include drywall anchors - Reddit,https://news.google.com/rss/articles/CBMipwFBVV95cUxPMWl1ekJPaWV3SUZnSTQ0QnMxMnN6a0l2WXhUTEdRNzB0cDhSdjFHNG9UalRHbkRDbk41QkxsRzNfdmFWcUpma3RXclBiTGd3M2l6UUNJRlAzR2M4NWhVUjY2WHRod0NpTmVwdldPRDUyTlQzVnlpaW1GbXM2LW5tcEF5LXFSaVNRcm42N2d3TEhDT0hzRkhLM2Y0QmxoaVM0ZDc0bXNTOA?oc=5
RSS_CBMilAFBVV95cUxOMnFtLTgzQWZ2ZWdXRUdDMHVieDAwall6TkZoaVZXNU4xUktzMnpIQk1qekhlQm4xM2pSdk5OeVNneGpQOUg1TE1vWVRZS091SDJUNXZrOUVZVVk1Um9QMHBZTjJ3TURxNTBuSE9Ed181V0tsRkQ5NVc2LWI0cnMxOVVlN0RPM05McF80WXZZejM1Yk5V,r/HomeImprovement,Anchor,Homebuilder / Designer,4,Wedge anchor won’t stop spinning - Reddit,https://news.google.com/rss/articles/CBMilAFBVV95cUxOMnFtLTgzQWZ2ZWdXRUdDMHVieDAwall6TkZoaVZXNU4xUktzMnpIQk1qekhlQm4xM2pSdk5OeVNneGpQOUg1TE1vWVRZS091SDJUNXZrOUVZVVk1Um9QMHBZTjJ3TURxNTBuSE9Ed181V0tsRkQ5NVc2LWI0cnMxOVVlN0RPM05McF80WXZZejM1Yk5V?oc=5
RSS_CBMiqgFBVV95cUxPNVhpTHNtdjRfcjF5aUpfY1RDWFJfclg1QTZDSjJScUdxTGpCQnNiTmt3NHQwVHpDT2pxaG53M01qQzdXQUR1OGtFZmUtZHRyQ1hXWXMwRkFFYUZwQ1hXOVBFVFdHN050R0ZrU2pFRkNkWDZwOFk4WEFrNlpzWFB6cU5CMEQtdURtVHNuN1Y5R1B5RDZ0b1RJdDlvdW1QZnRBQlBuSDE2U0Fsdw,r/HomeImprovement,Anchor,Homebuilder / Designer,4,Hollow core door anchor repair - worth attempting? - Reddit,https://news.google.com/rss/articles/CBMiqgFBVV95cUxPNVhpTHNtdjRfcjF5aUpfY1RDWFJfclg1QTZDSjJScUdxTGpCQnNiTmt3NHQwVHpDT2pxaG53M01qQzdXQUR1OGtFZmUtZHRyQ1hXWXMwRkFFYUZwQ1hXOVBFVFdHN050R0ZrU2pFRkNkWDZwOFk4WEFrNlpzWFB6cU5CMEQtdURtVHNuN1Y5R1B5RDZ0b1RJdDlvdW1QZnRBQlBuSDE2U0Fsdw?oc=5
RSS_CBMijwFBVV95cUxNd3gtUUtTcS1kczhNbFRXZ3k0WGhsUTVjb3VLbF85Uy13TkJfalJDMVlGV01NMGhqUkVlazBBUjBKbnZsV2V1bVdDbk9lSnVKQW1KbGtXYzBZT3hYVEdndHhjSU1Idml2aEVGSk1Fd01HTXZfMEhyTWowNG9xTkpVUXhmZjlUWEJKTUIxaERqdw,r/HomeImprovement,Anchor,Homebuilder / Designer,4,Drywall anchor installation - Reddit,https://news.google.com/rss/articles/CBMijwFBVV95cUxNd3gtUUtTcS1kczhNbFRXZ3k0WGhsUTVjb3VLbF85Uy13TkJfalJDMVlGV01NMGhqUkVlazBBUjBKbnZsV2V1bVdDbk9lSnVKQW1KbGtXYzBZT3hYVEdndHhjSU1Idml2aEVGSk1Fd01HTXZfMEhyTWowNG9xTkpVUXhmZjlUWEJKTUIxaERqdw?oc=5
RSS_CBMipAFBVV95cUxNMU5FQl9SRk5xWC1XWXFqQ3ZqZXVQSnIycU5vTzBkcjIzLVc3ME82bG9PN2w0YW1wX1lockZCQi1QUEFJLV91VGJVcUVkTUFXZ0FCUGVLeC1uUm9RSTNWOWpPX3FWOGMyYkFROTNaeXNZUkNheHZlalRRWTVLVkNmVDN1MDVVMHRlQ1psWkdVVFBwcmZLcVJNbWhkeXlTTzg0Z0xmZA,r/HomeImprovement,Anchor,Homebuilder / Designer,4,What product to fill hurricane anchor bolts - Reddit,https://news.google.com/rss/articles/CBMipAFBVV95cUxNMU5FQl9SRk5xWC1XWXFqQ3ZqZXVQSnIycU5vTzBkcjIzLVc3ME82bG9PN2w0YW1wX1lockZCQi1QUEFJLV91VGJVcUVkTUFXZ0FCUGVLeC1uUm9RSTNWOWpPX3FWOGMyYkFROTNaeXNZUkNheHZlalRRWTVLVkNmVDN1MDVVMHRlQ1psWkdVVFBwcmZLcVJNbWhkeXlTTzg0Z0xmZA?oc=5
RSS_CBMipgFBVV95cUxOQWdiXzBQMDZ1UVFGd2psYm15T2JHYnRxNlBidU1OUHN1bDJmeHZNUl8yVXU3VEZJZ1hhdmRxRjJFRWd6VWs2VmhFaTdTdV9ycnNXeTNlYVV4UjlRWDVpdS1RNXc2WWJoa0pfbGlWekV6VVptNkVDbFM0Q2RNdTB6azY5eGE4Q3BPd3V2ck1LTXZFTlhWXzQ1NXhlZEpvSGVoek5yaDln,r/HomeImprovement,Anchor,Homebuilder / Designer,4,Anchor bolts not lining up with post base. Any recommendations on how to make them fit? - Reddit,https://news.google.com/rss/articles/CBMipgFBVV95cUxOQWdiXzBQMDZ1UVFGd2psYm15T2JHYnRxNlBidU1OUHN1bDJmeHZNUl8yVXU3VEZJZ1hhdmRxRjJFRWd6VWs2VmhFaTdTdV9ycnNXeTNlYVV4UjlRWDVpdS1RNXc2WWJoa0pfbGlWekV6VVptNkVDbFM0Q2RNdTB6azY5eGE4Q3BPd3V2ck1LTXZFTlhWXzQ1NXhlZEpvSGVoek5yaDln?oc=5
RSS_CBMiqgFBVV95cUxOOEtBTzJBaGs5M3VNR2ltaWhYUzVqZXM0d3RNMXZ3NHR5UnlrTl84Mkc2TVY2YW9lZEJHY002QjhWYUVHN1ozSl83dmZITndkS2pJdnhLbjNxSmxCeUVxdnYwZmZoR0h1QzNtWlBXalpQemFHU0NCRldnVXhfaXB5WVhtWVMyb2pGVG5pLVBmWmp2REVfODE1ZDRtS3VwOXpGc0FDQktrdTItUQ,r/HomeImprovement,Anchor,Homebuilder / Designer,4,Are these plastic expansion anchors safe to use in a hollow concrete block wall? - Reddit,https://news.google.com/rss/articles/CBMiqgFBVV95cUxOOEtBTzJBaGs5M3VNR2ltaWhYUzVqZXM0d3RNMXZ3NHR5UnlrTl84Mkc2TVY2YW9lZEJHY002QjhWYUVHN1ozSl83dmZITndkS2pJdnhLbjNxSmxCeUVxdnYwZmZoR0h1QzNtWlBXalpQemFHU0NCRldnVXhfaXB5WVhtWVMyb2pGVG5pLVBmWmp2REVfODE1ZDRtS3VwOXpGc0FDQktrdTItUQ?oc=5
RSS_CBMimwFBVV95cUxOa2tKYXV6amZmNkJiOTZGYVhXVVhKQjUxZ29jWXRoSmVvOFNKMHVJVnFFaF9Ea0U0OTZKaVNiTGRnV0hfbkl6MTVEbkg5N096MndjZXVHelJnbjdMaENudlhHbE5HbUZ0TG91UlJobFR5VThTZEJZeVJ1WnZFeU9kcFV0OXpvMDVkSkM4NzJZakVFTU9xdElHU1pnOA,r/HomeImprovement,Anchor,Homebuilder / Designer,4,Shed Anchors For Shed On Deck Blocks - Reddit,https://news.google.com/rss/articles/CBMimwFBVV95cUxOa2tKYXV6amZmNkJiOTZGYVhXVVhKQjUxZ29jWXRoSmVvOFNKMHVJVnFFaF9Ea0U0OTZKaVNiTGRnV0hfbkl6MTVEbkg5N096MndjZXVHelJnbjdMaENudlhHbE5HbUZ0TG91UlJobFR5VThTZEJZeVJ1WnZFeU9kcFV0OXpvMDVkSkM4NzJZakVFTU9xdElHU1pnOA?oc=5
RSS_CBMiqgFBVV95cUxOa0tYZzBLNzRJby1tdnNFQTJ5WllfZDVQSmZ5NllHMW5hUFFiRWxHZnBEaC1VdHMyNWZmZHo2eFpJaExHZUN5SWg0VXRaMmVvaFZMVFhwX2FXVnBVRTdONExNS1dqTlV5MmRFM1oyRW5fNm1xbzlkNTdLU0xvU09jU0F1ckZRdGZRMXhKNmltMDA5T3l0b0liTV9CZUh2QUVMYmV2ZXY2eHE5dw,r/HomeImprovement,Anchor,Homebuilder / Designer,4,Alternatives for a drywall anchor for 5/16” screw hanger - Reddit,https://news.google.com/rss/articles/CBMiqgFBVV95cUxOa0tYZzBLNzRJby1tdnNFQTJ5WllfZDVQSmZ5NllHMW5hUFFiRWxHZnBEaC1VdHMyNWZmZHo2eFpJaExHZUN5SWg0VXRaMmVvaFZMVFhwX2FXVnBVRTdONExNS1dqTlV5MmRFM1oyRW5fNm1xbzlkNTdLU0xvU09jU0F1ckZRdGZRMXhKNmltMDA5T3l0b0liTV9CZUh2QUVMYmV2ZXY2eHE5dw?oc=5
RSS_CBMilAFBVV95cUxNTmhxVG9aeTA4R2J3ZFpLSHlMNEJtZHVQeURueXYtYkViSUQyZHpSYkRWZHlQX1ZxbjZ4UV94WEtfQUZxMnFKZTFpNFRiR1pQRlh6ME5LamgtOW9mSE5Wc0QzRjNENUtxYVNmMi1qQWpaYk5hZkQwMTl2ak9LdXZPRms4SnhoWEZ3c0dpTEVpX0Mtbi05,r/HomeImprovement,Anchor,Homebuilder / Designer,4,Sail shade anchor point guidance - Reddit,https://news.google.com/rss/articles/CBMilAFBVV95cUxNTmhxVG9aeTA4R2J3ZFpLSHlMNEJtZHVQeURueXYtYkViSUQyZHpSYkRWZHlQX1ZxbjZ4UV94WEtfQUZxMnFKZTFpNFRiR1pQRlh6ME5LamgtOW9mSE5Wc0QzRjNENUtxYVNmMi1qQWpaYk5hZkQwMTl2ak9LdXZPRms4SnhoWEZ3c0dpTEVpX0Mtbi05?oc=5
RSS_CBMirAFBVV95cUxPZjBxZ01pd2FPMURxSWV4WURGVFRnekJBRllXcmcyWnlCV3lnZVNnYnVlTnFhb3lzQWVxWmZFS211VHRlTGJ5cVBwN1VPS1FfR19CeW1YaHJNb0ViR3ljUjB5aFh1d3Bkd1FRNmFCVnZiUmJPdmhLVG5JV2YwTjhxczB4QVhQZlhBQW5pR3d2UHFHdzZYdGFITjljTHZwY0F0ZEIxYUJOLV9fTGVO,r/HomeImprovement,Anchor,Homebuilder / Designer,4,How to ensure metal post anchor results in a plum post? Decking footings advice. - Reddit,https://news.google.com/rss/articles/CBMirAFBVV95cUxPZjBxZ01pd2FPMURxSWV4WURGVFRnekJBRllXcmcyWnlCV3lnZVNnYnVlTnFhb3lzQWVxWmZFS211VHRlTGJ5cVBwN1VPS1FfR19CeW1YaHJNb0ViR3ljUjB5aFh1d3Bkd1FRNmFCVnZiUmJPdmhLVG5JV2YwTjhxczB4QVhQZlhBQW5pR3d2UHFHdzZYdGFITjljTHZwY0F0ZEIxYUJOLV9fTGVO?oc=5
RSS_CBMilgFBVV95cUxOU0xkM2EtY0Q3LXJDc2VKU1pmS19DOE5GazNTUWdPWnNlWEtNTS16b2dfOXd3STdSVHlsNkg2bHVLVFRpay12Rkp6U1hnRVEyc0tXR1I3b2NYYzlaS3dESmtKWG4zNG90MXZkV21icE1yVTNINVJ2dXJOaWFuR3FCNVZINnBacWE1amVNRVI1LU1FNzVNZ0E,r/HomeImprovement,Anchor,Homebuilder / Designer,4,Drywall anchors for smoke alarms - Reddit,https://news.google.com/rss/articles/CBMilgFBVV95cUxOU0xkM2EtY0Q3LXJDc2VKU1pmS19DOE5GazNTUWdPWnNlWEtNTS16b2dfOXd3STdSVHlsNkg2bHVLVFRpay12Rkp6U1hnRVEyc0tXR1I3b2NYYzlaS3dESmtKWG4zNG90MXZkV21icE1yVTNINVJ2dXJOaWFuR3FCNVZINnBacWE1amVNRVI1LU1FNzVNZ0E?oc=5
RSS_CBMiqAFBVV95cUxNUUxoTURteENuQUFtUlhEU0xwRlEtc3ItaDV2b0QtSXFPQTdGb1dUaGkyWEp5T2ExZ1MwMUx6c3V1aVdMb18xQjVYRkVHWEpOb2poc09sSVA2c01NOTlNUWlpRXlMS3B3ZFpmUnVXbGctWGtXMkpXRGlkYXJvVndySU9Jcm96bjRWbWtMRGZTS21LRmRqcXNJQ3g3VEQxNnlMME15dV9MSmU,r/HomeImprovement,Anchor,Homebuilder / Designer,4,What kind of wall anchor for this toilet paper roll holder that fell off? - Reddit,https://news.google.com/rss/articles/CBMiqAFBVV95cUxNUUxoTURteENuQUFtUlhEU0xwRlEtc3ItaDV2b0QtSXFPQTdGb1dUaGkyWEp5T2ExZ1MwMUx6c3V1aVdMb18xQjVYRkVHWEpOb2poc09sSVA2c01NOTlNUWlpRXlMS3B3ZFpmUnVXbGctWGtXMkpXRGlkYXJvVndySU9Jcm96bjRWbWtMRGZTS21LRmRqcXNJQ3g3VEQxNnlMME15dV9MSmU?oc=5
RSS_CBMipgFBVV95cUxPOU0xMTVZVWRmVFgzaEtudXEyWXlMOTFXMXVYaC1yczZyRUc0ZGliU1RLZWpHSjQ2bGtLTzUtRWdTRXl6VV90ZHhkRFJNajVUblJURElEWE1SUUdJNmQ2TzlUcFZLbW5Wd0Rrekp6bWtfRDZDai0temtDeGM3TTFYeDVERVBSYXlOVk1pWlJ6R01CV3M0Z0lPY3FVemNTM01Uei0xS2hR,r/HomeImprovement,Anchor,Homebuilder / Designer,4,"Carbon fiber wall straps, questionable anchor system - Reddit",https://news.google.com/rss/articles/CBMipgFBVV95cUxPOU0xMTVZVWRmVFgzaEtudXEyWXlMOTFXMXVYaC1yczZyRUc0ZGliU1RLZWpHSjQ2bGtLTzUtRWdTRXl6VV90ZHhkRFJNajVUblJURElEWE1SUUdJNmQ2TzlUcFZLbW5Wd0Rrekp6bWtfRDZDai0temtDeGM3TTFYeDVERVBSYXlOVk1pWlJ6R01CV3M0Z0lPY3FVemNTM01Uei0xS2hR?oc=5
